ISO-10303-21;
HEADER;
FILE_DESCRIPTION (( 'STEP AP214' ),
    '1' );
FILE_NAME ('TEAX19C01-8 Space Model.STEP',
    '2024-12-13T01:25:13',
    ( '' ),
    ( '' ),
    'SwSTEP 2.0',
    'SolidWorks 2023',
    '' );
FILE_SCHEMA (( 'AUTOMOTIVE_DESIGN' ));
ENDSEC;

DATA;
#1 = DIRECTION ( 'NONE',  ( 0.9820588696906381587, 0.000000000000000000, -0.1885745912416260939 ) ) ;
#2 = EDGE_CURVE ( 'NONE', #3143, #4107, #6441, .T. ) ;
#3 = CARTESIAN_POINT ( 'NONE',  ( 9.778541063641521092, 11.77999999999999936, 1.839194026381274050 ) ) ;
#4 = CARTESIAN_POINT ( 'NONE',  ( -4.321208766340709495, 7.000000000000000000, 20.12537257916093125 ) ) ;
#5 = CARTESIAN_POINT ( 'NONE',  ( 8.186304456623528125, 10.81999999999999851, 3.974219337614097292 ) ) ;
#6 = LINE ( 'NONE', #5030, #2271 ) ;
#7 = VERTEX_POINT ( 'NONE', #3188 ) ;
#8 = CARTESIAN_POINT ( 'NONE',  ( 7.210290023541077176, 8.313406783561621438, 6.834802591280055850 ) ) ;
#9 = ORIENTED_EDGE ( 'NONE', *, *, #8105, .F. ) ;
#10 = DIRECTION ( 'NONE',  ( 0.000000000000000000, 1.000000000000000000, 0.000000000000000000 ) ) ;
#11 = ORIENTED_EDGE ( 'NONE', *, *, #5225, .T. ) ;
#12 = CARTESIAN_POINT ( 'NONE',  ( 6.843683328181176861, 11.77999999999999936, -7.250165412152675515 ) ) ;
#13 = EDGE_CURVE ( 'NONE', #4498, #726, #7836, .T. ) ;
#14 = FACE_OUTER_BOUND ( 'NONE', #4414, .T. ) ;
#15 = CARTESIAN_POINT ( 'NONE',  ( -6.963490555148108996, 6.000000000000000000, 18.06350296751444517 ) ) ;
#16 = CARTESIAN_POINT ( 'NONE',  ( 1.270000000000081952, 0.000000000000000000, 9.848451654955704626 ) ) ;
#17 = PRESENTATION_STYLE_ASSIGNMENT (( #711 ) ) ;
#18 = CARTESIAN_POINT ( 'NONE',  ( 6.701153671306497195, 10.24224334260373759, 7.142477568211334393 ) ) ;
#19 = FACE_OUTER_BOUND ( 'NONE', #1504, .T. ) ;
#20 = CARTESIAN_POINT ( 'NONE',  ( 7.167229867824347345, 6.000000000000000000, 20.31138498235894119 ) ) ;
#21 = EDGE_LOOP ( 'NONE', ( #5353, #3146, #5862, #2650 ) ) ;
#22 = CARTESIAN_POINT ( 'NONE',  ( -7.363483996633723550, 6.800000000000000711, 18.71938669033812630 ) ) ;
#23 = FACE_OUTER_BOUND ( 'NONE', #1710, .T. ) ;
#24 = CARTESIAN_POINT ( 'NONE',  ( 8.904288649584227500, 11.79569196017576793, 4.199722873462891748 ) ) ;
#25 = CARTESIAN_POINT ( 'NONE',  ( -6.505213034913026604E-16, 6.000000000000000000, -4.995798655503515207 ) ) ;
#26 = CIRCLE ( 'NONE', #7400, 0.01999999999999966388 ) ;
#27 = CARTESIAN_POINT ( 'NONE',  ( 2.385244779468109755E-15, 4.100000000000000533, 19.94999999999999574 ) ) ;
#28 = CARTESIAN_POINT ( 'NONE',  ( 6.280309829854982873, 10.01444651094300475, 7.408629886610246906 ) ) ;
#29 = FACE_OUTER_BOUND ( 'NONE', #7956, .T. ) ;
#30 = EDGE_CURVE ( 'NONE', #165, #956, #2440, .T. ) ;
#31 = ORIENTED_EDGE ( 'NONE', *, *, #6795, .T. ) ;
#32 = ORIENTED_EDGE ( 'NONE', *, *, #630, .F. ) ;
#33 = AXIS2_PLACEMENT_3D ( 'NONE', #1366, #1860, #5114 ) ;
#34 = AXIS2_PLACEMENT_3D ( 'NONE', #981, #6629, #5929 ) ;
#35 = CARTESIAN_POINT ( 'NONE',  ( 5.399669239388104280, 7.244562102420259997, 18.60137399429099148 ) ) ;
#36 = CARTESIAN_POINT ( 'NONE',  ( 7.232831945748592339, 8.599999999999999645, 6.808781967098552990 ) ) ;
#37 = CARTESIAN_POINT ( 'NONE',  ( -4.186152281516960727, 5.848754759715922624, 20.01453396419615061 ) ) ;
#38 = CARTESIAN_POINT ( 'NONE',  ( 6.749830094322608609, 11.78867920919396362, -7.166855603496373739 ) ) ;
#39 = AXIS2_PLACEMENT_3D ( 'NONE', #4874, #1161, #3565 ) ;
#40 = AXIS2_PLACEMENT_3D ( 'NONE', #3929, #2698, #2082 ) ;
#41 = EDGE_CURVE ( 'NONE', #3569, #4538, #2119, .T. ) ;
#42 = EDGE_CURVE ( 'NONE', #3190, #7547, #3507, .T. ) ;
#43 = ORIENTED_EDGE ( 'NONE', *, *, #1296, .T. ) ;
#44 = VERTEX_POINT ( 'NONE', #3061 ) ;
#45 = CARTESIAN_POINT ( 'NONE',  ( 5.683323943362269759, 7.027104097607860034, 17.73388619077264039 ) ) ;
#46 = DIRECTION ( 'NONE',  ( 0.000000000000000000, 1.000000000000000000, 0.000000000000000000 ) ) ;
#47 = DIRECTION ( 'NONE',  ( 0.000000000000000000, 1.000000000000000000, 0.000000000000000000 ) ) ;
#48 = CARTESIAN_POINT ( 'NONE',  ( 0.000000000000000000, 11.79999999999999716, 0.000000000000000000 ) ) ;
#49 = CARTESIAN_POINT ( 'NONE',  ( 6.650376399477492484, 5.637330250314876778, 19.93494910444471913 ) ) ;
#50 = ORIENTED_EDGE ( 'NONE', *, *, #7444, .F. ) ;
#51 = CARTESIAN_POINT ( 'NONE',  ( -6.515052400012061540, 6.980000000000000426, 20.45037550259742787 ) ) ;
#52 = EDGE_CURVE ( 'NONE', #1118, #1118, #2974, .T. ) ;
#53 = CARTESIAN_POINT ( 'NONE',  ( 0.000000000000000000, 4.000000000000000000, 0.000000000000000000 ) ) ;
#54 = ORIENTED_EDGE ( 'NONE', *, *, #5633, .F. ) ;
#55 = DIRECTION ( 'NONE',  ( 0.9510565162951545304, -0.000000000000000000, 0.3090169943749447867 ) ) ;
#56 = ORIENTED_EDGE ( 'NONE', *, *, #3114, .T. ) ;
#57 = CARTESIAN_POINT ( 'NONE',  ( -5.799282471249000537, 6.750000000000000888, 21.67682676946077081 ) ) ;
#58 = CARTESIAN_POINT ( 'NONE',  ( -5.220793806291537997, 7.300460210111340054, 18.68500123143561709 ) ) ;
#59 = CARTESIAN_POINT ( 'NONE',  ( -7.125534532833265544, 6.000000000000000000, 18.28938207019237794 ) ) ;
#60 = CARTESIAN_POINT ( 'NONE',  ( -4.119256819068647602, 6.968894467150534844, 19.80177759349076183 ) ) ;
#61 = CARTESIAN_POINT ( 'NONE',  ( 2.385244779468109755E-15, 3.799999999999999822, 19.94999999999999574 ) ) ;
#62 = CARTESIAN_POINT ( 'NONE',  ( 6.403951109970755340, 10.04373308501189399, 7.372100894781084435 ) ) ;
#63 = CARTESIAN_POINT ( 'NONE',  ( -7.121716528286467174, 8.449594791650518744, 6.797471981832102550 ) ) ;
#64 = VECTOR ( 'NONE', #6062, 1000.000000000000000 ) ;
#65 = CARTESIAN_POINT ( 'NONE',  ( 6.289747208002461676, 6.000000000000000000, 21.00621080382980921 ) ) ;
#66 = VERTEX_POINT ( 'NONE', #5771 ) ;
#67 = DIRECTION ( 'NONE',  ( 0.000000000000000000, 0.000000000000000000, -1.000000000000000000 ) ) ;
#68 = AXIS2_PLACEMENT_3D ( 'NONE', #8023, #4968, #8099 ) ;
#69 = CARTESIAN_POINT ( 'NONE',  ( 0.000000000000000000, 11.79999999999999716, 0.000000000000000000 ) ) ;
#70 = DIRECTION ( 'NONE',  ( 0.7957652306173444989, 0.000000000000000000, -0.6056052325901125633 ) ) ;
#71 = DIRECTION ( 'NONE',  ( -0.000000000000000000, 1.000000000000000000, -0.000000000000000000 ) ) ;
#72 = LINE ( 'NONE', #1391, #5194 ) ;
#73 = CARTESIAN_POINT ( 'NONE',  ( 0.000000000000000000, 10.81999999999999851, 0.000000000000000000 ) ) ;
#74 = AXIS2_PLACEMENT_3D ( 'NONE', #6288, #5798, #3159 ) ;
#75 = VERTEX_POINT ( 'NONE', #820 ) ;
#76 = ORIENTED_EDGE ( 'NONE', *, *, #1197, .F. ) ;
#77 = CARTESIAN_POINT ( 'NONE',  ( 5.195854012807963329, 7.243539798683516828, 18.38606219793908281 ) ) ;
#78 = CARTESIAN_POINT ( 'NONE',  ( 8.386314431111948409, 6.113210739372478386, 5.200189224940017674 ) ) ;
#79 = DIRECTION ( 'NONE',  ( 0.9510565162951404306, 0.000000000000000000, 0.3090169943749879189 ) ) ;
#80 = TOROIDAL_SURFACE ( 'NONE', #2329, 9.930000000000001492, 0.02000000000000000042 ) ;
#81 = EDGE_CURVE ( 'NONE', #4371, #7, #5852, .T. ) ;
#82 = DIRECTION ( 'NONE',  ( 0.000000000000000000, 0.000000000000000000, 1.000000000000000000 ) ) ;
#83 = ORIENTED_EDGE ( 'NONE', *, *, #81, .T. ) ;
#84 = CARTESIAN_POINT ( 'NONE',  ( 7.966463989216650887, 6.607770014824397187, 19.89788657724593079 ) ) ;
#85 = CARTESIAN_POINT ( 'NONE',  ( -5.164405523443958757, 9.762557220587321893, 11.76920872228079062 ) ) ;
#86 = CARTESIAN_POINT ( 'NONE',  ( 0.000000000000000000, 11.79999999999999716, 0.000000000000000000 ) ) ;
#87 = EDGE_CURVE ( 'NONE', #7572, #3143, #2138, .T. ) ;
#88 = DIRECTION ( 'NONE',  ( 0.000000000000000000, -1.000000000000000000, 0.000000000000000000 ) ) ;
#89 = CARTESIAN_POINT ( 'NONE',  ( 7.808335643263443870, 6.109105881770758195, 19.12395961024878588 ) ) ;
#90 = AXIS2_PLACEMENT_3D ( 'NONE', #6330, #1881, #8139 ) ;
#91 = ORIENTED_EDGE ( 'NONE', *, *, #6604, .T. ) ;
#92 = AXIS2_PLACEMENT_3D ( 'NONE', #3965, #4623, #7141 ) ;
#93 = FACE_OUTER_BOUND ( 'NONE', #21, .T. ) ;
#94 = DIRECTION ( 'NONE',  ( 1.297293286543607101E-16, 0.000000000000000000, 1.000000000000000000 ) ) ;
#95 = VERTEX_POINT ( 'NONE', #4606 ) ;
#96 = CYLINDRICAL_SURFACE ( 'NONE', #6927, 0.01999999999999965347 ) ;
#97 = ORIENTED_EDGE ( 'NONE', *, *, #2173, .F. ) ;
#98 = CARTESIAN_POINT ( 'NONE',  ( -6.751183836619019552, 11.77999999999999936, -7.165580353619245280 ) ) ;
#99 = DIRECTION ( 'NONE',  ( -0.2124606260634139265, 0.000000000000000000, 0.9771696282492319252 ) ) ;
#100 = CIRCLE ( 'NONE', #6148, 16.25000000000000000 ) ;
#101 = EDGE_CURVE ( 'NONE', #7799, #1533, #1778, .T. ) ;
#102 = CARTESIAN_POINT ( 'NONE',  ( -6.083458141659806806, 6.000000000000000000, 17.38314050648380515 ) ) ;
#103 = ADVANCED_FACE ( 'NONE', ( #242 ), #7968, .T. ) ;
#104 = DIRECTION ( 'NONE',  ( -0.000000000000000000, -1.000000000000000000, -0.000000000000000000 ) ) ;
#105 = DIRECTION ( 'NONE',  ( 0.000000000000000000, 0.000000000000000000, -1.000000000000000000 ) ) ;
#106 = CARTESIAN_POINT ( 'NONE',  ( 7.132993203595812126, 9.379857044701648050, 7.000170732490571091 ) ) ;
#107 = CARTESIAN_POINT ( 'NONE',  ( -3.781316359474293787, 5.800000000000000711, 18.50366573440388507 ) ) ;
#108 = CIRCLE ( 'NONE', #4049, 0.02000000000000034736 ) ;
#109 = CARTESIAN_POINT ( 'NONE',  ( 7.496419548033762759, 6.000000000000000000, 19.15493189737793500 ) ) ;
#110 = ORIENTED_EDGE ( 'NONE', *, *, #3863, .F. ) ;
#111 = CARTESIAN_POINT ( 'NONE',  ( 0.000000000000000000, 11.81999999999999673, 0.000000000000000000 ) ) ;
#112 = AXIS2_PLACEMENT_3D ( 'NONE', #656, #6843, #3747 ) ;
#113 = AXIS2_PLACEMENT_3D ( 'NONE', #16, #3846, #6363 ) ;
#114 = EDGE_CURVE ( 'NONE', #2813, #3483, #6254, .T. ) ;
#115 = PLANE ( 'NONE',  #1802 ) ;
#116 = DIRECTION ( 'NONE',  ( 0.000000000000000000, 0.000000000000000000, -1.000000000000000000 ) ) ;
#117 = DIRECTION ( 'NONE',  ( 0.000000000000000000, -0.000000000000000000, 1.000000000000000000 ) ) ;
#118 = CARTESIAN_POINT ( 'NONE',  ( 6.630510726700090451, 10.06912725075160786, 7.277534640315863612 ) ) ;
#119 = AXIS2_PLACEMENT_3D ( 'NONE', #5609, #4913, #5569 ) ;
#120 = CARTESIAN_POINT ( 'NONE',  ( -7.209071364551865813, 9.245939439963818174, 6.705006932469122383 ) ) ;
#121 = ORIENTED_EDGE ( 'NONE', *, *, #2465, .T. ) ;
#122 = CARTESIAN_POINT ( 'NONE',  ( 5.104774034732316501, 8.695077545781551009, 15.49954712891850583 ) ) ;
#123 = CARTESIAN_POINT ( 'NONE',  ( 7.361344734605071771, 7.380807280535674586, 6.400928487710660697 ) ) ;
#124 = DIRECTION ( 'NONE',  ( -0.9820588696906382697, 0.000000000000000000, -0.1885745912416255110 ) ) ;
#125 = CARTESIAN_POINT ( 'NONE',  ( -7.173608618316896113, 9.394844108445802533, 6.958652526916694114 ) ) ;
#126 = ORIENTED_EDGE ( 'NONE', *, *, #7256, .T. ) ;
#127 = CARTESIAN_POINT ( 'NONE',  ( 6.550111688072401961, 6.773054638240784797, 20.88979185825027329 ) ) ;
#128 = CARTESIAN_POINT ( 'NONE',  ( -4.465092035840834583, 10.79999999999999893, 3.985018898156889922 ) ) ;
#129 = CARTESIAN_POINT ( 'NONE',  ( 6.548949963266756491, 6.803739561764111876, 20.82282874969105535 ) ) ;
#130 = CARTESIAN_POINT ( 'NONE',  ( -8.893442123843566804, 10.79999999999999893, 4.222643407654268266 ) ) ;
#131 = CARTESIAN_POINT ( 'NONE',  ( 4.255995959971280662, 5.678703261962604998, 19.70197337236568913 ) ) ;
#132 = ORIENTED_EDGE ( 'NONE', *, *, #1363, .F. ) ;
#133 = DIRECTION ( 'NONE',  ( -0.000000000000000000, -1.000000000000000000, -0.000000000000000000 ) ) ;
#134 = DIRECTION ( 'NONE',  ( 1.000000000000000000, 0.000000000000000000, -0.000000000000000000 ) ) ;
#135 = VERTEX_POINT ( 'NONE', #4028 ) ;
#136 = ORIENTED_EDGE ( 'NONE', *, *, #589, .T. ) ;
#137 = CARTESIAN_POINT ( 'NONE',  ( -6.751516437122500491, 10.81576612122985814, -7.165266973342557577 ) ) ;
#139 = EDGE_CURVE ( 'NONE', #4331, #4660, #4540, .T. ) ;
#138 = ORIENTED_EDGE ( 'NONE', *, *, #7110, .F. ) ;
#140 = FACE_OUTER_BOUND ( 'NONE', #1691, .T. ) ;
#141 = CARTESIAN_POINT ( 'NONE',  ( -5.763822185168407941, 6.000000000000000000, 17.28786011107565912 ) ) ;
#142 = DIRECTION ( 'NONE',  ( -0.000000000000000000, -1.000000000000000000, -0.000000000000000000 ) ) ;
#143 = CARTESIAN_POINT ( 'NONE',  ( 7.189945764936561012, 9.726372405384731579, 7.095263071436258784 ) ) ;
#144 = VERTEX_POINT ( 'NONE', #7205 ) ;
#145 = CARTESIAN_POINT ( 'NONE',  ( -4.735185671596788382, 11.79569196017576793, -8.631456726677507518 ) ) ;
#146 = ADVANCED_FACE ( 'NONE', ( #1562 ), #5354, .T. ) ;
#148 = ADVANCED_FACE ( 'NONE', ( #324 ), #7980, .T. ) ;
#147 = ORIENTED_EDGE ( 'NONE', *, *, #2561, .T. ) ;
#149 = CARTESIAN_POINT ( 'NONE',  ( 6.300793783511504209, 6.000000000000000000, 17.48581724316577635 ) ) ;
#150 = ORIENTED_EDGE ( 'NONE', *, *, #1357, .F. ) ;
#151 = DIRECTION ( 'NONE',  ( 0.8090169943749211390, 0.000000000000000000, -0.5877852522925093304 ) ) ;
#152 = CARTESIAN_POINT ( 'NONE',  ( -2.499999999999958256, 4.100000000000000533, 22.89999999999999503 ) ) ;
#153 = CARTESIAN_POINT ( 'NONE',  ( 2.584705882352905437, 4.100000000000000533, 16.70117647058824062 ) ) ;
#154 = CARTESIAN_POINT ( 'NONE',  ( -6.424821642706378455, 7.000000000000000000, 23.57836966310849292 ) ) ;
#155 = CARTESIAN_POINT ( 'NONE',  ( 6.751183836618919187, 10.81777505168941111, -7.165580353619344756 ) ) ;
#156 = CARTESIAN_POINT ( 'NONE',  ( -5.299999999999995381, 7.000000000000000000, 19.38047814307508077 ) ) ;
#157 = DIRECTION ( 'NONE',  ( -0.000000000000000000, -1.000000000000000000, -0.000000000000000000 ) ) ;
#158 = EDGE_CURVE ( 'NONE', #4538, #4787, #3491, .T. ) ;
#159 = ORIENTED_EDGE ( 'NONE', *, *, #716, .T. ) ;
#160 = CARTESIAN_POINT ( 'NONE',  ( 5.194540435250378785, 7.957778133151585997, 15.88774176287582662 ) ) ;
#161 = CARTESIAN_POINT ( 'NONE',  ( 7.128760313334218779, 8.400485256908226006, 6.912854982492914857 ) ) ;
#162 = CIRCLE ( 'NONE', #4764, 0.8999999999999999112 ) ;
#163 = CARTESIAN_POINT ( 'NONE',  ( 5.130294372515040280, 5.800000000000000711, 19.67441691220900779 ) ) ;
#164 = CARTESIAN_POINT ( 'NONE',  ( -7.156618968127529179, 10.05886160031773358, 6.921429778054739579 ) ) ;
#165 = VERTEX_POINT ( 'NONE', #2304 ) ;
#166 = VECTOR ( 'NONE', #5649, 1000.000000000000000 ) ;
#167 = CARTESIAN_POINT ( 'NONE',  ( 5.224034553993683438, 7.551048615621938076, 18.99627194630321370 ) ) ;
#168 = CARTESIAN_POINT ( 'NONE',  ( -5.179805995492297477, 7.442173881389646972, 18.40551656082277887 ) ) ;
#169 = B_SPLINE_SURFACE_WITH_KNOTS ( 'NONE', 5, 5, ( 
 ( #6516, #2688, #5813, #5857, #3395, #4656, #1529, #7052, #5938, #291, #7670, #5197 ),
 ( #2071, #6475, #4574, #7095, #6019, #3020, #3518, #4119, #6637, #5479, #7296, #6758 ),
 ( #5365, #418, #4823, #6677, #7524, #7338, #1616, #2905, #2861, #4742, #7879, #7258 ),
 ( #1732, #6097, #490, #454, #2980, #2940, #2236, #992, #3632, #7993, #5443, #5013 ),
 ( #7953, #2358, #5404, #5630, #6136, #8142, #380, #7915, #4158, #4200, #2316, #2506 ),
 ( #2276, #4783, #6061, #4081, #3592, #1652, #1695, #1034, #3557, #948, #6719, #4235 ) ),
 .UNSPECIFIED., .F., .F., .F.,
 ( 6, 6 ),
 ( 6, 3, 3, 6 ),
 ( -1.806445612144857327, 2.046366572360558855 ),
 ( -1.961932790050075370, -0.4885171490032205188, 0.2974562075680211581, 1.869402920710504068 ),
 .UNSPECIFIED. ) ;
#170 = CARTESIAN_POINT ( 'NONE',  ( 6.546288832764213694, 6.801473634311375527, 20.82954128822445838 ) ) ;
#171 = CARTESIAN_POINT ( 'NONE',  ( 0.6570922415819607787, 6.820000000000000284, 22.91389368417637940 ) ) ;
#172 = AXIS2_PLACEMENT_3D ( 'NONE', #7228, #2989, #3525 ) ;
#173 = DIRECTION ( 'NONE',  ( 0.000000000000000000, 0.000000000000000000, -1.000000000000000000 ) ) ;
#174 = ORIENTED_EDGE ( 'NONE', *, *, #1554, .F. ) ;
#175 = DIRECTION ( 'NONE',  ( -0.000000000000000000, -1.000000000000000000, -0.000000000000000000 ) ) ;
#176 = DIRECTION ( 'NONE',  ( 0.8090169943749211390, 0.000000000000000000, -0.5877852522925093304 ) ) ;
#177 = ORIENTED_EDGE ( 'NONE', *, *, #5145, .T. ) ;
#178 = CARTESIAN_POINT ( 'NONE',  ( -6.765847160977648933, 10.79999999999999893, -7.151736655826383071 ) ) ;
#179 = ORIENTED_EDGE ( 'NONE', *, *, #7198, .T. ) ;
#180 = CIRCLE ( 'NONE', #1633, 0.1000000000000010464 ) ;
#181 = CARTESIAN_POINT ( 'NONE',  ( -8.901502808457957272, 11.78643072530284464, 4.205623970447372351 ) ) ;
#182 = DIRECTION ( 'NONE',  ( 0.000000000000000000, 0.000000000000000000, -1.000000000000000000 ) ) ;
#183 = CARTESIAN_POINT ( 'NONE',  ( -7.474565195893672964, 6.000000000000000000, 19.82109241112802422 ) ) ;
#184 = CARTESIAN_POINT ( 'NONE',  ( -6.462191059488580080, 6.124022195230331533, 17.20188715997615958 ) ) ;
#185 = CARTESIAN_POINT ( 'NONE',  ( 6.663312708317899791, 9.074477550202477261, 7.107307067623334973 ) ) ;
#186 = ADVANCED_FACE ( 'NONE', ( #6784, #4852 ), #1065, .T. ) ;
#187 = ORIENTED_EDGE ( 'NONE', *, *, #5190, .T. ) ;
#188 = CARTESIAN_POINT ( 'NONE',  ( 8.897911666499563665, 10.80430913857915165, 4.213216887758566287 ) ) ;
#189 = CARTESIAN_POINT ( 'NONE',  ( 6.604451392377183261, 6.000000000000000000, 17.68962397796949659 ) ) ;
#190 = ORIENTED_EDGE ( 'NONE', *, *, #1040, .T. ) ;
#191 = CARTESIAN_POINT ( 'NONE',  ( -5.270363205507501370, 6.800000000000000711, 17.28927323539523542 ) ) ;
#192 = CARTESIAN_POINT ( 'NONE',  ( -8.986343218782158360, 11.79999999999999716, 4.213138444704608965 ) ) ;
#193 = FACE_OUTER_BOUND ( 'NONE', #1547, .T. ) ;
#194 = CARTESIAN_POINT ( 'NONE',  ( -2.499999999999959144, -4.348755257721902190, 16.71406593262094731 ) ) ;
#195 = ADVANCED_FACE ( 'NONE', ( #1100 ), #7369, .T. ) ;
#196 = CARTESIAN_POINT ( 'NONE',  ( -9.758885704719602927, 0.000000000000000000, 1.835497153966576533 ) ) ;
#197 = VECTOR ( 'NONE', #2590, 1000.000000000000000 ) ;
#198 = CARTESIAN_POINT ( 'NONE',  ( 2.399999999999961275, 5.899999999999999467, -2.503776043029156214E-15 ) ) ;
#199 = AXIS2_PLACEMENT_3D ( 'NONE', #2425, #4930, #2346 ) ;
#200 = DIRECTION ( 'NONE',  ( 0.000000000000000000, 1.000000000000000000, 0.000000000000000000 ) ) ;
#201 = ORIENTED_EDGE ( 'NONE', *, *, #7300, .F. ) ;
#202 = CARTESIAN_POINT ( 'NONE',  ( 5.314742971792448145, 7.696018059667760092, 17.34104580295396048 ) ) ;
#203 = CARTESIAN_POINT ( 'NONE',  ( 7.753843241536011455, 6.938501082674070730, 6.039065589864645922 ) ) ;
#204 = CARTESIAN_POINT ( 'NONE',  ( -4.164368546225965417, 5.839926581748345669, 19.93323595731152054 ) ) ;
#205 = ADVANCED_FACE ( 'NONE', ( #4303 ), #4190, .F. ) ;
#206 = EDGE_CURVE ( 'NONE', #2729, #5995, #3371, .T. ) ;
#207 = CARTESIAN_POINT ( 'NONE',  ( -7.389680740705400375, 9.262927503019991349, 6.252808038717889261 ) ) ;
#208 = VERTEX_POINT ( 'NONE', #1841 ) ;
#209 = LINE ( 'NONE', #5238, #3512 ) ;
#210 = CARTESIAN_POINT ( 'NONE',  ( -5.128855848827961417, 7.490756646065496405, 17.28169749653307363 ) ) ;
#211 = AXIS2_PLACEMENT_3D ( 'NONE', #3780, #2513, #6220 ) ;
#212 = CARTESIAN_POINT ( 'NONE',  ( 6.541340987399432372, 6.799999999999998934, 20.83620828294929339 ) ) ;
#213 = LINE ( 'NONE', #3997, #7005 ) ;
#214 = PLANE ( 'NONE',  #5298 ) ;
#215 = VERTEX_POINT ( 'NONE', #4225 ) ;
#216 = CARTESIAN_POINT ( 'NONE',  ( -5.130294372515036727, 5.800000000000000711, 19.67441691220900779 ) ) ;
#217 = CIRCLE ( 'NONE', #732, 0.02000000000000034736 ) ;
#218 = LINE ( 'NONE', #6520, #3549 ) ;
#219 = ORIENTED_EDGE ( 'NONE', *, *, #3865, .T. ) ;
#220 = ORIENTED_EDGE ( 'NONE', *, *, #3609, .T. ) ;
#221 = DIRECTION ( 'NONE',  ( 0.000000000000000000, 1.000000000000000000, 0.000000000000000000 ) ) ;
#222 = CARTESIAN_POINT ( 'NONE',  ( -8.901298016328341944, 11.78423760195580527, 4.206057372946546025 ) ) ;
#223 = CARTESIAN_POINT ( 'NONE',  ( -4.577477810526519697, 5.800000000000003375, 20.40473260212813145 ) ) ;
#224 = CARTESIAN_POINT ( 'NONE',  ( -6.880523591904942116, 6.000000000000000000, 20.58120958045470061 ) ) ;
#225 = EDGE_CURVE ( 'NONE', #5448, #5448, #4399, .T. ) ;
#226 = CARTESIAN_POINT ( 'NONE',  ( -4.789583262908868377, 5.632339245936291761, 18.37331642937026999 ) ) ;
#227 = CYLINDRICAL_SURFACE ( 'NONE', #5723, 0.02000000000000034042 ) ;
#228 = ORIENTED_EDGE ( 'NONE', *, *, #8094, .F. ) ;
#229 = CARTESIAN_POINT ( 'NONE',  ( 8.900937898767908862, 10.81551943269443683, 4.206819471515182762 ) ) ;
#230 = ORIENTED_EDGE ( 'NONE', *, *, #6684, .T. ) ;
#231 = AXIS2_PLACEMENT_3D ( 'NONE', #198, #5224, #4729 ) ;
#232 = CARTESIAN_POINT ( 'NONE',  ( 4.641371879027290426, 6.000000000000000000, 17.59047424046040220 ) ) ;
#233 = ORIENTED_EDGE ( 'NONE', *, *, #3281, .F. ) ;
#234 = CARTESIAN_POINT ( 'NONE',  ( -3.952597480080582315, 6.800000000000000711, 18.18542496637230599 ) ) ;
#235 = CARTESIAN_POINT ( 'NONE',  ( 5.309596136520894127, 7.335973941154754208, 18.80555947608376144 ) ) ;
#236 = CARTESIAN_POINT ( 'NONE',  ( -8.459196208337713685, 6.185324241745630225, 4.883919208011619162 ) ) ;
#237 = DIRECTION ( 'NONE',  ( 0.000000000000000000, -1.000000000000000000, 0.000000000000000000 ) ) ;
#238 = AXIS2_PLACEMENT_3D ( 'NONE', #2536, #3765, #7027 ) ;
#239 = CARTESIAN_POINT ( 'NONE',  ( 9.758885704719627796, 10.81999999999999851, 1.835497153966437756 ) ) ;
#240 = PLANE ( 'NONE',  #6825 ) ;
#241 = ORIENTED_EDGE ( 'NONE', *, *, #6448, .T. ) ;
#242 = FACE_OUTER_BOUND ( 'NONE', #3912, .T. ) ;
#243 = EDGE_CURVE ( 'NONE', #4287, #1385, #7566, .T. ) ;
#244 = CARTESIAN_POINT ( 'NONE',  ( -5.339095724553754252, 7.329268343501959215, 18.76060848996732489 ) ) ;
#245 = CARTESIAN_POINT ( 'NONE',  ( 7.474708251964941041, 7.713071519093571027, 6.649904047259957096 ) ) ;
#246 = CARTESIAN_POINT ( 'NONE',  ( -6.505213034913026604E-16, 6.000000000000000000, -4.995798655503515207 ) ) ;
#247 = CIRCLE ( 'NONE', #3135, 0.02000000000000005246 ) ;
#248 = CARTESIAN_POINT ( 'NONE',  ( -7.077265866154194285, 9.113325146961804180, 6.760950216820742931 ) ) ;
#249 = ORIENTED_EDGE ( 'NONE', *, *, #7339, .T. ) ;
#250 = EDGE_CURVE ( 'NONE', #6761, #5666, #7484, .T. ) ;
#251 = AXIS2_PLACEMENT_3D ( 'NONE', #993, #2277, #7220 ) ;
#252 = EDGE_CURVE ( 'NONE', #6753, #2526, #4929, .T. ) ;
#253 = CARTESIAN_POINT ( 'NONE',  ( 4.443033279308124861, 7.050214599817581806, 20.48396020443144039 ) ) ;
#254 = CARTESIAN_POINT ( 'NONE',  ( -5.364073738730264829, 7.512000447478587084, 18.02898320622187356 ) ) ;
#255 = DIRECTION ( 'NONE',  ( 0.000000000000000000, 1.000000000000000000, 0.000000000000000000 ) ) ;
#256 = DIRECTION ( 'NONE',  ( 0.000000000000000000, 0.000000000000000000, 1.000000000000000000 ) ) ;
#257 = CARTESIAN_POINT ( 'NONE',  ( 4.777503397729564227, 15.12603551251024214, -8.702296322504910364 ) ) ;
#259 = CARTESIAN_POINT ( 'NONE',  ( -4.800717528750984009, 6.800000000000000711, 17.08412951668937652 ) ) ;
#258 = AXIS2_PLACEMENT_3D ( 'NONE', #3563, #1080, #3599 ) ;
#260 = EDGE_LOOP ( 'NONE', ( #5006, #1757, #506, #1138 ) ) ;
#261 = CARTESIAN_POINT ( 'NONE',  ( -5.211487537578541662, 6.820000000000000284, 23.43858651601436094 ) ) ;
#262 = VERTEX_POINT ( 'NONE', #3086 ) ;
#263 = CARTESIAN_POINT ( 'NONE',  ( -8.992057025490556299, 0.000000000000000000, 4.259743002849578630 ) ) ;
#264 = ADVANCED_FACE ( 'NONE', ( #5587, #6861 ), #5462, .F. ) ;
#265 = CARTESIAN_POINT ( 'NONE',  ( -6.751183836619066625, 11.78142075262612565, -7.165580353619204423 ) ) ;
#266 = CARTESIAN_POINT ( 'NONE',  ( 6.800045883667075408, 10.81999999999999851, -7.232833191773642589 ) ) ;
#267 = LINE ( 'NONE', #795, #1409 ) ;
#268 = CARTESIAN_POINT ( 'NONE',  ( -6.396257367953107398, 5.631204869911194066, 18.20301775193190608 ) ) ;
#269 = CARTESIAN_POINT ( 'NONE',  ( 1.232252081610093253, 11.79999999999999716, 9.767578254596276821 ) ) ;
#270 = ORIENTED_EDGE ( 'NONE', *, *, #4531, .F. ) ;
#271 = AXIS2_PLACEMENT_3D ( 'NONE', #7516, #1874, #4380 ) ;
#272 = DIRECTION ( 'NONE',  ( 1.000000000000000000, 0.000000000000000000, 0.000000000000000000 ) ) ;
#273 = CARTESIAN_POINT ( 'NONE',  ( 4.972988893496644636, 6.000000000000000000, 17.38852116294609829 ) ) ;
#274 = ORIENTED_EDGE ( 'NONE', *, *, #8105, .T. ) ;
#275 = FACE_OUTER_BOUND ( 'NONE', #4705, .T. ) ;
#276 = CARTESIAN_POINT ( 'NONE',  ( 5.221041004304793454, 7.300729232634551202, 18.68601729272665324 ) ) ;
#277 = CARTESIAN_POINT ( 'NONE',  ( -8.604744071604255140, 6.208870494060181322, 4.967951306048528082 ) ) ;
#278 = LINE ( 'NONE', #2923, #595 ) ;
#279 = CARTESIAN_POINT ( 'NONE',  ( 6.757986913762851877, 10.80311888826280331, -7.159164607230072974 ) ) ;
#280 = CARTESIAN_POINT ( 'NONE',  ( 4.906401578622636706, 6.812949566253050371, 21.19056537572010512 ) ) ;
#281 = CARTESIAN_POINT ( 'NONE',  ( -0.6570922415819573370, 6.980000000000000426, 22.91389368417637940 ) ) ;
#282 = ORIENTED_EDGE ( 'NONE', *, *, #3767, .F. ) ;
#283 = LINE ( 'NONE', #3508, #1626 ) ;
#284 = CARTESIAN_POINT ( 'NONE',  ( 7.182815537095080138, 8.170912028620174183, 6.855023859263523534 ) ) ;
#285 = CARTESIAN_POINT ( 'NONE',  ( 4.800717528750991114, 6.049999999999999822, 17.08412951668937652 ) ) ;
#286 = CARTESIAN_POINT ( 'NONE',  ( -7.167827829912161164, 9.521699835608695039, 7.086203363902133567 ) ) ;
#287 = ADVANCED_FACE ( 'NONE', ( #7328 ), #2586, .T. ) ;
#288 = ORIENTED_EDGE ( 'NONE', *, *, #7063, .T. ) ;
#289 = LINE ( 'NONE', #5439, #4151 ) ;
#290 = CARTESIAN_POINT ( 'NONE',  ( -5.185305111171649273, 8.128662702360143655, 15.99241953217962120 ) ) ;
#291 = CARTESIAN_POINT ( 'NONE',  ( -5.498816832210738248, 6.665831849520543528, 16.92236647206221178 ) ) ;
#292 = CARTESIAN_POINT ( 'NONE',  ( -6.551856913646002312, 6.820000000002504947, 20.78613535674973889 ) ) ;
#293 = DIRECTION ( 'NONE',  ( -0.000000000000000000, -1.000000000000000000, 0.000000000000000000 ) ) ;
#294 = EDGE_CURVE ( 'NONE', #945, #3482, #2850, .T. ) ;
#295 = TOROIDAL_SURFACE ( 'NONE', #4898, 0.04000000000000000083, 0.02000000000000000042 ) ;
#296 = DIRECTION ( 'NONE',  ( 0.000000000000000000, 1.000000000000000000, 0.000000000000000000 ) ) ;
#297 = EDGE_CURVE ( 'NONE', #5973, #2654, #6388, .T. ) ;
#298 = EDGE_LOOP ( 'NONE', ( #7368, #3168, #8035, #4202, #3024, #3928, #4045, #602, #3213, #3454, #2825, #5964, #4976, #3060, #3246, #3581, #5953, #5335, #6472, #1186, #2116, #6544, #5741, #6491, #5381, #6811, #944, #6091, #7548, #201, #4174, #7563, #1285, #3551, #5157, #7636, #2126, #5645 ) ) ;
#299 = DIRECTION ( 'NONE',  ( 0.000000000000000000, -1.000000000000000000, -0.000000000000000000 ) ) ;
#300 = ORIENTED_EDGE ( 'NONE', *, *, #5786, .T. ) ;
#301 = CARTESIAN_POINT ( 'NONE',  ( 0.000000000000000000, 6.000000000000000000, 0.000000000000000000 ) ) ;
#302 = DIRECTION ( 'NONE',  ( -0.9771696282492320362, 0.000000000000000000, 0.2124606260634139543 ) ) ;
#303 = CARTESIAN_POINT ( 'NONE',  ( -4.428117932800516243, 6.979337440842180662, 20.29887602967372828 ) ) ;
#304 = AXIS2_PLACEMENT_3D ( 'NONE', #4625, #3448, #4543 ) ;
#305 = DIRECTION ( 'NONE',  ( -0.000000000000000000, 0.000000000000000000, -1.000000000000000000 ) ) ;
#306 = CARTESIAN_POINT ( 'NONE',  ( -4.704710821229572737, 5.592520428141654065, 20.34266418912324070 ) ) ;
#307 = EDGE_CURVE ( 'NONE', #6141, #6141, #5728, .T. ) ;
#308 = DIRECTION ( 'NONE',  ( 0.000000000000000000, 0.000000000000000000, 1.000000000000000000 ) ) ;
#309 = ORIENTED_EDGE ( 'NONE', *, *, #2538, .T. ) ;
#310 = DIRECTION ( 'NONE',  ( 0.000000000000000000, 0.000000000000000000, 1.000000000000000000 ) ) ;
#311 = AXIS2_PLACEMENT_3D ( 'NONE', #6687, #6068, #424 ) ;
#312 = VECTOR ( 'NONE', #6645, 1000.000000000000000 ) ;
#313 = ORIENTED_EDGE ( 'NONE', *, *, #4616, .F. ) ;
#314 = CARTESIAN_POINT ( 'NONE',  ( 6.220582101696647825, 6.000000000000000000, 17.44444087288422551 ) ) ;
#315 = CARTESIAN_POINT ( 'NONE',  ( -4.903714135136814534, 6.799999999999999822, 21.22216807806096739 ) ) ;
#316 = CARTESIAN_POINT ( 'NONE',  ( 5.270005023507919439, 7.173397352156775320, 18.23988660833683539 ) ) ;
#317 = CARTESIAN_POINT ( 'NONE',  ( -7.963941695581372215, 6.652995376149286599, 5.924468968098311805 ) ) ;
#318 = CARTESIAN_POINT ( 'NONE',  ( 4.714959723254778190, 10.80039105662954668, -8.642521877472645997 ) ) ;
#319 = CARTESIAN_POINT ( 'NONE',  ( 1.250000000000081934, -27.84586504312624911, 9.765322575317201270 ) ) ;
#321 = VERTEX_POINT ( 'NONE', #3941 ) ;
#320 = DIRECTION ( 'NONE',  ( 0.000000000000000000, 0.000000000000000000, -1.000000000000000000 ) ) ;
#322 = DIRECTION ( 'NONE',  ( 0.9820588696906381587, 0.000000000000000000, -0.1885745912416263992 ) ) ;
#323 = ORIENTED_EDGE ( 'NONE', *, *, #6816, .T. ) ;
#324 = FACE_OUTER_BOUND ( 'NONE', #996, .T. ) ;
#325 = CARTESIAN_POINT ( 'NONE',  ( 5.415922573790129313, 7.045223623644044864, 18.80555947608375789 ) ) ;
#326 = DIRECTION ( 'NONE',  ( 1.000000000000000000, 0.000000000000000000, 0.000000000000000000 ) ) ;
#327 = CARTESIAN_POINT ( 'NONE',  ( 4.072324875507381314, 7.000000000000000888, 19.45606775017769863 ) ) ;
#328 = CARTESIAN_POINT ( 'NONE',  ( -6.313053661948510253, 9.918549520893218840, 7.406233361172220420 ) ) ;
#329 = ORIENTED_EDGE ( 'NONE', *, *, #5081, .F. ) ;
#330 = ORIENTED_EDGE ( 'NONE', *, *, #3281, .T. ) ;
#331 = VECTOR ( 'NONE', #5095, 1000.000000000000000 ) ;
#332 = CARTESIAN_POINT ( 'NONE',  ( 4.286871910510608785, 11.77999999999999936, -8.027000013882847895 ) ) ;
#333 = CARTESIAN_POINT ( 'NONE',  ( -5.395149215427628597, 7.259942004813407124, 18.38213644107078082 ) ) ;
#334 = CARTESIAN_POINT ( 'NONE',  ( -6.829954775867980388, 10.81999999999999851, -7.235621449440136743 ) ) ;
#335 = B_SPLINE_CURVE_WITH_KNOTS ( 'NONE', 3,
 ( #7427, #1127, #2333, #5497, #5994, #8046, #1049, #5538, #352, #7893, #6037, #396, #4878, #4757 ),
 .UNSPECIFIED., .F., .F.,
 ( 4, 2, 2, 2, 2, 2, 4 ),
 ( 0.000000000000000000, 0.0001078077960597384526, 0.0001617116940896074959, 0.0002156155921194765257, 0.0002695194901493455555, 0.0003234233881792146124, 0.0004312311842389575508 ),
 .UNSPECIFIED. ) ;
#336 = VECTOR ( 'NONE', #7763, 1000.000000000000000 ) ;
#337 = DIRECTION ( 'NONE',  ( 1.000000000000000000, -8.673617379884012753E-14, 0.000000000000000000 ) ) ;
#338 = CARTESIAN_POINT ( 'NONE',  ( -6.988116957652800387, 9.738869045217120046, 7.231499841206356471 ) ) ;
#339 = ORIENTED_EDGE ( 'NONE', *, *, #899, .F. ) ;
#340 = B_SPLINE_CURVE_WITH_KNOTS ( 'NONE', 3,
 ( #7683, #7803, #5330, #2700, #4666, #6568, #7066, #4588, #835, #223, #2163, #2042 ),
 .UNSPECIFIED., .F., .F.,
 ( 4, 2, 2, 2, 2, 4 ),
 ( 0.001262965573762224805, 0.001512520564655000328, 0.001762075555547775851, 0.002261185537333326029, 0.002760295519118876641, 0.003259405500904427253 ),
 .UNSPECIFIED. ) ;
#341 = ORIENTED_EDGE ( 'NONE', *, *, #7782, .F. ) ;
#342 = CARTESIAN_POINT ( 'NONE',  ( 0.000000000000000000, 8.306979899340500850, -14.74987816540382290 ) ) ;
#343 = VECTOR ( 'NONE', #6596, 1000.000000000000000 ) ;
#344 = DIRECTION ( 'NONE',  ( 0.9820588696906382697, 0.000000000000000000, -0.1885745912416255110 ) ) ;
#345 = EDGE_CURVE ( 'NONE', #956, #1697, #6783, .T. ) ;
#346 = CARTESIAN_POINT ( 'NONE',  ( -6.414281450501024828, 6.000000000000000000, 20.92492273805031289 ) ) ;
#347 = CARTESIAN_POINT ( 'NONE',  ( -5.765406412552299464, 5.619796553357590874, 20.55474756965538319 ) ) ;
#348 = VECTOR ( 'NONE', #5202, 1000.000000000000000 ) ;
#349 = CARTESIAN_POINT ( 'NONE',  ( 4.761323057842065332, 11.79999999999999716, -8.714052027550760471 ) ) ;
#350 = VERTEX_POINT ( 'NONE', #2632 ) ;
#351 = FACE_BOUND ( 'NONE', #5935, .T. ) ;
#352 = CARTESIAN_POINT ( 'NONE',  ( 7.129015148165330551, 9.321297732245717782, 6.927727894751374293 ) ) ;
#353 = ORIENTED_EDGE ( 'NONE', *, *, #7925, .T. ) ;
#354 = CARTESIAN_POINT ( 'NONE',  ( 4.146754399966530613, 6.000000000000000000, 18.01647299186470619 ) ) ;
#355 = EDGE_CURVE ( 'NONE', #662, #4498, #5091, .T. ) ;
#356 = DIRECTION ( 'NONE',  ( -0.000000000000000000, -1.000000000000000000, -0.000000000000000000 ) ) ;
#357 = EDGE_CURVE ( 'NONE', #7420, #818, #3245, .T. ) ;
#358 = CARTESIAN_POINT ( 'NONE',  ( -4.106058422966833987, 6.000000000000000000, 20.44466966277611419 ) ) ;
#359 = CARTESIAN_POINT ( 'NONE',  ( -8.294981142869518820, 6.315518741482493148, 5.465495195127788364 ) ) ;
#360 = CARTESIAN_POINT ( 'NONE',  ( 0.6570922415819607787, 7.000000000000000000, 22.91389368417637940 ) ) ;
#361 = CIRCLE ( 'NONE', #2597, 0.04000000000000010492 ) ;
#363 = VERTEX_POINT ( 'NONE', #3770 ) ;
#362 = CARTESIAN_POINT ( 'NONE',  ( -7.052832034732568367, 9.179184621573169167, 6.868885301841203272 ) ) ;
#364 = AXIS2_PLACEMENT_3D ( 'NONE', #1940, #1273, #6261 ) ;
#365 = CARTESIAN_POINT ( 'NONE',  ( -9.670738002806478661, 11.79947760415738323, 1.844139767229536764 ) ) ;
#366 = EDGE_CURVE ( 'NONE', #6009, #6753, #1131, .T. ) ;
#367 = ORIENTED_EDGE ( 'NONE', *, *, #7656, .F. ) ;
#368 = CARTESIAN_POINT ( 'NONE',  ( -6.544774148788946810, 6.800812521811248956, 20.83202743123531775 ) ) ;
#369 = CARTESIAN_POINT ( 'NONE',  ( -7.145231282546196105, 8.372772751525747736, 6.780901763202956012 ) ) ;
#370 = CARTESIAN_POINT ( 'NONE',  ( 4.060630202333388894, 6.996867480445049026, 19.43919974354973590 ) ) ;
#371 = AXIS2_PLACEMENT_3D ( 'NONE', #2694, #4581, #3961 ) ;
#372 = CARTESIAN_POINT ( 'NONE',  ( -6.968094450456069566, 9.241833826335966506, 7.043527758954579276 ) ) ;
#373 = ORIENTED_EDGE ( 'NONE', *, *, #4265, .F. ) ;
#374 = VECTOR ( 'NONE', #4798, 1000.000000000000000 ) ;
#375 = ORIENTED_EDGE ( 'NONE', *, *, #5482, .F. ) ;
#376 = EDGE_CURVE ( 'NONE', #2180, #2813, #2779, .T. ) ;
#377 = CARTESIAN_POINT ( 'NONE',  ( -5.231356120501143181, 6.980000000000000426, 23.44087549234617285 ) ) ;
#378 = CIRCLE ( 'NONE', #5635, 0.01999999999999982694 ) ;
#379 = CARTESIAN_POINT ( 'NONE',  ( -5.170355374415625427, 9.563536873515062098, 11.74742597282891055 ) ) ;
#380 = CARTESIAN_POINT ( 'NONE',  ( -6.236845276816854522, 7.227789935358422291, 20.16844534690389423 ) ) ;
#381 = DIRECTION ( 'NONE',  ( 6.505213034913066047E-15, 0.000000000000000000, 1.000000000000000000 ) ) ;
#382 = CARTESIAN_POINT ( 'NONE',  ( 9.673559861319624531, 11.78423760195580705, 1.829279806228325311 ) ) ;
#383 = EDGE_LOOP ( 'NONE', ( #5454, #8013, #3838, #2460 ) ) ;
#384 = AXIS2_PLACEMENT_3D ( 'NONE', #3519, #5405, #337 ) ;
#385 = ORIENTED_EDGE ( 'NONE', *, *, #3854, .T. ) ;
#386 = LINE ( 'NONE', #4241, #3909 ) ;
#387 = FACE_OUTER_BOUND ( 'NONE', #4260, .T. ) ;
#388 = FACE_BOUND ( 'NONE', #2917, .T. ) ;
#389 = DIRECTION ( 'NONE',  ( -0.000000000000000000, -1.000000000000000000, 0.000000000000000000 ) ) ;
#390 = VECTOR ( 'NONE', #7847, 1000.000000000000000 ) ;
#391 = DIRECTION ( 'NONE',  ( 0.000000000000000000, 0.000000000000000000, 1.000000000000000000 ) ) ;
#392 = DIRECTION ( 'NONE',  ( -0.000000000000000000, -1.000000000000000000, -0.000000000000000000 ) ) ;
#393 = DIRECTION ( 'NONE',  ( 0.9820588696906381587, 0.000000000000000000, -0.1885745912416260939 ) ) ;
#394 = EDGE_CURVE ( 'NONE', #6799, #1352, #2193, .T. ) ;
#395 = VERTEX_POINT ( 'NONE', #2839 ) ;
#396 = CARTESIAN_POINT ( 'NONE',  ( 7.067690480308275625, 9.234504623266440504, 6.913321519618688349 ) ) ;
#397 = VERTEX_POINT ( 'NONE', #6616 ) ;
#398 = CARTESIAN_POINT ( 'NONE',  ( 3.532468221216942705, 6.000000000000000000, 19.26089600271836133 ) ) ;
#399 = CARTESIAN_POINT ( 'NONE',  ( -3.492528699022170890, 6.000000000000000000, 18.83756150758041414 ) ) ;
#400 = CARTESIAN_POINT ( 'NONE',  ( -7.256017097996467768, 7.612783947539958795, 6.656242528118721857 ) ) ;
#401 = CARTESIAN_POINT ( 'NONE',  ( 0.6570922415819607787, 7.000000000000000000, 22.91389368417637940 ) ) ;
#402 = DIRECTION ( 'NONE',  ( -4.336808689942043768E-15, 0.000000000000000000, 1.000000000000000000 ) ) ;
#403 = AXIS2_PLACEMENT_3D ( 'NONE', #2415, #1793, #4296 ) ;
#404 = EDGE_CURVE ( 'NONE', #3190, #2930, #7325, .T. ) ;
#405 = ADVANCED_FACE ( 'NONE', ( #275 ), #7237, .T. ) ;
#407 = ORIENTED_EDGE ( 'NONE', *, *, #4825, .F. ) ;
#406 = CARTESIAN_POINT ( 'NONE',  ( 4.935234727927799270, 6.801520911850576390, 21.23322796660143652 ) ) ;
#408 = CARTESIAN_POINT ( 'NONE',  ( -7.123421415849574778, 8.328629020109859837, 6.891512029662218985 ) ) ;
#409 = ORIENTED_EDGE ( 'NONE', *, *, #4743, .F. ) ;
#410 = CARTESIAN_POINT ( 'NONE',  ( -1.245677685856502404, 11.79241813863553645, 9.765874876475104216 ) ) ;
#411 = CARTESIAN_POINT ( 'NONE',  ( 4.811397723855098896, 6.799999999999998934, 21.17428858166639571 ) ) ;
#412 = CARTESIAN_POINT ( 'NONE',  ( -6.580967913057728325, 9.232804652459641659, 7.252896191273966231 ) ) ;
#413 = EDGE_CURVE ( 'NONE', #1039, #1039, #3895, .T. ) ;
#414 = EDGE_LOOP ( 'NONE', ( #6519, #3664, #6755, #2785 ) ) ;
#415 = EDGE_LOOP ( 'NONE', ( #7214, #7298, #3232, #7619 ) ) ;
#416 = CARTESIAN_POINT ( 'NONE',  ( -2.939133998076038701, 6.600000000000000533, 19.79958055990334032 ) ) ;
#417 = CARTESIAN_POINT ( 'NONE',  ( -1.270000000000081952, 11.77999999999999936, 9.848451654955704626 ) ) ;
#418 = CARTESIAN_POINT ( 'NONE',  ( -4.001007567948549948, 6.932672494441565192, 19.85278690044908956 ) ) ;
#419 = VERTEX_POINT ( 'NONE', #5879 ) ;
#420 = ORIENTED_EDGE ( 'NONE', *, *, #6205, .T. ) ;
#421 = VERTEX_POINT ( 'NONE', #7344 ) ;
#422 = DIRECTION ( 'NONE',  ( -0.9820588696906382697, 0.000000000000000000, 0.1885745912416251224 ) ) ;
#423 = CARTESIAN_POINT ( 'NONE',  ( -3.089133998076035947, 6.800000000000000711, 19.79958055990334032 ) ) ;
#424 = DIRECTION ( 'NONE',  ( 0.000000000000000000, 0.000000000000000000, -1.000000000000000000 ) ) ;
#425 = AXIS2_PLACEMENT_3D ( 'NONE', #4216, #6734, #1635 ) ;
#426 = CARTESIAN_POINT ( 'NONE',  ( -7.742401951727972964, 6.136269252482924763, 20.12509020220452882 ) ) ;
#427 = CARTESIAN_POINT ( 'NONE',  ( 4.048940394645992313, 5.753975867819135281, 18.89203380939522248 ) ) ;
#428 = VERTEX_POINT ( 'NONE', #2754 ) ;
#429 = DIRECTION ( 'NONE',  ( 0.000000000000000000, 1.000000000000000000, 0.000000000000000000 ) ) ;
#430 = VERTEX_POINT ( 'NONE', #1510 ) ;
#431 = CARTESIAN_POINT ( 'NONE',  ( 4.176941368932885368, 6.000000000000000000, 17.99038031901740808 ) ) ;
#432 = CARTESIAN_POINT ( 'NONE',  ( -3.490723038210925111, 6.000000000000000000, 18.93525936524386566 ) ) ;
#433 = ADVANCED_FACE ( 'NONE', ( #7193 ), #4060, .F. ) ;
#434 = CARTESIAN_POINT ( 'NONE',  ( -7.573133827739678914, 7.494248497566637468, 6.390661371989545536 ) ) ;
#435 = CYLINDRICAL_SURFACE ( 'NONE', #651, 0.09999999999999982514 ) ;
#436 = TOROIDAL_SURFACE ( 'NONE', #5767, 4.604519503718790041, 0.02000000000000000042 ) ;
#438 = ORIENTED_EDGE ( 'NONE', *, *, #4124, .T. ) ;
#437 = CARTESIAN_POINT ( 'NONE',  ( 4.941844395153536240, 6.800358459305710923, 21.23907314136230085 ) ) ;
#439 = CARTESIAN_POINT ( 'NONE',  ( -7.190392896978393011, 8.306124343939139010, 6.872805589628570466 ) ) ;
#440 = ORIENTED_EDGE ( 'NONE', *, *, #1896, .T. ) ;
#441 = CARTESIAN_POINT ( 'NONE',  ( -4.720437346819594815, 10.80311888826280331, -8.639531020533256722 ) ) ;
#442 = EDGE_CURVE ( 'NONE', #5099, #5586, #5218, .T. ) ;
#443 = FACE_OUTER_BOUND ( 'NONE', #4085, .T. ) ;
#444 = EDGE_CURVE ( 'NONE', #7226, #7226, #1664, .T. ) ;
#445 = CARTESIAN_POINT ( 'NONE',  ( 4.063799327685574170, 6.998582559584223262, 19.43487346850360353 ) ) ;
#446 = CARTESIAN_POINT ( 'NONE',  ( -6.442690205710550622, 9.947853253380122496, 7.375649801031920916 ) ) ;
#447 = DIRECTION ( 'NONE',  ( 1.297293286543607101E-16, -0.000000000000000000, 1.000000000000000000 ) ) ;
#448 = EDGE_LOOP ( 'NONE', ( #2928, #3452, #1227, #7284, #6930, #5161 ) ) ;
#449 = ORIENTED_EDGE ( 'NONE', *, *, #4420, .F. ) ;
#450 = CARTESIAN_POINT ( 'NONE',  ( 4.579651820279109664, 5.800000000000006040, 20.40722031939409220 ) ) ;
#451 = EDGE_CURVE ( 'NONE', #144, #3750, #6789, .T. ) ;
#452 = EDGE_CURVE ( 'NONE', #4660, #3697, #1790, .T. ) ;
#453 = CARTESIAN_POINT ( 'NONE',  ( -6.783865543779683094, 11.79999999999999716, -7.244588896819393220 ) ) ;
#454 = CARTESIAN_POINT ( 'NONE',  ( -4.925787472226668129, 7.352973751827901694, 20.14587593472253957 ) ) ;
#455 = DIRECTION ( 'NONE',  ( -0.000000000000000000, -1.000000000000000000, -0.000000000000000000 ) ) ;
#456 = DIRECTION ( 'NONE',  ( -0.000000000000000000, -1.000000000000000000, -0.000000000000000000 ) ) ;
#457 = ORIENTED_EDGE ( 'NONE', *, *, #976, .T. ) ;
#458 = EDGE_LOOP ( 'NONE', ( #7413 ) ) ;
#459 = CARTESIAN_POINT ( 'NONE',  ( -5.540968659984804034, 6.980000000000000426, 23.40865253099103072 ) ) ;
#460 = DIRECTION ( 'NONE',  ( 0.2124606260634139265, 0.000000000000000000, 0.9771696282492319252 ) ) ;
#461 = AXIS2_PLACEMENT_3D ( 'NONE', #1761, #3616, #6123 ) ;
#462 = PLANE ( 'NONE',  #5962 ) ;
#463 = DIRECTION ( 'NONE',  ( 0.000000000000000000, 0.000000000000000000, 1.000000000000000000 ) ) ;
#464 = FACE_OUTER_BOUND ( 'NONE', #5682, .T. ) ;
#465 = CARTESIAN_POINT ( 'NONE',  ( 3.358566237454704062, 6.077530662009436924, 18.42059173885062506 ) ) ;
#466 = EDGE_LOOP ( 'NONE', ( #3015, #5527, #2168, #1866, #3596 ) ) ;
#467 = CARTESIAN_POINT ( 'NONE',  ( 6.816226223554574304, 10.81999999999999851, -7.221077486727792483 ) ) ;
#468 = ORIENTED_EDGE ( 'NONE', *, *, #7110, .T. ) ;
#469 = CARTESIAN_POINT ( 'NONE',  ( 3.801787173844237255, 6.000000000000000000, 18.32521630518779077 ) ) ;
#470 = EDGE_CURVE ( 'NONE', #2035, #8107, #3385, .T. ) ;
#471 = CARTESIAN_POINT ( 'NONE',  ( -4.602168245820732473, 6.000000000000000000, 17.62139224017282402 ) ) ;
#472 = CARTESIAN_POINT ( 'NONE',  ( -8.057509731054246060, 6.728765703009124799, 5.921130561986718277 ) ) ;
#473 = CIRCLE ( 'NONE', #6529, 14.74987816540382290 ) ;
#474 = DIRECTION ( 'NONE',  ( 0.000000000000000000, 0.000000000000000000, 1.000000000000000000 ) ) ;
#475 = CARTESIAN_POINT ( 'NONE',  ( 7.346552799685236224, 9.816045549667062886, 6.759792228914576206 ) ) ;
#476 = DIRECTION ( 'NONE',  ( 0.000000000000000000, -0.000000000000000000, -1.000000000000000000 ) ) ;
#477 = CARTESIAN_POINT ( 'NONE',  ( 6.816226223554574304, 10.81999999999999851, -7.221077486727791594 ) ) ;
#478 = ORIENTED_EDGE ( 'NONE', *, *, #5668, .T. ) ;
#479 = CARTESIAN_POINT ( 'NONE',  ( -4.716892798272406040, 10.80103081172615909, -8.641467012854588958 ) ) ;
#480 = CARTESIAN_POINT ( 'NONE',  ( -7.405708227478093875, 6.980000000000000426, 22.85064685414014107 ) ) ;
#481 = CARTESIAN_POINT ( 'NONE',  ( 7.441439100641752624, 6.800000000000002487, 18.92601119390415221 ) ) ;
#482 = CARTESIAN_POINT ( 'NONE',  ( -6.745435776158939412, 9.009897556347036485, 6.995551508879529479 ) ) ;
#483 = CIRCLE ( 'NONE', #2598, 0.01999999999999981307 ) ;
#484 = DIRECTION ( 'NONE',  ( -0.000000000000000000, -1.000000000000000000, -0.000000000000000000 ) ) ;
#485 = EDGE_CURVE ( 'NONE', #6177, #7660, #2383, .T. ) ;
#486 = EDGE_LOOP ( 'NONE', ( #706, #4189, #7593, #1036 ) ) ;
#487 = ORIENTED_EDGE ( 'NONE', *, *, #6385, .T. ) ;
#488 = FACE_OUTER_BOUND ( 'NONE', #3202, .T. ) ;
#489 = CYLINDRICAL_SURFACE ( 'NONE', #3672, 0.1000000000000002554 ) ;
#490 = CARTESIAN_POINT ( 'NONE',  ( -4.684410375767397383, 7.210550693303510172, 20.31491806957699353 ) ) ;
#491 = CARTESIAN_POINT ( 'NONE',  ( -6.626508882650545829, 6.800000000000000711, 21.25940714233214734 ) ) ;
#492 = ORIENTED_EDGE ( 'NONE', *, *, #6038, .F. ) ;
#493 = VECTOR ( 'NONE', #1011, 1000.000000000000000 ) ;
#494 = EDGE_CURVE ( 'NONE', #1202, #3483, #4944, .T. ) ;
#495 = ORIENTED_EDGE ( 'NONE', *, *, #1062, .T. ) ;
#496 = CARTESIAN_POINT ( 'NONE',  ( 0.000000000000000000, 7.760235294117645566, -11.75694117647058867 ) ) ;
#497 = CIRCLE ( 'NONE', #4712, 9.969999999999998863 ) ;
#498 = TOROIDAL_SURFACE ( 'NONE', #1817, 1.201359479792052820, 0.02000000000000000042 ) ;
#499 = DIRECTION ( 'NONE',  ( 0.000000000000000000, 1.000000000000000000, 0.000000000000000000 ) ) ;
#500 = CARTESIAN_POINT ( 'NONE',  ( -6.505213034913026604E-16, 6.750000000000000888, -4.995798655503515207 ) ) ;
#501 = CARTESIAN_POINT ( 'NONE',  ( 6.387711042757529434, 7.000000000000000000, 20.50499568684255891 ) ) ;
#502 = CARTESIAN_POINT ( 'NONE',  ( -5.843799839679157948, 6.087525889297274340, 21.45479707642538614 ) ) ;
#504 = DIRECTION ( 'NONE',  ( 0.000000000000000000, 1.000000000000000000, 0.000000000000000000 ) ) ;
#503 = CIRCLE ( 'NONE', #3018, 9.930000000000001492 ) ;
#505 = EDGE_CURVE ( 'NONE', #6065, #6065, #3760, .T. ) ;
#506 = ORIENTED_EDGE ( 'NONE', *, *, #6098, .T. ) ;
#507 = LINE ( 'NONE', #6812, #493 ) ;
#508 = ORIENTED_EDGE ( 'NONE', *, *, #1713, .F. ) ;
#509 = CARTESIAN_POINT ( 'NONE',  ( -9.392311129871586672, 10.79999999999999893, -1.716389854460105946 ) ) ;
#510 = AXIS2_PLACEMENT_3D ( 'NONE', #3668, #3057, #3093 ) ;
#511 = FACE_OUTER_BOUND ( 'NONE', #969, .T. ) ;
#512 = CARTESIAN_POINT ( 'NONE',  ( -3.759806312290683739, 6.000000000000000000, 18.37290384532724730 ) ) ;
#513 = CARTESIAN_POINT ( 'NONE',  ( -7.361344734605071771, 7.380807280535674586, 6.400928487710660697 ) ) ;
#514 = CARTESIAN_POINT ( 'NONE',  ( 7.245844614140533935, 10.35519412747539469, 6.507077972751989847 ) ) ;
#515 = CIRCLE ( 'NONE', #912, 0.02000000000000019124 ) ;
#516 = DIRECTION ( 'NONE',  ( 0.1848436207418312494, 0.000000000000000000, -0.9827679460946263656 ) ) ;
#517 = CARTESIAN_POINT ( 'NONE',  ( -7.206577843990373822, 8.308408996459059281, 6.850411280940269521 ) ) ;
#518 = ORIENTED_EDGE ( 'NONE', *, *, #7709, .T. ) ;
#519 = DIRECTION ( 'NONE',  ( 0.9510565162951500895, 0.000000000000000000, -0.3090169943749581649 ) ) ;
#520 = CARTESIAN_POINT ( 'NONE',  ( 4.246705838917680609, 6.966268683967311581, 20.06050055179348135 ) ) ;
#521 = CARTESIAN_POINT ( 'NONE',  ( 3.470774008147312628, 6.800000000000001599, 19.05299503791690796 ) ) ;
#522 = CARTESIAN_POINT ( 'NONE',  ( 6.424821642706382008, 6.980000000000000426, 23.57836966310849647 ) ) ;
#523 = ORIENTED_EDGE ( 'NONE', *, *, #442, .T. ) ;
#524 = ORIENTED_EDGE ( 'NONE', *, *, #345, .T. ) ;
#525 = CARTESIAN_POINT ( 'NONE',  ( -9.774879743067861781, 10.81090696724873368, 1.847766339173763983 ) ) ;
#526 = CARTESIAN_POINT ( 'NONE',  ( 2.569411764705846757, 4.100000000000000533, 16.60235294117647342 ) ) ;
#527 = EDGE_CURVE ( 'NONE', #2035, #1280, #217, .T. ) ;
#528 = CARTESIAN_POINT ( 'NONE',  ( 9.671137881975976569, 11.79885841573694805, 1.842041548882453084 ) ) ;
#529 = ORIENTED_EDGE ( 'NONE', *, *, #6143, .F. ) ;
#530 = VERTEX_POINT ( 'NONE', #7057 ) ;
#531 = VERTEX_POINT ( 'NONE', #2437 ) ;
#532 = CARTESIAN_POINT ( 'NONE',  ( -4.488395889102304359, 6.999999999999998224, 20.29939979271115646 ) ) ;
#533 = FACE_OUTER_BOUND ( 'NONE', #2060, .T. ) ;
#534 = ADVANCED_FACE ( 'NONE', ( #3272 ), #1455, .F. ) ;
#535 = FACE_OUTER_BOUND ( 'NONE', #5608, .T. ) ;
#536 = CARTESIAN_POINT ( 'NONE',  ( 0.000000000000000000, 11.79999999999999716, 0.000000000000000000 ) ) ;
#537 = DIRECTION ( 'NONE',  ( 0.000000000000000000, 1.000000000000000000, 0.000000000000000000 ) ) ;
#538 = DIRECTION ( 'NONE',  ( -0.8090169943749417891, 0.000000000000000000, 0.5877852522924810197 ) ) ;
#539 = ORIENTED_EDGE ( 'NONE', *, *, #3720, .T. ) ;
#540 = CARTESIAN_POINT ( 'NONE',  ( 3.323032830975961804, 6.600000000000000533, 19.79958055990334032 ) ) ;
#541 = ORIENTED_EDGE ( 'NONE', *, *, #5642, .F. ) ;
#542 = DIRECTION ( 'NONE',  ( -0.6864276156651136773, 0.000000000000000000, -0.7271981356221334236 ) ) ;
#543 = CIRCLE ( 'NONE', #1082, 2.299999999999999822 ) ;
#544 = CARTESIAN_POINT ( 'NONE',  ( -5.227148977385519757, 7.307100156582311712, 18.71029479990777844 ) ) ;
#545 = ADVANCED_FACE ( 'NONE', ( #5158 ), #702, .F. ) ;
#546 = CARTESIAN_POINT ( 'NONE',  ( -4.047072524727050258, 6.000000000000000000, 18.10245837506414901 ) ) ;
#547 = CARTESIAN_POINT ( 'NONE',  ( 1.270000000000081952, 10.79999999999999893, 9.848451654955704626 ) ) ;
#548 = DIRECTION ( 'NONE',  ( 0.000000000000000000, 1.000000000000000000, 0.000000000000000000 ) ) ;
#549 = CARTESIAN_POINT ( 'NONE',  ( 7.383296651375960806, 10.01962005496447716, 6.521348843425527342 ) ) ;
#550 = CARTESIAN_POINT ( 'NONE',  ( -5.280684928155569224, 7.334586738786478932, 18.81265419269404759 ) ) ;
#551 = AXIS2_PLACEMENT_3D ( 'NONE', #1045, #5413, #5452 ) ;
#552 = CARTESIAN_POINT ( 'NONE',  ( 7.490803213401274974, 6.000000000000000000, 19.12789956391310753 ) ) ;
#553 = ORIENTED_EDGE ( 'NONE', *, *, #7494, .F. ) ;
#554 = DIRECTION ( 'NONE',  ( 0.5877852522924802425, -0.000000000000000000, 0.8090169943749423442 ) ) ;
#555 = CARTESIAN_POINT ( 'NONE',  ( 4.777503397729564227, 10.81999999999999851, -8.702296322504910364 ) ) ;
#556 = CARTESIAN_POINT ( 'NONE',  ( 6.579561382415319848, 6.799999999999999822, 17.65077754441968594 ) ) ;
#557 = AXIS2_PLACEMENT_3D ( 'NONE', #5576, #5126, #6361 ) ;
#558 = CARTESIAN_POINT ( 'NONE',  ( -6.503256136166573498, 6.997029845493486278, 20.41749958104454521 ) ) ;
#559 = DIRECTION ( 'NONE',  ( 1.000000000000000000, 0.000000000000000000, 0.000000000000000000 ) ) ;
#560 = CIRCLE ( 'NONE', #5180, 13.85410764872521305 ) ;
#561 = ORIENTED_EDGE ( 'NONE', *, *, #250, .F. ) ;
#562 = B_SPLINE_CURVE_WITH_KNOTS ( 'NONE', 3,
 ( #4791, #4047, #1661, #2325, #1701, #7345, #4206, #3598, #6725, #5328 ),
 .UNSPECIFIED., .F., .F.,
 ( 4, 3, 3, 4 ),
 ( 0.000000000000000000, 1.023671836822458602E-05, 4.209334492649795918E-05, 9.517735570776497396E-05 ),
 .UNSPECIFIED. ) ;
#563 = CARTESIAN_POINT ( 'NONE',  ( -9.773134689093021521, 10.80858269114620995, 1.849804605801677937 ) ) ;
#564 = DIRECTION ( 'NONE',  ( -0.9820588696906381587, 0.000000000000000000, 0.1885745912416262604 ) ) ;
#565 = CARTESIAN_POINT ( 'NONE',  ( 6.769379639779841362, 9.608481101983107564, 7.313167146168686017 ) ) ;
#566 = VERTEX_POINT ( 'NONE', #4496 ) ;
#567 = VERTEX_POINT ( 'NONE', #8114 ) ;
#568 = DIRECTION ( 'NONE',  ( 0.000000000000000000, 1.000000000000000000, 0.000000000000000000 ) ) ;
#569 = CARTESIAN_POINT ( 'NONE',  ( 11.08758383676868675, 7.000000000000000000, 20.11905188458655402 ) ) ;
#570 = PLANE ( 'NONE',  #7019 ) ;
#571 = DIRECTION ( 'NONE',  ( 0.000000000000000000, 1.000000000000000000, 0.000000000000000000 ) ) ;
#572 = DIRECTION ( 'NONE',  ( 0.3090169943749030979, 0.000000000000000000, -0.9510565162951679641 ) ) ;
#573 = CIRCLE ( 'NONE', #2564, 0.02000000000000019124 ) ;
#574 = ORIENTED_EDGE ( 'NONE', *, *, #1934, .T. ) ;
#575 = CARTESIAN_POINT ( 'NONE',  ( 7.202626296696434061, 8.329635356905479071, 6.806552845664419316 ) ) ;
#576 = ORIENTED_EDGE ( 'NONE', *, *, #4125, .T. ) ;
#577 = ORIENTED_EDGE ( 'NONE', *, *, #2320, .F. ) ;
#578 = CARTESIAN_POINT ( 'NONE',  ( 0.000000000000000000, 12.79999999999999893, 0.000000000000000000 ) ) ;
#580 = ADVANCED_FACE ( 'NONE', ( #93 ), #80, .T. ) ;
#579 = EDGE_LOOP ( 'NONE', ( #4861, #136, #1557, #4747 ) ) ;
#581 = CARTESIAN_POINT ( 'NONE',  ( -8.952666602673415852, 11.79999999999999716, 1.615599177202084347 ) ) ;
#582 = CARTESIAN_POINT ( 'NONE',  ( 7.405708227478099204, 6.820000000000000284, 22.85064685414014107 ) ) ;
#583 = CARTESIAN_POINT ( 'NONE',  ( -7.272644027673794476, 6.000000000000000000, 18.53266952494095321 ) ) ;
#584 = CARTESIAN_POINT ( 'NONE',  ( -7.232831945748592339, 8.599999999999999645, 6.928781967098553096 ) ) ;
#585 = DIRECTION ( 'NONE',  ( 0.000000000000000000, -0.000000000000000000, 1.000000000000000000 ) ) ;
#586 = CARTESIAN_POINT ( 'NONE',  ( 7.254235113933758861, 9.345939585955798989, 6.759167326211816373 ) ) ;
#587 = LINE ( 'NONE', #5007, #7998 ) ;
#588 = ADVANCED_FACE ( 'NONE', ( #5780 ), #6920, .F. ) ;
#589 = EDGE_CURVE ( 'NONE', #5666, #2945, #1007, .T. ) ;
#590 = CARTESIAN_POINT ( 'NONE',  ( 7.252816752690148583, 6.000000000000000000, 18.50265567818092194 ) ) ;
#591 = ORIENTED_EDGE ( 'NONE', *, *, #2829, .F. ) ;
#592 = CARTESIAN_POINT ( 'NONE',  ( -4.723596950151584650, 10.80583783305559820, -8.637804049262827633 ) ) ;
#593 = AXIS2_PLACEMENT_3D ( 'NONE', #3475, #2272, #6095 ) ;
#594 = DIRECTION ( 'NONE',  ( 0.000000000000000000, 1.000000000000000000, -0.000000000000000000 ) ) ;
#595 = VECTOR ( 'NONE', #6537, 1000.000000000000000 ) ;
#596 = CARTESIAN_POINT ( 'NONE',  ( 5.628176667346068029, 6.800000000000000711, 17.26406813758939762 ) ) ;
#597 = FACE_OUTER_BOUND ( 'NONE', #1708, .T. ) ;
#598 = VECTOR ( 'NONE', #1257, 1000.000000000000000 ) ;
#599 = CARTESIAN_POINT ( 'NONE',  ( 8.980162878894716982, 10.81999999999999851, 4.232159575030384424 ) ) ;
#600 = EDGE_CURVE ( 'NONE', #6412, #6965, #786, .T. ) ;
#601 = EDGE_LOOP ( 'NONE', ( #6793, #2021, #1921, #7056 ) ) ;
#602 = ORIENTED_EDGE ( 'NONE', *, *, #158, .T. ) ;
#603 = CARTESIAN_POINT ( 'NONE',  ( -9.776150911024437562, 10.81327651772673626, 1.845592333571325572 ) ) ;
#604 = FACE_OUTER_BOUND ( 'NONE', #3228, .T. ) ;
#605 = TOROIDAL_SURFACE ( 'NONE', #5088, 0.04000000000000000083, 0.02000000000000000042 ) ;
#606 = CARTESIAN_POINT ( 'NONE',  ( 6.803574981117622933, 9.602644517581650163, 7.302142241831187874 ) ) ;
#607 = ORIENTED_EDGE ( 'NONE', *, *, #6640, .F. ) ;
#608 = CARTESIAN_POINT ( 'NONE',  ( 0.000000000000000000, 12.79999999999999893, -10.98000000000000220 ) ) ;
#609 = VECTOR ( 'NONE', #6197, 1000.000000000000000 ) ;
#610 = LINE ( 'NONE', #4906, #3378 ) ;
#611 = FACE_OUTER_BOUND ( 'NONE', #7083, .T. ) ;
#612 = DIRECTION ( 'NONE',  ( 0.000000000000000000, 1.000000000000000000, 0.000000000000000000 ) ) ;
#613 = DIRECTION ( 'NONE',  ( -0.9510565162951544194, -0.000000000000000000, -0.3090169943749447312 ) ) ;
#614 = AXIS2_PLACEMENT_3D ( 'NONE', #2037, #3881, #176 ) ;
#615 = DIRECTION ( 'NONE',  ( -0.000000000000000000, -1.000000000000000000, -0.000000000000000000 ) ) ;
#616 = ORIENTED_EDGE ( 'NONE', *, *, #849, .T. ) ;
#617 = CARTESIAN_POINT ( 'NONE',  ( 7.208065699760771494, 8.309873933294120718, 6.845401048640061603 ) ) ;
#618 = ORIENTED_EDGE ( 'NONE', *, *, #5684, .F. ) ;
#619 = ORIENTED_EDGE ( 'NONE', *, *, #7656, .T. ) ;
#620 = CARTESIAN_POINT ( 'NONE',  ( 4.761323057842065332, 11.77999999999999936, -8.714052027550760471 ) ) ;
#621 = ORIENTED_EDGE ( 'NONE', *, *, #5933, .T. ) ;
#622 = VECTOR ( 'NONE', #5664, 1000.000000000000000 ) ;
#623 = CARTESIAN_POINT ( 'NONE',  ( -1.999999999999958478, 5.899999999999998579, 23.39999999999999858 ) ) ;
#624 = CARTESIAN_POINT ( 'NONE',  ( 9.768131591422287485, 11.79999999999999716, 1.880559813634799626 ) ) ;
#625 = CARTESIAN_POINT ( 'NONE',  ( -7.487570214154928294, 6.000000000000000000, 19.11308164879958227 ) ) ;
#626 = AXIS2_PLACEMENT_3D ( 'NONE', #889, #1512, #7858 ) ;
#627 = CARTESIAN_POINT ( 'NONE',  ( 5.299999999999998934, 7.000000000000000000, 19.38047814307508077 ) ) ;
#628 = DIRECTION ( 'NONE',  ( -8.673617379884012753E-14, 0.000000000000000000, 1.000000000000000000 ) ) ;
#629 = CARTESIAN_POINT ( 'NONE',  ( 6.807431858730418561, 10.28635104618524743, 7.006933774230640566 ) ) ;
#630 = EDGE_CURVE ( 'NONE', #2555, #5036, #4684, .T. ) ;
#631 = CARTESIAN_POINT ( 'NONE',  ( 6.424821642706382008, 7.000000000000000000, 23.57836966310849647 ) ) ;
#632 = AXIS2_PLACEMENT_3D ( 'NONE', #7138, #7180, #872 ) ;
#633 = CARTESIAN_POINT ( 'NONE',  ( 7.201829514117566333, 6.000000000000000000, 18.41285446629266076 ) ) ;
#634 = ORIENTED_EDGE ( 'NONE', *, *, #6338, .T. ) ;
#635 = CARTESIAN_POINT ( 'NONE',  ( 0.000000000000000000, 10.81999999999999851, 0.000000000000000000 ) ) ;
#636 = DIRECTION ( 'NONE',  ( -0.000000000000000000, -1.000000000000000000, -0.000000000000000000 ) ) ;
#637 = CARTESIAN_POINT ( 'NONE',  ( 7.434307058759489273, 6.800000000000001599, 19.92424993599509975 ) ) ;
#638 = CARTESIAN_POINT ( 'NONE',  ( 1.255302319747338080, 10.80367459529111329, 9.862198836541690383 ) ) ;
#639 = EDGE_CURVE ( 'NONE', #3290, #4331, #4298, .T. ) ;
#640 = CIRCLE ( 'NONE', #4452, 0.9999999999999998890 ) ;
#641 = EDGE_CURVE ( 'NONE', #2555, #7376, #2453, .T. ) ;
#642 = CARTESIAN_POINT ( 'NONE',  ( 7.389646018095833213, 6.820000000000000284, 22.86256345725345795 ) ) ;
#643 = CARTESIAN_POINT ( 'NONE',  ( 0.000000000000000000, 6.000000000000000000, 0.000000000000000000 ) ) ;
#644 = ORIENTED_EDGE ( 'NONE', *, *, #355, .T. ) ;
#645 = VERTEX_POINT ( 'NONE', #1589 ) ;
#646 = CARTESIAN_POINT ( 'NONE',  ( 5.164405523443958757, 9.762557220587321893, 11.76920872228079062 ) ) ;
#647 = CARTESIAN_POINT ( 'NONE',  ( 8.388180839670921429, 6.281415485999835013, 5.151870762400548642 ) ) ;
#648 = PLANE ( 'NONE',  #510 ) ;
#649 = ADVANCED_FACE ( 'NONE', ( #4009 ), #5334, .T. ) ;
#650 = CARTESIAN_POINT ( 'NONE',  ( 6.750366772728666476, 11.78658014174953905, -7.166350077525593498 ) ) ;
#651 = AXIS2_PLACEMENT_3D ( 'NONE', #7936, #1134, #1094 ) ;
#652 = ORIENTED_EDGE ( 'NONE', *, *, #1005, .F. ) ;
#653 = CARTESIAN_POINT ( 'NONE',  ( 2.385244779468109755E-15, 3.799999999999999822, 18.48284271247461419 ) ) ;
#654 = CARTESIAN_POINT ( 'NONE',  ( -5.118579775639405582, 6.999999999999994671, 20.80577883955766794 ) ) ;
#655 = DIRECTION ( 'NONE',  ( 0.000000000000000000, 1.000000000000000000, -0.000000000000000000 ) ) ;
#656 = CARTESIAN_POINT ( 'NONE',  ( -7.112831945748592233, 8.599999999999999645, 6.868781967098553487 ) ) ;
#657 = FACE_OUTER_BOUND ( 'NONE', #3158, .T. ) ;
#658 = CARTESIAN_POINT ( 'NONE',  ( 4.867976690035716203, 5.282804637009897775, 19.27336593614029425 ) ) ;
#659 = VERTEX_POINT ( 'NONE', #4713 ) ;
#660 = DIRECTION ( 'NONE',  ( 1.000000000000000000, 0.000000000000000000, 0.000000000000000000 ) ) ;
#661 = CARTESIAN_POINT ( 'NONE',  ( 7.195851852835107643, 8.305982996317688105, 6.867425061008350262 ) ) ;
#662 = VERTEX_POINT ( 'NONE', #7308 ) ;
#663 = DIRECTION ( 'NONE',  ( -0.000000000000000000, -1.000000000000000000, 0.000000000000000000 ) ) ;
#664 = ORIENTED_EDGE ( 'NONE', *, *, #8095, .T. ) ;
#665 = DIRECTION ( 'NONE',  ( -0.000000000000000000, -1.000000000000000000, -0.000000000000000000 ) ) ;
#666 = DIRECTION ( 'NONE',  ( 0.000000000000000000, 0.000000000000000000, 1.000000000000000000 ) ) ;
#667 = CARTESIAN_POINT ( 'NONE',  ( -5.701113787664245258, 6.000000000000000000, 17.27936130714347485 ) ) ;
#668 = DIRECTION ( 'NONE',  ( -0.000000000000000000, 1.000000000000000000, -0.000000000000000000 ) ) ;
#669 = FACE_OUTER_BOUND ( 'NONE', #7638, .T. ) ;
#670 = CARTESIAN_POINT ( 'NONE',  ( 6.852512898538162922, 9.433190333911822378, 7.255386512906412122 ) ) ;
#671 = CARTESIAN_POINT ( 'NONE',  ( -7.110841250845967743, 8.599999999999999645, 6.808815000076661406 ) ) ;
#672 = CARTESIAN_POINT ( 'NONE',  ( 7.437857532341245026, 6.000000000000000000, 19.91594893896790808 ) ) ;
#673 = ORIENTED_EDGE ( 'NONE', *, *, #6191, .T. ) ;
#674 = CARTESIAN_POINT ( 'NONE',  ( -5.356803030868132254, 6.800000000000002487, 17.27641699617045745 ) ) ;
#675 = EDGE_CURVE ( 'NONE', #7894, #5407, #6573, .T. ) ;
#676 = DIRECTION ( 'NONE',  ( 0.000000000000000000, 1.000000000000000000, 0.000000000000000000 ) ) ;
#677 = DIRECTION ( 'NONE',  ( 0.000000000000000000, 1.000000000000000000, 0.000000000000000000 ) ) ;
#678 = DIRECTION ( 'NONE',  ( -0.000000000000000000, 1.000000000000000000, 0.000000000000000000 ) ) ;
#679 = AXIS2_PLACEMENT_3D ( 'NONE', #6478, #3351, #1532 ) ;
#680 = DIRECTION ( 'NONE',  ( 0.000000000000000000, 1.000000000000000000, 0.000000000000000000 ) ) ;
#681 = CARTESIAN_POINT ( 'NONE',  ( 6.428410499367147146, 9.015939834575245726, 7.192642498474499213 ) ) ;
#682 = CARTESIAN_POINT ( 'NONE',  ( 9.673979932499838341, 10.81143326696420459, 1.827057378414158384 ) ) ;
#683 = ORIENTED_EDGE ( 'NONE', *, *, #2067, .F. ) ;
#684 = ORIENTED_EDGE ( 'NONE', *, *, #1765, .T. ) ;
#685 = EDGE_CURVE ( 'NONE', #5484, #4143, #3236, .T. ) ;
#686 = AXIS2_PLACEMENT_3D ( 'NONE', #6646, #2366, #1703 ) ;
#687 = CARTESIAN_POINT ( 'NONE',  ( 6.673394475638720458, 9.900000016684630921, 7.525370700258912748 ) ) ;
#688 = CARTESIAN_POINT ( 'NONE',  ( 8.667322176903361708, 6.304675718254366679, 5.004080791988345212 ) ) ;
#689 = DIRECTION ( 'NONE',  ( 0.000000000000000000, 1.000000000000000000, 0.000000000000000000 ) ) ;
#690 = CARTESIAN_POINT ( 'NONE',  ( -7.380981144411691730, 10.19334112733627684, 6.407762815347424201 ) ) ;
#691 = AXIS2_PLACEMENT_3D ( 'NONE', #3602, #6146, #7964 ) ;
#692 = AXIS2_PLACEMENT_3D ( 'NONE', #4089, #7264, #1000 ) ;
#693 = VERTEX_POINT ( 'NONE', #6650 ) ;
#694 = EDGE_CURVE ( 'NONE', #2697, #3474, #5377, .T. ) ;
#695 = ADVANCED_FACE ( 'NONE', ( #5873 ), #227, .T. ) ;
#696 = CARTESIAN_POINT ( 'NONE',  ( 5.739071754409777348, 7.478174883892661384, 18.63557911684709012 ) ) ;
#697 = DIRECTION ( 'NONE',  ( 0.000000000000000000, -8.673617379884012753E-14, -1.000000000000000000 ) ) ;
#698 = CARTESIAN_POINT ( 'NONE',  ( -4.072324875507366215, 6.999999999999993783, 19.45606775017765244 ) ) ;
#699 = DIRECTION ( 'NONE',  ( -5.551115123125782702E-17, -3.996802888650563546E-15, -1.000000000000000000 ) ) ;
#700 = CARTESIAN_POINT ( 'NONE',  ( 5.843799839679157948, 6.087525889297274340, 21.45479707642538614 ) ) ;
#701 = ORIENTED_EDGE ( 'NONE', *, *, #2517, .T. ) ;
#702 = PLANE ( 'NONE',  #1264 ) ;
#703 = CARTESIAN_POINT ( 'NONE',  ( 7.199485923954500599, 8.332948931155270245, 6.802786513166490856 ) ) ;
#704 = ORIENTED_EDGE ( 'NONE', *, *, #2014, .T. ) ;
#705 = EDGE_LOOP ( 'NONE', ( #407 ) ) ;
#706 = ORIENTED_EDGE ( 'NONE', *, *, #6294, .T. ) ;
#707 = CARTESIAN_POINT ( 'NONE',  ( -8.901873910500148313, 11.78857071385585975, 4.204838555904449215 ) ) ;
#708 = DIRECTION ( 'NONE',  ( 0.000000000000000000, 1.000000000000000000, 0.000000000000000000 ) ) ;
#709 = CARTESIAN_POINT ( 'NONE',  ( -5.575696992655920781, 6.000000000000000000, 17.26236369927910275 ) ) ;
#710 = DIRECTION ( 'NONE',  ( 0.000000000000000000, -1.000000000000000000, 0.000000000000000000 ) ) ;
#711 = SURFACE_STYLE_USAGE ( .BOTH. , #3805 ) ;
#712 = AXIS2_PLACEMENT_3D ( 'NONE', #975, #4102, #2257 ) ;
#713 = CARTESIAN_POINT ( 'NONE',  ( 6.900974656711176713, 9.054146243814196637, 6.908858958684083618 ) ) ;
#714 = ORIENTED_EDGE ( 'NONE', *, *, #3720, .F. ) ;
#715 = DIRECTION ( 'NONE',  ( 0.000000000000000000, -1.000000000000000000, 0.000000000000000000 ) ) ;
#716 = EDGE_CURVE ( 'NONE', #3523, #3523, #1776, .T. ) ;
#717 = AXIS2_PLACEMENT_3D ( 'NONE', #3052, #6172, #2507 ) ;
#718 = CARTESIAN_POINT ( 'NONE',  ( 6.324445163327192532, 6.000000000000000000, 20.98425185831137085 ) ) ;
#719 = ORIENTED_EDGE ( 'NONE', *, *, #2014, .F. ) ;
#720 = CARTESIAN_POINT ( 'NONE',  ( -6.895595664995841645, 6.800000000000000711, 17.95387619794268375 ) ) ;
#721 = AXIS2_PLACEMENT_3D ( 'NONE', #7104, #7140, #1458 ) ;
#722 = CARTESIAN_POINT ( 'NONE',  ( 6.424821642706382008, 6.980000000000000426, 23.57836966310849647 ) ) ;
#723 = CARTESIAN_POINT ( 'NONE',  ( -2.148881772512684751, 11.77999999999999936, 5.050283009462718908 ) ) ;
#724 = DIRECTION ( 'NONE',  ( -0.000000000000000000, -1.000000000000000000, -0.000000000000000000 ) ) ;
#725 = DIRECTION ( 'NONE',  ( 0.000000000000000000, 1.000000000000000000, 0.000000000000000000 ) ) ;
#726 = VERTEX_POINT ( 'NONE', #7891 ) ;
#727 = VECTOR ( 'NONE', #6756, 1000.000000000000000 ) ;
#728 = VERTEX_POINT ( 'NONE', #2246 ) ;
#729 = CARTESIAN_POINT ( 'NONE',  ( 4.977259442104888798, 8.281351934331269149, 16.10911240164473668 ) ) ;
#730 = CARTESIAN_POINT ( 'NONE',  ( 7.467239281172376231, 7.437527889051156471, 6.395794929850104005 ) ) ;
#731 = LINE ( 'NONE', #860, #5258 ) ;
#732 = AXIS2_PLACEMENT_3D ( 'NONE', #2566, #5074, #7013 ) ;
#733 = CARTESIAN_POINT ( 'NONE',  ( -4.800717528750984009, 6.049999999999999822, 17.08412951668937652 ) ) ;
#734 = EDGE_CURVE ( 'NONE', #7921, #7921, #7432, .T. ) ;
#735 = EDGE_LOOP ( 'NONE', ( #4890, #800, #5076, #4841 ) ) ;
#736 = CARTESIAN_POINT ( 'NONE',  ( 3.759630471489278314, 6.737025921153128927, 20.02182903530354352 ) ) ;
#737 = CARTESIAN_POINT ( 'NONE',  ( 6.493376432380005170, 6.999991437014952744, 20.41816641151913103 ) ) ;
#738 = CARTESIAN_POINT ( 'NONE',  ( 6.539587340866996890, 6.799999397791973266, 20.83830799979977044 ) ) ;
#739 = CARTESIAN_POINT ( 'NONE',  ( 0.000000000000000000, 10.79999999999999716, 0.000000000000000000 ) ) ;
#740 = CARTESIAN_POINT ( 'NONE',  ( 4.670107090621868018, 6.032474908038602202, 21.32185249830665441 ) ) ;
#741 = AXIS2_PLACEMENT_3D ( 'NONE', #5092, #6414, #764 ) ;
#742 = ORIENTED_EDGE ( 'NONE', *, *, #3576, .F. ) ;
#743 = AXIS2_PLACEMENT_3D ( 'NONE', #5486, #6681, #6644 ) ;
#744 = DIRECTION ( 'NONE',  ( 0.000000000000000000, -1.000000000000000000, -0.000000000000000000 ) ) ;
#745 = CARTESIAN_POINT ( 'NONE',  ( -5.299999999999994493, 6.800000000000000711, 19.38047814307507721 ) ) ;
#746 = ORIENTED_EDGE ( 'NONE', *, *, #630, .T. ) ;
#747 = CARTESIAN_POINT ( 'NONE',  ( -5.299999999999995381, 7.000000000000000000, 19.38047814307508077 ) ) ;
#748 = ORIENTED_EDGE ( 'NONE', *, *, #7090, .F. ) ;
#749 = FACE_OUTER_BOUND ( 'NONE', #4928, .T. ) ;
#750 = CARTESIAN_POINT ( 'NONE',  ( 0.000000000000000000, 11.81999999999999673, 0.000000000000000000 ) ) ;
#751 = VECTOR ( 'NONE', #1846, 1000.000000000000000 ) ;
#752 = CARTESIAN_POINT ( 'NONE',  ( -6.018877118274057914, 6.000000000000000000, 17.35842088917096859 ) ) ;
#753 = CARTESIAN_POINT ( 'NONE',  ( -8.980162878894658363, 11.77999999999999936, 4.232159575030512322 ) ) ;
#754 =( NAMED_UNIT ( * ) PLANE_ANGLE_UNIT ( ) SI_UNIT ( $, .RADIAN. ) );
#755 = EDGE_CURVE ( 'NONE', #5674, #1244, #5952, .T. ) ;
#756 = CARTESIAN_POINT ( 'NONE',  ( 7.069716140016231165, 9.192180460056599500, 6.869312722044277564 ) ) ;
#757 = FACE_OUTER_BOUND ( 'NONE', #2772, .T. ) ;
#758 = VECTOR ( 'NONE', #5087, 1000.000000000000000 ) ;
#759 = CARTESIAN_POINT ( 'NONE',  ( 6.125068030426688459, 6.000000000000000000, 17.40047733192780299 ) ) ;
#760 = ORIENTED_EDGE ( 'NONE', *, *, #6433, .F. ) ;
#761 = CARTESIAN_POINT ( 'NONE',  ( -6.579534958839830416, 6.800000000000001599, 17.65075657278072185 ) ) ;
#762 = CIRCLE ( 'NONE', #6819, 0.02000000000000005246 ) ;
#763 = VECTOR ( 'NONE', #3396, 1000.000000000000000 ) ;
#764 = DIRECTION ( 'NONE',  ( 0.000000000000000000, 0.000000000000000000, 1.000000000000000000 ) ) ;
#765 = DIRECTION ( 'NONE',  ( 0.000000000000000000, 0.000000000000000000, -1.000000000000000000 ) ) ;
#766 = CARTESIAN_POINT ( 'NONE',  ( 2.385244779468109755E-15, 7.000000000000000000, 19.94999999999999574 ) ) ;
#767 = DIRECTION ( 'NONE',  ( 0.000000000000000000, 0.000000000000000000, 1.000000000000000000 ) ) ;
#768 = VECTOR ( 'NONE', #4561, 1000.000000000000000 ) ;
#769 = FACE_OUTER_BOUND ( 'NONE', #5122, .T. ) ;
#770 = DIRECTION ( 'NONE',  ( 0.000000000000000000, 0.000000000000000000, -1.000000000000000000 ) ) ;
#771 = DIRECTION ( 'NONE',  ( -0.000000000000000000, -1.000000000000000000, 0.000000000000000000 ) ) ;
#772 = EDGE_LOOP ( 'NONE', ( #76, #3101, #7920, #6642 ) ) ;
#773 = CARTESIAN_POINT ( 'NONE',  ( 5.126485337263861020, 8.344713690411770912, 15.30195426120655178 ) ) ;
#774 = CARTESIAN_POINT ( 'NONE',  ( 7.172801359328659032, 8.204529648292073318, 6.740062440845495217 ) ) ;
#775 = VECTOR ( 'NONE', #6764, 1000.000000000000000 ) ;
#776 = DIRECTION ( 'NONE',  ( -0.000000000000000000, -1.000000000000000000, -0.000000000000000000 ) ) ;
#777 = CARTESIAN_POINT ( 'NONE',  ( -7.396393186815686249, 9.656191392111560745, 6.576704645449424902 ) ) ;
#778 = ORIENTED_EDGE ( 'NONE', *, *, #5881, .T. ) ;
#779 = CARTESIAN_POINT ( 'NONE',  ( 7.065148888488493206, 6.760141555847001271, 20.52909902879414972 ) ) ;
#780 = EDGE_CURVE ( 'NONE', #6626, #1640, #8039, .T. ) ;
#781 = CARTESIAN_POINT ( 'NONE',  ( -7.069671557728274713, 9.700000000000001066, 6.827102464871014575 ) ) ;
#782 = CARTESIAN_POINT ( 'NONE',  ( -1.999999999999958478, 6.000000000000000000, 22.89999999999999503 ) ) ;
#783 = LINE ( 'NONE', #257, #7274 ) ;
#784 = CARTESIAN_POINT ( 'NONE',  ( 7.293687090469687995, 5.848625664636876387, 19.48439938544699146 ) ) ;
#785 = ORIENTED_EDGE ( 'NONE', *, *, #6458, .F. ) ;
#786 = LINE ( 'NONE', #5818, #348 ) ;
#787 = FACE_OUTER_BOUND ( 'NONE', #7467, .T. ) ;
#788 = VERTEX_POINT ( 'NONE', #5265 ) ;
#789 = EDGE_LOOP ( 'NONE', ( #121, #2653, #3840, #2740, #5797 ) ) ;
#790 = CARTESIAN_POINT ( 'NONE',  ( -6.752496786510628013, 10.81143326696420459, -7.164343204131894183 ) ) ;
#791 = ORIENTED_EDGE ( 'NONE', *, *, #7339, .F. ) ;
#792 = CARTESIAN_POINT ( 'NONE',  ( -8.902379076562791482, 11.79047856838149677, 4.203768758766610603 ) ) ;
#793 = ADVANCED_FACE ( 'NONE', ( #932 ), #6078, .T. ) ;
#794 = CARTESIAN_POINT ( 'NONE',  ( 0.000000000000000000, 8.452916840983675684, 0.000000000000000000 ) ) ;
#795 = CARTESIAN_POINT ( 'NONE',  ( 1.230000000000081695, 11.79999999999999716, 9.871170143402443031 ) ) ;
#796 = CARTESIAN_POINT ( 'NONE',  ( -4.340868401650573638, 6.045631361252031155, 17.73262561261273973 ) ) ;
#797 = CARTESIAN_POINT ( 'NONE',  ( 7.102017508511572430, 9.286020649414840733, 6.935399054548799569 ) ) ;
#798 = ORIENTED_EDGE ( 'NONE', *, *, #1810, .T. ) ;
#799 = CARTESIAN_POINT ( 'NONE',  ( -4.746314235147946370, 11.79999999999999716, -8.625342090678607576 ) ) ;
#800 = ORIENTED_EDGE ( 'NONE', *, *, #5033, .F. ) ;
#801 = CARTESIAN_POINT ( 'NONE',  ( 4.769760086153643996, 6.000000000000000000, 17.49953901784268595 ) ) ;
#802 = EDGE_CURVE ( 'NONE', #5360, #7799, #5347, .T. ) ;
#803 = VERTEX_POINT ( 'NONE', #2802 ) ;
#804 = CARTESIAN_POINT ( 'NONE',  ( -7.100896771445525779, 6.799999999999999822, 18.24765242652208741 ) ) ;
#805 = CARTESIAN_POINT ( 'NONE',  ( 5.357951352565003766, 7.319461330365569118, 18.71071285229554348 ) ) ;
#806 = FACE_OUTER_BOUND ( 'NONE', #2748, .T. ) ;
#807 = CARTESIAN_POINT ( 'NONE',  ( -8.892467503436163767, 10.79999999999999893, 4.224694864760273560 ) ) ;
#808 = CARTESIAN_POINT ( 'NONE',  ( 6.569929212696917098, 9.434462518035623191, 7.332286878767792615 ) ) ;
#809 = CARTESIAN_POINT ( 'NONE',  ( 6.435386688645217568, 9.486941475088801923, 7.370642694342386392 ) ) ;
#810 = CARTESIAN_POINT ( 'NONE',  ( 4.895757551429182008, 6.819999999999997620, 21.16702921574279728 ) ) ;
#811 = FACE_OUTER_BOUND ( 'NONE', #2663, .T. ) ;
#812 = EDGE_LOOP ( 'NONE', ( #2893, #329, #5207, #228 ) ) ;
#813 = CARTESIAN_POINT ( 'NONE',  ( 5.303344929082926207, 7.468908896893646343, 16.85844332868316542 ) ) ;
#814 = CARTESIAN_POINT ( 'NONE',  ( 7.821348122532693736, 6.635111793375411793, 5.834165023809444683 ) ) ;
#815 = AXIS2_PLACEMENT_3D ( 'NONE', #477, #2343, #2892 ) ;
#816 = DIRECTION ( 'NONE',  ( 0.000000000000000000, 0.000000000000000000, 1.000000000000000000 ) ) ;
#817 = CARTESIAN_POINT ( 'NONE',  ( -7.254235113933758861, 9.345939585955798989, 6.759167326211816373 ) ) ;
#818 = VERTEX_POINT ( 'NONE', #4806 ) ;
#819 = CIRCLE ( 'NONE', #6869, 4.584519503718790467 ) ;
#820 = CARTESIAN_POINT ( 'NONE',  ( -1.230000000000081695, 11.79999999999999716, 9.767861843822311485 ) ) ;
#821 = CARTESIAN_POINT ( 'NONE',  ( 5.794819565457280497, 7.608856455419726217, 19.53727204292153630 ) ) ;
#822 = CARTESIAN_POINT ( 'NONE',  ( -6.133939628032193170, 9.943296279897580803, 8.836280578756863235 ) ) ;
#823 = CARTESIAN_POINT ( 'NONE',  ( 6.547789082634082547, 6.802549706290982989, 20.82618526229697764 ) ) ;
#824 = DIRECTION ( 'NONE',  ( -0.3090169943749030979, 0.000000000000000000, 0.9510565162951679641 ) ) ;
#825 = AXIS2_PLACEMENT_3D ( 'NONE', #2743, #1461, #7107 ) ;
#826 = VECTOR ( 'NONE', #2205, 1000.000000000000000 ) ;
#827 = FACE_OUTER_BOUND ( 'NONE', #5571, .T. ) ;
#828 = ORIENTED_EDGE ( 'NONE', *, *, #7853, .F. ) ;
#829 = DIRECTION ( 'NONE',  ( 0.000000000000000000, 1.000000000000000000, 0.000000000000000000 ) ) ;
#830 = DIRECTION ( 'NONE',  ( -0.000000000000000000, -1.000000000000000000, -0.000000000000000000 ) ) ;
#831 = EDGE_LOOP ( 'NONE', ( #4196, #8122, #97, #5401 ) ) ;
#832 = DIRECTION ( 'NONE',  ( -0.1848436207418731048, 0.000000000000000000, 0.9827679460946182610 ) ) ;
#833 = DIRECTION ( 'NONE',  ( -0.000000000000000000, -1.000000000000000000, -0.000000000000000000 ) ) ;
#834 = DIRECTION ( 'NONE',  ( 0.000000000000000000, -0.000000000000000000, 1.000000000000000000 ) ) ;
#835 = CARTESIAN_POINT ( 'NONE',  ( -4.375940917613908354, 5.800000000000004263, 20.14043188635619330 ) ) ;
#836 = CARTESIAN_POINT ( 'NONE',  ( -6.537490030623168913, 6.000000000000000000, 20.84038371659741884 ) ) ;
#837 = CARTESIAN_POINT ( 'NONE',  ( -4.946370117162572022, 5.453718899874702153, 20.17341544291031852 ) ) ;
#838 = CARTESIAN_POINT ( 'NONE',  ( 1.234535130173204820, 11.79960898985012285, 9.767289931260419777 ) ) ;
#839 = ADVANCED_FACE ( 'NONE', ( #5922, #7937 ), #989, .F. ) ;
#840 = ORIENTED_EDGE ( 'NONE', *, *, #5457, .T. ) ;
#841 = CARTESIAN_POINT ( 'NONE',  ( 8.894433613214044243, 10.80052345739611397, 4.220553956547761665 ) ) ;
#842 = CARTESIAN_POINT ( 'NONE',  ( 6.104316802038225909, 6.000000000000000000, 17.39168922778805637 ) ) ;
#843 = ORIENTED_EDGE ( 'NONE', *, *, #1324, .T. ) ;
#844 = CARTESIAN_POINT ( 'NONE',  ( -3.918395940640948538, 6.800000000000002487, 20.14163298577119221 ) ) ;
#845 = CARTESIAN_POINT ( 'NONE',  ( 5.384317422193209524, 7.295853224918667834, 18.60805007475179806 ) ) ;
#846 = DIRECTION ( 'NONE',  ( -0.000000000000000000, -1.000000000000000000, -0.000000000000000000 ) ) ;
#847 = DIRECTION ( 'NONE',  ( 0.000000000000000000, 1.000000000000000000, -0.000000000000000000 ) ) ;
#848 = FACE_OUTER_BOUND ( 'NONE', #2794, .T. ) ;
#849 = EDGE_CURVE ( 'NONE', #2391, #1767, #5592, .T. ) ;
#850 = EDGE_CURVE ( 'NONE', #4143, #5893, #6620, .T. ) ;
#851 = AXIS2_PLACEMENT_3D ( 'NONE', #3132, #8111, #2599 ) ;
#852 = DIRECTION ( 'NONE',  ( -0.4794887268723013185, 0.000000000000000000, -0.8775480390282801579 ) ) ;
#853 = AXIS2_PLACEMENT_3D ( 'NONE', #4263, #3732, #5588 ) ;
#854 = CARTESIAN_POINT ( 'NONE',  ( 7.112404048102093590, 8.335610707127102614, 6.888188291522833850 ) ) ;
#855 = EDGE_LOOP ( 'NONE', ( #2279, #4278, #2639, #5753 ) ) ;
#856 = VECTOR ( 'NONE', #3693, 1000.000000000000000 ) ;
#857 = CARTESIAN_POINT ( 'NONE',  ( -1.270000000000081730, 10.81999999999999851, 9.848451654955706402 ) ) ;
#858 = CARTESIAN_POINT ( 'NONE',  ( -6.547441536976714715, 6.802434319293178433, 20.82667829905249235 ) ) ;
#859 = CARTESIAN_POINT ( 'NONE',  ( -7.205697395989959730, 8.325792720429838312, 6.811689157174853015 ) ) ;
#860 = CARTESIAN_POINT ( 'NONE',  ( 8.958846942560944271, 11.77999999999999936, 1.596578046876055312 ) ) ;
#861 = CIRCLE ( 'NONE', #3627, 0.02000000000000079839 ) ;
#862 = CARTESIAN_POINT ( 'NONE',  ( -7.409719255639153346, 9.450480339130246321, 6.340786894473533941 ) ) ;
#863 = ADVANCED_FACE ( 'NONE', ( #4021 ), #2216, .T. ) ;
#864 = ORIENTED_EDGE ( 'NONE', *, *, #3993, .F. ) ;
#865 = CARTESIAN_POINT ( 'NONE',  ( 5.737949580149537709, 7.210105942495944831, 20.51783389648640821 ) ) ;
#866 = CIRCLE ( 'NONE', #7576, 9.950000000000001066 ) ;
#867 = FACE_OUTER_BOUND ( 'NONE', #7262, .T. ) ;
#868 = DIRECTION ( 'NONE',  ( -0.000000000000000000, -0.000000000000000000, -1.000000000000000000 ) ) ;
#869 = DIRECTION ( 'NONE',  ( -0.000000000000000000, -1.000000000000000000, -0.000000000000000000 ) ) ;
#870 = CARTESIAN_POINT ( 'NONE',  ( 4.305293461728365578, 6.970489281293552608, 20.13748468381273327 ) ) ;
#871 = ORIENTED_EDGE ( 'NONE', *, *, #6994, .T. ) ;
#872 = DIRECTION ( 'NONE',  ( 0.000000000000000000, 0.000000000000000000, 1.000000000000000000 ) ) ;
#873 = ORIENTED_EDGE ( 'NONE', *, *, #2125, .F. ) ;
#874 = DIRECTION ( 'NONE',  ( 0.9934291461301871795, 0.000000000000000000, -0.1144488165908546656 ) ) ;
#875 = FACE_OUTER_BOUND ( 'NONE', #7579, .T. ) ;
#876 = CARTESIAN_POINT ( 'NONE',  ( 4.040135404576816747, 5.813325431609213112, 19.46959156069295815 ) ) ;
#877 = CARTESIAN_POINT ( 'NONE',  ( -2.509133998076038541, 6.600000000000000533, 19.64958055990333463 ) ) ;
#878 = VECTOR ( 'NONE', #3898, 1000.000000000000000 ) ;
#879 = CARTESIAN_POINT ( 'NONE',  ( -5.304231815702626918, 5.648859583623385028, 18.01287665417208572 ) ) ;
#880 = CIRCLE ( 'NONE', #5487, 0.01999999999999918510 ) ;
#881 = CARTESIAN_POINT ( 'NONE',  ( 4.731262682856447022, 11.79047856838149144, -8.633607497785334317 ) ) ;
#882 = CARTESIAN_POINT ( 'NONE',  ( -3.089133998076035947, 6.600000000000000533, 20.22958055990334003 ) ) ;
#883 = AXIS2_PLACEMENT_3D ( 'NONE', #73, #3776, #3819 ) ;
#884 = CARTESIAN_POINT ( 'NONE',  ( 4.356617131050448677, 6.000000000000000000, 17.83291377427076085 ) ) ;
#885 = VERTEX_POINT ( 'NONE', #4183 ) ;
#886 = CARTESIAN_POINT ( 'NONE',  ( -4.682543349102138208, 6.799999999999998934, 21.09246431917839359 ) ) ;
#887 = CARTESIAN_POINT ( 'NONE',  ( 5.397728997392804651, 7.251855829650618368, 18.45192907681569849 ) ) ;
#888 = ADVANCED_FACE ( 'NONE', ( #6702 ), #3501, .T. ) ;
#889 = CARTESIAN_POINT ( 'NONE',  ( -4.465092035840963369, 10.81999999999999851, -3.985018898156917455 ) ) ;
#890 = CARTESIAN_POINT ( 'NONE',  ( -7.389646018095829660, 7.000000000000000000, 22.86256345725345440 ) ) ;
#891 = AXIS2_PLACEMENT_3D ( 'NONE', #5546, #4848, #7323 ) ;
#892 = DIRECTION ( 'NONE',  ( -0.8775480390282801579, -0.000000000000000000, 0.4794887268723013740 ) ) ;
#893 = TOROIDAL_SURFACE ( 'NONE', #4715, 22.64579865550351201, 0.05000000000000000278 ) ;
#894 = DIRECTION ( 'NONE',  ( 0.000000000000000000, 1.000000000000000000, 0.000000000000000000 ) ) ;
#895 = ORIENTED_EDGE ( 'NONE', *, *, #1915, .F. ) ;
#896 = DIRECTION ( 'NONE',  ( -0.9820588696906381587, 0.000000000000000000, -0.1885745912416262604 ) ) ;
#897 = CIRCLE ( 'NONE', #3392, 4.604519503718790929 ) ;
#898 = CARTESIAN_POINT ( 'NONE',  ( 4.926113834077239240, 9.340757905408354489, 13.40421691047430564 ) ) ;
#899 = EDGE_CURVE ( 'NONE', #1649, #1414, #2309, .T. ) ;
#900 = LINE ( 'NONE', #4071, #6214 ) ;
#901 = EDGE_CURVE ( 'NONE', #6177, #7547, #6113, .T. ) ;
#902 = DIRECTION ( 'NONE',  ( -0.9510565162951499785, -0.000000000000000000, 0.3090169943749581649 ) ) ;
#903 = AXIS2_PLACEMENT_3D ( 'NONE', #2181, #7123, #5185 ) ;
#904 = CARTESIAN_POINT ( 'NONE',  ( -7.013715371731084502, 9.998969320429374363, 7.106898098421586596 ) ) ;
#905 = ORIENTED_EDGE ( 'NONE', *, *, #1576, .F. ) ;
#906 = CARTESIAN_POINT ( 'NONE',  ( -9.669879559919195344, 11.79999999999999716, 1.848635793404695971 ) ) ;
#907 = ADVANCED_FACE ( 'NONE', ( #2177, #3539 ), #1423, .T. ) ;
#908 = CARTESIAN_POINT ( 'NONE',  ( -4.995730090261728762, 7.939582795914769342, 15.89975686303590585 ) ) ;
#909 = CARTESIAN_POINT ( 'NONE',  ( 6.552680818906694071, 6.812598421028626561, 20.80132433301985273 ) ) ;
#910 = CARTESIAN_POINT ( 'NONE',  ( 5.300000000000001599, 6.800000000000000711, 19.38047814307507366 ) ) ;
#911 = CARTESIAN_POINT ( 'NONE',  ( -6.680789776143186032, 9.704501432125194782, 7.339296155538667321 ) ) ;
#912 = AXIS2_PLACEMENT_3D ( 'NONE', #5890, #79, #6962 ) ;
#913 = VERTEX_POINT ( 'NONE', #7658 ) ;
#914 = CARTESIAN_POINT ( 'NONE',  ( 8.973982539007218762, 0.000000000000000000, 4.251180705356286893 ) ) ;
#915 = ORIENTED_EDGE ( 'NONE', *, *, #4256, .F. ) ;
#916 = CARTESIAN_POINT ( 'NONE',  ( -6.759407652063678995, 10.80189296267286991, -7.157823537150875381 ) ) ;
#917 = CYLINDRICAL_SURFACE ( 'NONE', #3891, 0.9999999999999998890 ) ;
#918 = DIRECTION ( 'NONE',  ( -0.000000000000000000, -1.000000000000000000, -0.000000000000000000 ) ) ;
#919 = LINE ( 'NONE', #7848, #826 ) ;
#920 = CARTESIAN_POINT ( 'NONE',  ( -6.135727846683735720, 5.602812123622937790, 20.29538887964290694 ) ) ;
#921 = DIRECTION ( 'NONE',  ( -0.5877852522924685852, 0.000000000000000000, 0.8090169943749507819 ) ) ;
#922 = ORIENTED_EDGE ( 'NONE', *, *, #2951, .T. ) ;
#923 = CIRCLE ( 'NONE', #5531, 0.04999999999999921174 ) ;
#924 = CARTESIAN_POINT ( 'NONE',  ( 0.000000000000000000, 4.773516479222324804, 0.000000000000000000 ) ) ;
#925 = CYLINDRICAL_SURFACE ( 'NONE', #6686, 11.00000000000000178 ) ;
#926 = ORIENTED_EDGE ( 'NONE', *, *, #4404, .F. ) ;
#927 = CARTESIAN_POINT ( 'NONE',  ( 4.340447622330091626, 6.000000000000000000, 17.84734168387685216 ) ) ;
#928 = CARTESIAN_POINT ( 'NONE',  ( -4.023761773017942467, 6.800000000000000711, 18.12281760299966749 ) ) ;
#929 = CARTESIAN_POINT ( 'NONE',  ( -7.172365484968767468, 9.315289453127199693, 6.853474749025291857 ) ) ;
#930 = CARTESIAN_POINT ( 'NONE',  ( 0.000000000000000000, 11.77999999999999936, 0.000000000000000000 ) ) ;
#931 = CARTESIAN_POINT ( 'NONE',  ( 0.000000000000000000, 10.79999999999999893, 0.000000000000000000 ) ) ;
#932 = FACE_OUTER_BOUND ( 'NONE', #3134, .T. ) ;
#934 = ORIENTED_EDGE ( 'NONE', *, *, #1613, .F. ) ;
#933 = CARTESIAN_POINT ( 'NONE',  ( -6.540257097483058502, 9.876145110249552772, 7.358616040087952115 ) ) ;
#935 = B_SPLINE_CURVE_WITH_KNOTS ( 'NONE', 3,
 ( #327, #5470, #1067, #4192, #983, #2969, #3430, #5313, #2228, #1524, #3584, #2142, #7208, #445, #6590, #4651, #4111, #1645, #6669, #4074, #4735, #7828, #7168, #6711, #4031, #941, #370, #7251, #2853, #6086, #1026, #6548, #5357, #1565, #2186, #7868, #1607 ),
 .UNSPECIFIED., .F., .F.,
 ( 4, 3, 3, 3, 3, 3, 3, 3, 3, 3, 3, 3, 4 ),
 ( 5.844885543903973783E-17, 2.007139773629889427E-05, 2.173290868005733063E-05, 2.246671418603688318E-05, 2.309509703435929211E-05, 2.357568753562259173E-05, 2.405605724005729993E-05, 2.474291647558629295E-05, 2.603937283033180567E-05, 3.063422564494132887E-05, 5.288057085264326774E-05, 0.0001416711640523928787, 0.0002062124826738370123 ),
 .UNSPECIFIED. ) ;
#936 = EDGE_CURVE ( 'NONE', #165, #7969, #72, .T. ) ;
#937 = CARTESIAN_POINT ( 'NONE',  ( 7.173551898082401124, 8.308736703771632648, 6.884205269591609166 ) ) ;
#938 = ORIENTED_EDGE ( 'NONE', *, *, #7385, .T. ) ;
#939 = DIRECTION ( 'NONE',  ( -0.000000000000000000, -0.000000000000000000, 1.000000000000000000 ) ) ;
#940 = CARTESIAN_POINT ( 'NONE',  ( 7.895162610033202633, 6.953585139717779029, 6.131981103425210300 ) ) ;
#941 = CARTESIAN_POINT ( 'NONE',  ( 4.061047446415256168, 6.997183492036048946, 19.43770021233016365 ) ) ;
#942 = CARTESIAN_POINT ( 'NONE',  ( -6.591206903002126083, 9.374577050764278496, 7.314537622477898182 ) ) ;
#943 = ADVANCED_FACE ( 'NONE', ( #6373, #769 ), #2249, .T. ) ;
#944 = ORIENTED_EDGE ( 'NONE', *, *, #685, .F. ) ;
#945 = VERTEX_POINT ( 'NONE', #7851 ) ;
#946 = CARTESIAN_POINT ( 'NONE',  ( 3.323032830975961804, 6.800000000000000711, 19.64958055990333463 ) ) ;
#947 = CARTESIAN_POINT ( 'NONE',  ( -4.926113834077239240, 9.340757905408354489, 13.40421691047430564 ) ) ;
#948 = CARTESIAN_POINT ( 'NONE',  ( -7.708945389008606597, 6.682129935932534792, 20.07823299197399081 ) ) ;
#949 = DIRECTION ( 'NONE',  ( -0.000000000000000000, -1.000000000000000000, -0.000000000000000000 ) ) ;
#950 = DIRECTION ( 'NONE',  ( 1.000000000000000000, 0.000000000000000000, 0.000000000000000000 ) ) ;
#951 = ORIENTED_EDGE ( 'NONE', *, *, #5170, .T. ) ;
#952 = VECTOR ( 'NONE', #613, 1000.000000000000000 ) ;
#953 = ADVANCED_FACE ( 'NONE', ( #6611, #351 ), #4859, .F. ) ;
#954 = DIRECTION ( 'NONE',  ( 1.734723475976802551E-13, 0.000000000000000000, 1.000000000000000000 ) ) ;
#955 = EDGE_CURVE ( 'NONE', #2609, #208, #573, .T. ) ;
#956 = VERTEX_POINT ( 'NONE', #2165 ) ;
#957 = VERTEX_POINT ( 'NONE', #2984 ) ;
#958 = DIRECTION ( 'NONE',  ( 0.000000000000000000, 1.508668595729381755E-15, 1.000000000000000000 ) ) ;
#959 = DIRECTION ( 'NONE',  ( 0.000000000000000000, 1.000000000000000000, 0.000000000000000000 ) ) ;
#960 = AXIS2_PLACEMENT_3D ( 'NONE', #8128, #5702, #99 ) ;
#961 = DIRECTION ( 'NONE',  ( 0.9510565162951404306, 0.000000000000000000, -0.3090169943749879189 ) ) ;
#962 = CARTESIAN_POINT ( 'NONE',  ( -7.808335643263443870, 6.109105881770758195, 19.12395961024878588 ) ) ;
#963 = CARTESIAN_POINT ( 'NONE',  ( -4.465092035840836360, 10.81999999999999851, 3.985018898156889033 ) ) ;
#964 = ADVANCED_FACE ( 'NONE', ( #1004, #3185 ), #3741, .F. ) ;
#965 = ORIENTED_EDGE ( 'NONE', *, *, #3807, .T. ) ;
#966 = CARTESIAN_POINT ( 'NONE',  ( -4.733684591712369105, 11.79416303947169453, -8.632279949557064569 ) ) ;
#967 = AXIS2_PLACEMENT_3D ( 'NONE', #1897, #2520, #1277 ) ;
#968 = CIRCLE ( 'NONE', #7152, 9.845000000000000639 ) ;
#969 = EDGE_LOOP ( 'NONE', ( #2523, #7016, #4162, #6440 ) ) ;
#970 = FACE_OUTER_BOUND ( 'NONE', #3975, .T. ) ;
#971 = DIRECTION ( 'NONE',  ( 0.000000000000000000, 1.000000000000000000, 0.000000000000000000 ) ) ;
#972 = CARTESIAN_POINT ( 'NONE',  ( -4.230802746846967111, 6.000000000000000000, 20.62336602967098642 ) ) ;
#973 = CARTESIAN_POINT ( 'NONE',  ( 7.110841250845967743, 9.099999999999999645, 6.808815000076662294 ) ) ;
#974 = CARTESIAN_POINT ( 'NONE',  ( 4.465917116833907130, 5.848174501835107009, 20.42644773511836931 ) ) ;
#975 = CARTESIAN_POINT ( 'NONE',  ( -8.607407964159074609, 10.81999999999999851, 4.132073405850064773 ) ) ;
#976 = EDGE_CURVE ( 'NONE', #945, #2548, #4813, .T. ) ;
#978 = ORIENTED_EDGE ( 'NONE', *, *, #4113, .T. ) ;
#977 = CARTESIAN_POINT ( 'NONE',  ( -7.415458315259556343, 9.737482563079193909, 6.475738407439541433 ) ) ;
#979 = FACE_OUTER_BOUND ( 'NONE', #789, .T. ) ;
#980 = ORIENTED_EDGE ( 'NONE', *, *, #6205, .F. ) ;
#981 = CARTESIAN_POINT ( 'NONE',  ( -9.392311129871586672, 10.81999999999999851, -1.716389854460106834 ) ) ;
#982 = CARTESIAN_POINT ( 'NONE',  ( 7.113308241454178393, 8.506337453288335126, 6.928781919289829894 ) ) ;
#983 = CARTESIAN_POINT ( 'NONE',  ( 4.065755381696809501, 6.999226071885999545, 19.43653427070688977 ) ) ;
#984 = CARTESIAN_POINT ( 'NONE',  ( -6.802671736735216967, 9.197556851382037379, 7.120418629291501489 ) ) ;
#985 = ORIENTED_EDGE ( 'NONE', *, *, #1955, .F. ) ;
#986 = VERTEX_POINT ( 'NONE', #1219 ) ;
#987 = VECTOR ( 'NONE', #82, 1000.000000000000000 ) ;
#988 = CIRCLE ( 'NONE', #5200, 2.349999999999997868 ) ;
#989 = CONICAL_SURFACE ( 'NONE', #7705, 12.06000000000000050, 0.6435011087932802631 ) ;
#990 = DIRECTION ( 'NONE',  ( 0.000000000000000000, 0.000000000000000000, 1.000000000000000000 ) ) ;
#991 = CARTESIAN_POINT ( 'NONE',  ( -5.327651443505160067, 7.509005895333479508, 17.26931815637487588 ) ) ;
#992 = CARTESIAN_POINT ( 'NONE',  ( -6.181097465769348709, 7.548197806436285795, 19.26675242082944095 ) ) ;
#993 = CARTESIAN_POINT ( 'NONE',  ( 2.599999999999963229, 4.100000000000000533, 16.80000000000000071 ) ) ;
#994 = EDGE_CURVE ( 'NONE', #4107, #7455, #6785, .T. ) ;
#995 = FACE_OUTER_BOUND ( 'NONE', #1116, .T. ) ;
#996 = EDGE_LOOP ( 'NONE', ( #8059, #7293, #7850, #3530 ) ) ;
#997 = ORIENTED_EDGE ( 'NONE', *, *, #7485, .T. ) ;
#998 = VERTEX_POINT ( 'NONE', #4870 ) ;
#999 = AXIS2_PLACEMENT_3D ( 'NONE', #3666, #7377, #7530 ) ;
#1000 = DIRECTION ( 'NONE',  ( 0.000000000000000000, 0.000000000000000000, 1.000000000000000000 ) ) ;
#1001 = FACE_OUTER_BOUND ( 'NONE', #5945, .T. ) ;
#1002 = ADVANCED_FACE ( 'NONE', ( #3583, #443 ), #1647, .F. ) ;
#1003 = CARTESIAN_POINT ( 'NONE',  ( 5.250227438272913716, 7.000000000000005329, 20.84508014317921010 ) ) ;
#1004 = FACE_OUTER_BOUND ( 'NONE', #2571, .T. ) ;
#1005 = EDGE_CURVE ( 'NONE', #5100, #3605, #3622, .T. ) ;
#1006 = CYLINDRICAL_SURFACE ( 'NONE', #551, 0.02000000000000005246 ) ;
#1007 = CIRCLE ( 'NONE', #6007, 22.59579865550350775 ) ;
#1008 = CARTESIAN_POINT ( 'NONE',  ( 1.249070438891126678, 11.78643072530284464, 9.765441529622444605 ) ) ;
#1009 = CARTESIAN_POINT ( 'NONE',  ( 6.540462418320663218, 9.877111237725145543, 7.358433791383009570 ) ) ;
#1010 = ORIENTED_EDGE ( 'NONE', *, *, #4736, .T. ) ;
#1011 = DIRECTION ( 'NONE',  ( 0.000000000000000000, 0.000000000000000000, -1.000000000000000000 ) ) ;
#1012 = ORIENTED_EDGE ( 'NONE', *, *, #2273, .F. ) ;
#1013 = CARTESIAN_POINT ( 'NONE',  ( 4.131660915483353236, 6.000000000000000000, 18.02951932828835524 ) ) ;
#1014 = EDGE_CURVE ( 'NONE', #4094, #75, #7731, .T. ) ;
#1015 = CARTESIAN_POINT ( 'NONE',  ( -3.950255399104207754, 6.000000000000000000, 18.18799308445837681 ) ) ;
#1016 = CARTESIAN_POINT ( 'NONE',  ( -7.365362674980703517, 7.662927733316766243, 6.653073287689339033 ) ) ;
#1017 = CARTESIAN_POINT ( 'NONE',  ( 8.992057025490616695, 11.77999999999999936, 4.259743002849450733 ) ) ;
#1018 = DIRECTION ( 'NONE',  ( -0.000000000000000000, -1.000000000000000000, -0.000000000000000000 ) ) ;
#1019 = AXIS2_PLACEMENT_3D ( 'NONE', #3771, #5011, #5755 ) ;
#1021 = EDGE_LOOP ( 'NONE', ( #1785 ) ) ;
#1020 = CARTESIAN_POINT ( 'NONE',  ( -5.299694193678841536, 7.336434967630618864, 18.81254684149753942 ) ) ;
#1022 = CARTESIAN_POINT ( 'NONE',  ( 0.000000000000000000, 12.77999999999999936, 0.000000000000000000 ) ) ;
#1023 = CARTESIAN_POINT ( 'NONE',  ( -9.670457748123022057, 11.79982368121207870, 1.845609433285187784 ) ) ;
#1024 = VERTEX_POINT ( 'NONE', #480 ) ;
#1025 = DIRECTION ( 'NONE',  ( 0.000000000000000000, 0.000000000000000000, 1.000000000000000000 ) ) ;
#1026 = CARTESIAN_POINT ( 'NONE',  ( 4.057821523457353585, 6.993339346551548097, 19.46277622290174847 ) ) ;
#1027 = AXIS2_PLACEMENT_3D ( 'NONE', #7122, #6503, #2718 ) ;
#1028 = CARTESIAN_POINT ( 'NONE',  ( -6.637739324347308845, 8.980656616306156081, 7.047892797392599995 ) ) ;
#1029 = EDGE_LOOP ( 'NONE', ( #760, #5408, #3305, #9 ) ) ;
#1030 = AXIS2_PLACEMENT_3D ( 'NONE', #467, #4135, #6653 ) ;
#1031 = ORIENTED_EDGE ( 'NONE', *, *, #7950, .T. ) ;
#1032 = FACE_OUTER_BOUND ( 'NONE', #2739, .T. ) ;
#1033 = CARTESIAN_POINT ( 'NONE',  ( -5.200330760611887371, 7.228308768018236741, 18.80555947608375789 ) ) ;
#1034 = CARTESIAN_POINT ( 'NONE',  ( -7.065148888488493206, 6.760141555847001271, 20.52909902879414972 ) ) ;
#1035 = CARTESIAN_POINT ( 'NONE',  ( 9.752705364832129575, 10.81999999999999851, 1.854518284292341113 ) ) ;
#1036 = ORIENTED_EDGE ( 'NONE', *, *, #1157, .T. ) ;
#1037 = AXIS2_PLACEMENT_3D ( 'NONE', #2676, #200, #322 ) ;
#1038 = ORIENTED_EDGE ( 'NONE', *, *, #5684, .T. ) ;
#1039 = VERTEX_POINT ( 'NONE', #4748 ) ;
#1040 = EDGE_CURVE ( 'NONE', #7, #6451, #6710, .T. ) ;
#1041 = DIRECTION ( 'NONE',  ( 0.000000000000000000, -0.000000000000000000, 1.000000000000000000 ) ) ;
#1042 = LINE ( 'NONE', #423, #775 ) ;
#1043 = CARTESIAN_POINT ( 'NONE',  ( 1.250161680536381326, 10.79999999999999893, 9.850989583413356954 ) ) ;
#1044 = AXIS2_PLACEMENT_3D ( 'NONE', #1935, #6180, #2552 ) ;
#1045 = CARTESIAN_POINT ( 'NONE',  ( -1.230000000000081695, 11.77999999999999936, 0.000000000000000000 ) ) ;
#1046 = CARTESIAN_POINT ( 'NONE',  ( 6.816226223554575192, 11.79999999999999716, -7.221077486727792483 ) ) ;
#1047 = EDGE_LOOP ( 'NONE', ( #3635 ) ) ;
#1048 = CARTESIAN_POINT ( 'NONE',  ( 6.527173843282835008, 8.951407465116259843, 7.097388903701422613 ) ) ;
#1049 = CARTESIAN_POINT ( 'NONE',  ( 7.166888721069482493, 9.347646177893855324, 6.899898698929068708 ) ) ;
#1050 = ADVANCED_FACE ( 'NONE', ( #4305 ), #5854, .T. ) ;
#1052 = ADVANCED_FACE ( 'NONE', ( #8024 ), #7959, .T. ) ;
#1051 = ORIENTED_EDGE ( 'NONE', *, *, #5000, .T. ) ;
#1053 = PLANE ( 'NONE',  #7525 ) ;
#1054 = CARTESIAN_POINT ( 'NONE',  ( -4.273366662557192441, 6.000000000000000000, 17.90656260004832490 ) ) ;
#1055 = CARTESIAN_POINT ( 'NONE',  ( -6.992831945748592126, 8.599999999999999645, 6.808781967098552990 ) ) ;
#1056 = FACE_OUTER_BOUND ( 'NONE', #4513, .T. ) ;
#1057 = CARTESIAN_POINT ( 'NONE',  ( 7.263593976810541974, 10.48097727403911961, 6.395955940127352690 ) ) ;
#1058 = AXIS2_PLACEMENT_3D ( 'NONE', #6822, #1175, #1211 ) ;
#1060 = VERTEX_POINT ( 'NONE', #555 ) ;
#1059 = CARTESIAN_POINT ( 'NONE',  ( 4.939413600659226411, 6.800785966947087147, 21.23692349930896839 ) ) ;
#1061 = ADVANCED_FACE ( 'NONE', ( #2931 ), #8101, .T. ) ;
#1062 = EDGE_CURVE ( 'NONE', #7426, #1603, #2260, .T. ) ;
#1063 = CARTESIAN_POINT ( 'NONE',  ( -9.670167915756568533, 11.80000000000013749, 1.847127456160684522 ) ) ;
#1064 = ORIENTED_EDGE ( 'NONE', *, *, #7239, .T. ) ;
#1065 = CYLINDRICAL_SURFACE ( 'NONE', #2317, 12.50000000000000000 ) ;
#1066 = CARTESIAN_POINT ( 'NONE',  ( 4.305293461728365578, 6.970489281293552608, 20.13748468381273327 ) ) ;
#1067 = CARTESIAN_POINT ( 'NONE',  ( 4.069468461897295164, 7.000158095152299254, 19.44270086409785847 ) ) ;
#1068 = CARTESIAN_POINT ( 'NONE',  ( -6.609389235906399485, 9.881272355786846262, 7.346952473624531521 ) ) ;
#1069 = ORIENTED_EDGE ( 'NONE', *, *, #6550, .T. ) ;
#1070 = ORIENTED_EDGE ( 'NONE', *, *, #1103, .T. ) ;
#1071 = CARTESIAN_POINT ( 'NONE',  ( 6.551856913647050362, 6.819999999999999396, 20.78613535676145929 ) ) ;
#1072 = CARTESIAN_POINT ( 'NONE',  ( -5.180207657965882895, 7.299179733699106443, 17.99796898046349014 ) ) ;
#1073 = CARTESIAN_POINT ( 'NONE',  ( -5.299999999999994493, 6.049999999999999822, 19.38047814307507721 ) ) ;
#1074 = CARTESIAN_POINT ( 'NONE',  ( 9.670737071045680366, 11.79960898985012285, 1.844145897600242057 ) ) ;
#1075 = ORIENTED_EDGE ( 'NONE', *, *, #4881, .T. ) ;
#1076 = EDGE_CURVE ( 'NONE', #5810, #2391, #2972, .T. ) ;
#1077 = ORIENTED_EDGE ( 'NONE', *, *, #3075, .T. ) ;
#1078 = CARTESIAN_POINT ( 'NONE',  ( 0.000000000000000000, 8.444827586206898218, -12.83793103448276085 ) ) ;
#1079 = CARTESIAN_POINT ( 'NONE',  ( 4.811340560054161664, 6.750000000000000888, 17.13298799810183581 ) ) ;
#1080 = DIRECTION ( 'NONE',  ( -0.000000000000000000, 0.000000000000000000, -1.000000000000000000 ) ) ;
#1081 = PLANE ( 'NONE',  #691 ) ;
#1082 = AXIS2_PLACEMENT_3D ( 'NONE', #6518, #4659, #7178 ) ;
#1083 = CARTESIAN_POINT ( 'NONE',  ( -2.584705882352900996, 4.100000000000000533, 16.70117647058824062 ) ) ;
#1084 = B_SPLINE_CURVE_WITH_KNOTS ( 'NONE', 3,
 ( #7489, #3695, #4308, #4349, #1307, #4436, #8064, #3123, #7526, #1223, #1976, #4391, #558, #2427, #4933, #6909, #5096, #3734, #1803, #8144, #3165, #5672 ),
 .UNSPECIFIED., .F., .F.,
 ( 4, 3, 3, 3, 3, 3, 3, 4 ),
 ( 0.000000000000000000, 3.288995133068802584E-06, 5.928473684028051941E-06, 8.577550104143709405E-06, 1.181234439208726605E-05, 1.707320166530784975E-05, 2.812580255015413656E-05, 5.178202907363333904E-05 ),
 .UNSPECIFIED. ) ;
#1085 = CARTESIAN_POINT ( 'NONE',  ( 2.599999999999963229, 6.000000000000000000, 16.80000000000000071 ) ) ;
#1086 = ORIENTED_EDGE ( 'NONE', *, *, #1355, .F. ) ;
#1087 = DIRECTION ( 'NONE',  ( 0.000000000000000000, 0.000000000000000000, -1.000000000000000000 ) ) ;
#1088 = EDGE_LOOP ( 'NONE', ( #6108, #5626, #4501, #6022 ) ) ;
#1089 = AXIS2_PLACEMENT_3D ( 'NONE', #48, #571, #4492 ) ;
#1090 = VECTOR ( 'NONE', #4005, 1000.000000000000000 ) ;
#1091 = FACE_OUTER_BOUND ( 'NONE', #2919, .T. ) ;
#1092 = CARTESIAN_POINT ( 'NONE',  ( -4.300405179325891503, 6.000000000000000000, 17.88283832009246055 ) ) ;
#1093 = CARTESIAN_POINT ( 'NONE',  ( -7.208188176416903126, 8.084574081102037013, 6.699610972112686191 ) ) ;
#1094 = DIRECTION ( 'NONE',  ( 1.000000000000000000, 0.000000000000000000, -1.297293286543591323E-16 ) ) ;
#1095 = CARTESIAN_POINT ( 'NONE',  ( 7.440957880561455795, 9.857545320856655024, 6.345202350927636736 ) ) ;
#1096 = EDGE_CURVE ( 'NONE', #956, #2849, #5485, .T. ) ;
#1097 = CARTESIAN_POINT ( 'NONE',  ( -5.295458589761850909, 7.336357173393073694, 18.81421473576994430 ) ) ;
#1098 = CARTESIAN_POINT ( 'NONE',  ( -7.147537471849536139, 8.317093379538615494, 6.891994568971482771 ) ) ;
#1099 = VERTEX_POINT ( 'NONE', #1259 ) ;
#1100 = FACE_OUTER_BOUND ( 'NONE', #2704, .T. ) ;
#1101 = DIRECTION ( 'NONE',  ( 0.000000000000000000, 1.000000000000000000, 0.000000000000000000 ) ) ;
#1102 = CARTESIAN_POINT ( 'NONE',  ( 5.298927265765977168, 6.800000000000000711, 17.28444835580650008 ) ) ;
#1103 = EDGE_CURVE ( 'NONE', #5995, #5379, #5628, .T. ) ;
#1104 = EDGE_CURVE ( 'NONE', #2435, #6594, #1540, .T. ) ;
#1105 = CARTESIAN_POINT ( 'NONE',  ( -6.280309829854982873, 10.01444651094300475, 7.408629886610246906 ) ) ;
#1106 = DIRECTION ( 'NONE',  ( 0.2124606260634139265, 0.000000000000000000, 0.9771696282492319252 ) ) ;
#1107 = ORIENTED_EDGE ( 'NONE', *, *, #3871, .T. ) ;
#1108 = ORIENTED_EDGE ( 'NONE', *, *, #4675, .F. ) ;
#1109 = DIRECTION ( 'NONE',  ( -0.000000000000000000, -1.000000000000000000, 0.000000000000000000 ) ) ;
#1110 = CARTESIAN_POINT ( 'NONE',  ( -4.350483896595092936, 5.857108324669094479, 20.30594181462731385 ) ) ;
#1111 = CARTESIAN_POINT ( 'NONE',  ( -2.499999999999959144, 4.100000000000000533, 16.80000000000000071 ) ) ;
#1112 = EDGE_CURVE ( 'NONE', #5399, #1571, #7072, .T. ) ;
#1113 = CARTESIAN_POINT ( 'NONE',  ( 9.670305782028060904, 11.79999999999999716, 1.846406302623861961 ) ) ;
#1114 = DIRECTION ( 'NONE',  ( 0.000000000000000000, 0.000000000000000000, -1.000000000000000000 ) ) ;
#1115 = ORIENTED_EDGE ( 'NONE', *, *, #5787, .T. ) ;
#1116 = EDGE_LOOP ( 'NONE', ( #742 ) ) ;
#1117 = AXIS2_PLACEMENT_3D ( 'NONE', #4949, #504, #4285 ) ;
#1118 = VERTEX_POINT ( 'NONE', #6025 ) ;
#1119 = AXIS2_PLACEMENT_3D ( 'NONE', #6661, #1018, #7821 ) ;
#1120 = CARTESIAN_POINT ( 'NONE',  ( -9.950000000000001066, 10.79999999999999893, 0.000000000000000000 ) ) ;
#1121 = AXIS2_PLACEMENT_3D ( 'NONE', #3119, #1683, #1880 ) ;
#1122 = DIRECTION ( 'NONE',  ( 0.000000000000000000, 1.000000000000000000, 0.000000000000000000 ) ) ;
#1123 = DIRECTION ( 'NONE',  ( -0.1278952668680894134, 0.000000000000000000, 0.9917876792503221850 ) ) ;
#1124 = DIRECTION ( 'NONE',  ( -0.9510565162951499785, 0.000000000000000000, 0.3090169943749581649 ) ) ;
#1125 = CARTESIAN_POINT ( 'NONE',  ( -3.089133998076035947, 6.800000000000000711, 19.64958055990333463 ) ) ;
#1126 = VERTEX_POINT ( 'NONE', #4475 ) ;
#1127 = CARTESIAN_POINT ( 'NONE',  ( 7.134043467856368004, 9.224150495180380105, 6.808044767106309791 ) ) ;
#1128 = EDGE_LOOP ( 'NONE', ( #4536, #3299 ) ) ;
#1129 = FACE_OUTER_BOUND ( 'NONE', #3936, .T. ) ;
#1130 = CARTESIAN_POINT ( 'NONE',  ( 5.169037455267297965, 7.339590623792748403, 17.81354984643425610 ) ) ;
#1131 = CIRCLE ( 'NONE', #5877, 0.02000000000000014613 ) ;
#1132 = CARTESIAN_POINT ( 'NONE',  ( -3.717825450737131554, 6.000000000000000000, 18.42059138546670738 ) ) ;
#1133 = CARTESIAN_POINT ( 'NONE',  ( -7.963941695581372215, 6.652995376149286599, 5.924468968098311805 ) ) ;
#1134 = DIRECTION ( 'NONE',  ( 1.297293286543607101E-16, -0.000000000000000000, 1.000000000000000000 ) ) ;
#1135 = CARTESIAN_POINT ( 'NONE',  ( 7.449221061335780547, 9.715825875682696733, 6.301909302479550945 ) ) ;
#1136 = CARTESIAN_POINT ( 'NONE',  ( -6.424821642706378455, 6.800000000000000711, 23.57836966310849292 ) ) ;
#1137 = CARTESIAN_POINT ( 'NONE',  ( -7.174981264985624385, 8.308431036725709262, 6.883446395412773811 ) ) ;
#1138 = ORIENTED_EDGE ( 'NONE', *, *, #3031, .T. ) ;
#1139 = CARTESIAN_POINT ( 'NONE',  ( -4.724819198364194506, 10.80758250467072301, -8.637135436171972103 ) ) ;
#1140 = EDGE_CURVE ( 'NONE', #3569, #818, #6409, .T. ) ;
#1141 = CARTESIAN_POINT ( 'NONE',  ( -1.248155226405659235, 11.78867920919396362, 9.765558564382621043 ) ) ;
#1142 = CARTESIAN_POINT ( 'NONE',  ( 3.787503902631453201, 6.800000000000000711, 18.33909966004703662 ) ) ;
#1143 = AXIS2_PLACEMENT_3D ( 'NONE', #1431, #636, #4555 ) ;
#1144 = CARTESIAN_POINT ( 'NONE',  ( 4.710943995265041373, 10.79999999999999893, -8.644711196649449647 ) ) ;
#1145 = CIRCLE ( 'NONE', #1542, 1.229999999999970894 ) ;
#1146 = LINE ( 'NONE', #4858, #4177 ) ;
#1147 = ORIENTED_EDGE ( 'NONE', *, *, #6133, .T. ) ;
#1148 = EDGE_CURVE ( 'NONE', #6512, #7854, #361, .T. ) ;
#1149 = EDGE_LOOP ( 'NONE', ( #3176, #8082, #938, #2535 ) ) ;
#1150 = ADVANCED_FACE ( 'NONE', ( #7076 ), #115, .F. ) ;
#1151 = AXIS2_PLACEMENT_3D ( 'NONE', #4268, #6174, #954 ) ;
#1152 = DIRECTION ( 'NONE',  ( 0.000000000000000000, 0.000000000000000000, 1.000000000000000000 ) ) ;
#1153 = CARTESIAN_POINT ( 'NONE',  ( 9.673309366808990006, 11.78857071385586330, 1.830604352029484794 ) ) ;
#1154 = ORIENTED_EDGE ( 'NONE', *, *, #6833, .F. ) ;
#1155 = CIRCLE ( 'NONE', #891, 0.5000000000000004441 ) ;
#1156 = EDGE_LOOP ( 'NONE', ( #4915, #241, #798, #1806 ) ) ;
#1157 = EDGE_CURVE ( 'NONE', #1767, #1099, #3293, .T. ) ;
#1158 = AXIS2_PLACEMENT_3D ( 'NONE', #6897, #5704, #5128 ) ;
#1159 = CARTESIAN_POINT ( 'NONE',  ( -5.919015443019890022, 6.999999999999818812, 20.77408281304266779 ) ) ;
#1160 = DIRECTION ( 'NONE',  ( 0.000000000000000000, 0.000000000000000000, 1.000000000000000000 ) ) ;
#1161 = DIRECTION ( 'NONE',  ( -0.000000000000000000, -1.000000000000000000, -0.000000000000000000 ) ) ;
#1162 = LINE ( 'NONE', #6766, #4477 ) ;
#1164 = DIRECTION ( 'NONE',  ( 0.3090169943749582204, -0.000000000000000000, 0.9510565162951500895 ) ) ;
#1163 = AXIS2_PLACEMENT_3D ( 'NONE', #7546, #1864, #2445 ) ;
#1165 = B_SPLINE_SURFACE_WITH_KNOTS ( 'NONE', 5, 5, ( 
 ( #3638, #4325, #3026, #1193, #5529, #4403, #6921, #8038, #4986, #2518, #3703, #6225 ),
 ( #2400, #6263, #7502, #6879, #3136, #5646, #1894, #1275, #45, #2557, #5811, #6387 ),
 ( #736, #5855, #6473, #3306, #3830, #167, #7626, #696, #7708, #6966, #6346, #2645 ),
 ( #2686, #253, #7752, #5195, #3954, #5895, #821, #3264, #2773, #6514, #2069, #5111 ),
 ( #5772, #2602, #7668, #1320, #865, #7581, #1987, #1942, #3873, #4448, #1404, #7093 ),
 ( #1362, #2030, #3222, #2109, #6430, #127, #3994, #779, #5727, #1489, #84, #2731 ) ),
 .UNSPECIFIED., .F., .F., .F.,
 ( 6, 6 ),
 ( 6, 3, 3, 6 ),
 ( -1.806445612144857327, 2.046366572360558855 ),
 ( -1.961932790050075370, -0.4885171490032205188, 0.2974562075680211581, 1.869402920710504068 ),
 .UNSPECIFIED. ) ;
#1166 = CARTESIAN_POINT ( 'NONE',  ( 7.203340513639736820, 8.307007464160808041, 6.857134109082489104 ) ) ;
#1167 = ORIENTED_EDGE ( 'NONE', *, *, #2465, .F. ) ;
#1168 = FACE_OUTER_BOUND ( 'NONE', #6196, .T. ) ;
#1169 = EDGE_LOOP ( 'NONE', ( #7391, #7911, #4541, #1952 ) ) ;
#1170 = CARTESIAN_POINT ( 'NONE',  ( -6.744439572786279591, 11.79697642398282120, -7.171928819137527000 ) ) ;
#1171 = AXIS2_PLACEMENT_3D ( 'NONE', #8040, #1820, #2401 ) ;
#1172 = DIRECTION ( 'NONE',  ( -0.9510565162951544194, 0.000000000000000000, -0.3090169943749447312 ) ) ;
#1173 = CARTESIAN_POINT ( 'NONE',  ( -4.330138364240013082, 6.000000000000000000, 17.85654490254429305 ) ) ;
#1174 = CARTESIAN_POINT ( 'NONE',  ( -7.247146500334116226, 8.421104779352431180, 6.912362670650752605 ) ) ;
#1175 = DIRECTION ( 'NONE',  ( 0.000000000000000000, 1.000000000000000000, 0.000000000000000000 ) ) ;
#1176 = CARTESIAN_POINT ( 'NONE',  ( 7.287007300167632984, 10.13358888418195214, 6.641754189267775388 ) ) ;
#1177 = CARTESIAN_POINT ( 'NONE',  ( -5.291000742653805489, 7.336054796456556559, 18.81488910919972213 ) ) ;
#1178 = CARTESIAN_POINT ( 'NONE',  ( 7.507884601581874762, 6.000000000000000000, 19.21725118191062975 ) ) ;
#1179 = ORIENTED_EDGE ( 'NONE', *, *, #1743, .F. ) ;
#1180 = DIRECTION ( 'NONE',  ( -0.3090169943749878634, 0.000000000000000000, -0.9510565162951403195 ) ) ;
#1181 = DIRECTION ( 'NONE',  ( -0.000000000000000000, -1.000000000000000000, -0.000000000000000000 ) ) ;
#1182 = CARTESIAN_POINT ( 'NONE',  ( 3.531926070140930296, 6.800000000000000711, 18.70066144905894134 ) ) ;
#1183 = DIRECTION ( 'NONE',  ( 0.000000000000000000, -1.000000000000000000, -0.000000000000000000 ) ) ;
#1184 = DIRECTION ( 'NONE',  ( 0.000000000000000000, 0.000000000000000000, -1.000000000000000000 ) ) ;
#1185 = ORIENTED_EDGE ( 'NONE', *, *, #3977, .T. ) ;
#1186 = ORIENTED_EDGE ( 'NONE', *, *, #2831, .F. ) ;
#1187 = CARTESIAN_POINT ( 'NONE',  ( -3.089133998076035947, 6.600000000000000533, 19.64958055990333463 ) ) ;
#1188 = CARTESIAN_POINT ( 'NONE',  ( -4.827953083600429629, 5.800000000000000711, 20.62761665256642729 ) ) ;
#1189 = CARTESIAN_POINT ( 'NONE',  ( 6.739833234074520618, 11.79947760415738500, -7.176257588525332132 ) ) ;
#1190 = EDGE_CURVE ( 'NONE', #1603, #3737, #1936, .T. ) ;
#1191 = ADVANCED_FACE ( 'NONE', ( #5137 ), #2503, .T. ) ;
#1192 = ORIENTED_EDGE ( 'NONE', *, *, #7844, .T. ) ;
#1193 = CARTESIAN_POINT ( 'NONE',  ( 3.599710338147941613, 6.727816660407002658, 18.25235602277547997 ) ) ;
#1194 = DIRECTION ( 'NONE',  ( 1.000000000000000000, 4.336808689942194441E-14, -3.761581922631463518E-27 ) ) ;
#1195 = PLANE ( 'NONE',  #4052 ) ;
#1196 = DIRECTION ( 'NONE',  ( 0.000000000000000000, 1.000000000000000000, 0.000000000000000000 ) ) ;
#1197 = EDGE_CURVE ( 'NONE', #3474, #6412, #7652, .T. ) ;
#1198 = DIRECTION ( 'NONE',  ( 0.000000000000000000, 0.000000000000000000, 1.000000000000000000 ) ) ;
#1199 = ADVANCED_FACE ( 'NONE', ( #23 ), #4957, .T. ) ;
#1200 = ORIENTED_EDGE ( 'NONE', *, *, #2804, .T. ) ;
#1201 = FACE_OUTER_BOUND ( 'NONE', #3494, .T. ) ;
#1202 = VERTEX_POINT ( 'NONE', #2669 ) ;
#1203 = ORIENTED_EDGE ( 'NONE', *, *, #7248, .T. ) ;
#1204 = DIRECTION ( 'NONE',  ( -0.9820588696906379367, 0.000000000000000000, 0.1885745912416261216 ) ) ;
#1205 = ORIENTED_EDGE ( 'NONE', *, *, #6984, .T. ) ;
#1206 = CARTESIAN_POINT ( 'NONE',  ( -2.584705882352900996, 5.899999999999999467, 16.70117647058824062 ) ) ;
#1207 = TOROIDAL_SURFACE ( 'NONE', #1740, 27.24579865550350632, 0.05000000000000000278 ) ;
#1208 = CARTESIAN_POINT ( 'NONE',  ( -5.198062429709572996, 7.219433572410524746, 18.40163404511801559 ) ) ;
#1209 = CARTESIAN_POINT ( 'NONE',  ( -5.890762472419378781, 6.000000000000000000, 17.31805431287683561 ) ) ;
#1210 = CARTESIAN_POINT ( 'NONE',  ( -7.851768282167073565, 7.008083653536769653, 6.033948159809319201 ) ) ;
#1211 = DIRECTION ( 'NONE',  ( 0.000000000000000000, 0.000000000000000000, 1.000000000000000000 ) ) ;
#1212 = EDGE_CURVE ( 'NONE', #4538, #1887, #5177, .T. ) ;
#1213 = CARTESIAN_POINT ( 'NONE',  ( 7.400744865684290019, 9.356706911481310840, 6.297833649286434188 ) ) ;
#1214 = DIRECTION ( 'NONE',  ( 0.000000000000000000, 1.000000000000000000, 0.000000000000000000 ) ) ;
#1215 = AXIS2_PLACEMENT_3D ( 'NONE', #739, #1196, #6230 ) ;
#1216 = CARTESIAN_POINT ( 'NONE',  ( 7.519986154527267708, 6.000000000000000000, 19.66279430696065589 ) ) ;
#1217 = ORIENTED_EDGE ( 'NONE', *, *, #5342, .T. ) ;
#1218 = CARTESIAN_POINT ( 'NONE',  ( -4.713653276079839749, 10.80017665580928110, -8.643234350509301223 ) ) ;
#1219 = CARTESIAN_POINT ( 'NONE',  ( 9.673644911948311886, 11.77999999999999936, 1.828829985957295401 ) ) ;
#1220 = CARTESIAN_POINT ( 'NONE',  ( 7.533518622137026277, 6.800000000000000711, 19.39979871779979703 ) ) ;
#1221 = AXIS2_PLACEMENT_3D ( 'NONE', #6067, #7887, #4708 ) ;
#1222 = ADVANCED_FACE ( 'NONE', ( #6369 ), #5750, .T. ) ;
#1223 = CARTESIAN_POINT ( 'NONE',  ( -6.500573915464832986, 6.998378770762414547, 20.41630770412448825 ) ) ;
#1224 = CARTESIAN_POINT ( 'NONE',  ( 9.673644911948310110, 10.81999999999999851, 1.828829985957294957 ) ) ;
#1225 = ORIENTED_EDGE ( 'NONE', *, *, #494, .F. ) ;
#1226 = VECTOR ( 'NONE', #4165, 1000.000000000000000 ) ;
#1227 = ORIENTED_EDGE ( 'NONE', *, *, #6641, .T. ) ;
#1228 = FACE_OUTER_BOUND ( 'NONE', #7732, .T. ) ;
#1229 = CARTESIAN_POINT ( 'NONE',  ( -4.164368546225965417, 5.839926581748345669, 19.93323595731152054 ) ) ;
#1230 = CARTESIAN_POINT ( 'NONE',  ( -7.383296651375960806, 10.01962005496447716, 6.521348843425527342 ) ) ;
#1231 = EDGE_LOOP ( 'NONE', ( #5065, #2864, #2994, #2158 ) ) ;
#1232 = CARTESIAN_POINT ( 'NONE',  ( -11.08758383676868320, 6.820000000000000284, 20.11905188458655402 ) ) ;
#1233 = CARTESIAN_POINT ( 'NONE',  ( 6.503966356343849675, 6.996594925022201039, 20.41801083282536311 ) ) ;
#1234 = DIRECTION ( 'NONE',  ( 0.5877852522924802425, -0.000000000000000000, 0.8090169943749423442 ) ) ;
#1235 = LINE ( 'NONE', #5, #952 ) ;
#1236 = CARTESIAN_POINT ( 'NONE',  ( 6.844972229211402137, 5.657537364585040862, 18.84370856868942923 ) ) ;
#1237 = AXIS2_PLACEMENT_3D ( 'NONE', #4912, #2404, #1707 ) ;
#1238 = AXIS2_PLACEMENT_3D ( 'NONE', #6169, #1101, #4892 ) ;
#1239 = ORIENTED_EDGE ( 'NONE', *, *, #4714, .T. ) ;
#1240 = CARTESIAN_POINT ( 'NONE',  ( -8.992057025490554523, 10.81999999999999851, 4.259743002849578630 ) ) ;
#1241 = EDGE_LOOP ( 'NONE', ( #673, #2488, #1468, #4315 ) ) ;
#1242 = ORIENTED_EDGE ( 'NONE', *, *, #5668, .F. ) ;
#1243 = DIRECTION ( 'NONE',  ( 0.000000000000000000, 0.000000000000000000, 1.000000000000000000 ) ) ;
#1244 = VERTEX_POINT ( 'NONE', #2542 ) ;
#1245 = DIRECTION ( 'NONE',  ( 0.000000000000000000, 0.000000000000000000, 1.000000000000000000 ) ) ;
#1246 = ADVANCED_FACE ( 'NONE', ( #3248, #6949 ), #3204, .F. ) ;
#1247 = EDGE_CURVE ( 'NONE', #7449, #693, #4292, .T. ) ;
#1248 = CARTESIAN_POINT ( 'NONE',  ( -3.089133998076035947, 6.600000000000000533, 19.64958055990333463 ) ) ;
#1249 = CARTESIAN_POINT ( 'NONE',  ( -7.484204486996419270, 6.000000000000000000, 19.09825997855494251 ) ) ;
#1250 = DIRECTION ( 'NONE',  ( 0.000000000000000000, 0.000000000000000000, -1.000000000000000000 ) ) ;
#1251 = DIRECTION ( 'NONE',  ( 0.000000000000000000, 0.000000000000000000, 1.000000000000000000 ) ) ;
#1252 = CARTESIAN_POINT ( 'NONE',  ( 7.380981144411691730, 10.19334112733627684, 6.407762815347424201 ) ) ;
#1253 = LINE ( 'NONE', #107, #6285 ) ;
#1254 = CARTESIAN_POINT ( 'NONE',  ( 7.236528888697483453, 6.000000000000000000, 18.47274196825081916 ) ) ;
#1255 = EDGE_CURVE ( 'NONE', #4470, #788, #4058, .T. ) ;
#1256 = ORIENTED_EDGE ( 'NONE', *, *, #6540, .T. ) ;
#1257 = DIRECTION ( 'NONE',  ( -0.000000000000000000, 1.000000000000000000, -0.000000000000000000 ) ) ;
#1258 = CIRCLE ( 'NONE', #4415, 0.01999999999999981307 ) ;
#1259 = CARTESIAN_POINT ( 'NONE',  ( -2.499999999999958256, 4.099999999999999645, 22.89999999999999503 ) ) ;
#1260 = VECTOR ( 'NONE', #7735, 1000.000000000000000 ) ;
#1261 = CARTESIAN_POINT ( 'NONE',  ( 6.026798508672357002, 6.800000000000001599, 17.35983925871675382 ) ) ;
#1262 = CARTESIAN_POINT ( 'NONE',  ( 1.272138632398080782, 10.81957811120962276, 9.868338104063578697 ) ) ;
#1263 = FACE_OUTER_BOUND ( 'NONE', #6335, .T. ) ;
#1264 = AXIS2_PLACEMENT_3D ( 'NONE', #7545, #660, #2076 ) ;
#1265 = DIRECTION ( 'NONE',  ( -0.9771696282492315921, 0.000000000000000000, 0.2124606260634161192 ) ) ;
#1266 = ORIENTED_EDGE ( 'NONE', *, *, #4816, .F. ) ;
#1267 = VERTEX_POINT ( 'NONE', #192 ) ;
#1268 = DIRECTION ( 'NONE',  ( -0.9820588696906380477, 0.000000000000000000, -0.1885745912416260939 ) ) ;
#1269 = CARTESIAN_POINT ( 'NONE',  ( 7.182815537095080138, 8.170912028620174183, 6.855023859263523534 ) ) ;
#1270 = FACE_OUTER_BOUND ( 'NONE', #7155, .T. ) ;
#1271 = CARTESIAN_POINT ( 'NONE',  ( 6.723775639256376557, 9.631723500247819203, 7.327338289637650881 ) ) ;
#1272 = ORIENTED_EDGE ( 'NONE', *, *, #7038, .T. ) ;
#1273 = DIRECTION ( 'NONE',  ( 0.000000000000000000, 0.000000000000000000, 1.000000000000000000 ) ) ;
#1274 = AXIS2_PLACEMENT_3D ( 'NONE', #7243, #892, #852 ) ;
#1275 = CARTESIAN_POINT ( 'NONE',  ( 5.297046043050201547, 7.135134872240039172, 18.00440581286473929 ) ) ;
#1276 = DIRECTION ( 'NONE',  ( 0.9820588696906379367, 0.000000000000000000, 0.1885745912416261216 ) ) ;
#1277 = DIRECTION ( 'NONE',  ( -0.9037243241699296492, 0.000000000000000000, 0.4281148746581973641 ) ) ;
#1278 = CARTESIAN_POINT ( 'NONE',  ( -6.505213034913026604E-16, 6.800000000000000711, -4.995798655503515207 ) ) ;
#1279 = CARTESIAN_POINT ( 'NONE',  ( 6.910905920746865050, 5.965914733097093858, 17.84257797673371826 ) ) ;
#1280 = VERTEX_POINT ( 'NONE', #6617 ) ;
#1281 = CARTESIAN_POINT ( 'NONE',  ( 6.424821642706382008, 6.820000000000000284, 23.57836966310849647 ) ) ;
#1282 = PLANE ( 'NONE',  #1163 ) ;
#1283 = ADVANCED_FACE ( 'NONE', ( #3942 ), #2871, .F. ) ;
#1284 = VECTOR ( 'NONE', #1597, 1000.000000000000000 ) ;
#1285 = ORIENTED_EDGE ( 'NONE', *, *, #2630, .T. ) ;
#1286 = DIRECTION ( 'NONE',  ( 0.000000000000000000, 0.000000000000000000, -1.000000000000000000 ) ) ;
#1287 = ORIENTED_EDGE ( 'NONE', *, *, #7492, .T. ) ;
#1288 = VECTOR ( 'NONE', #429, 1000.000000000000000 ) ;
#1289 = DIRECTION ( 'NONE',  ( -0.000000000000000000, -1.000000000000000000, -0.000000000000000000 ) ) ;
#1290 = CARTESIAN_POINT ( 'NONE',  ( -5.252109069580635392, 7.326469225389398154, 18.78665910001695849 ) ) ;
#1291 = CARTESIAN_POINT ( 'NONE',  ( -6.697649006748664036, 6.000000000000000000, 17.77543347462023249 ) ) ;
#1292 = AXIS2_PLACEMENT_3D ( 'NONE', #1432, #3943, #5836 ) ;
#1293 = DIRECTION ( 'NONE',  ( 0.9820588696906380477, 0.000000000000000000, 0.1885745912416262882 ) ) ;
#1294 = CARTESIAN_POINT ( 'NONE',  ( -4.761323057842192341, 11.77999999999999936, -8.714052027550691193 ) ) ;
#1295 = CARTESIAN_POINT ( 'NONE',  ( 7.143280249592193876, 9.301009565804168489, 6.894522794830536760 ) ) ;
#1296 = EDGE_CURVE ( 'NONE', #4528, #1374, #2790, .T. ) ;
#1297 = EDGE_CURVE ( 'NONE', #2910, #2910, #5142, .T. ) ;
#1298 = DIRECTION ( 'NONE',  ( -0.5877852522924802425, 0.000000000000000000, -0.8090169943749423442 ) ) ;
#1299 = AXIS2_PLACEMENT_3D ( 'NONE', #6020, #1577, #381 ) ;
#1300 = CARTESIAN_POINT ( 'NONE',  ( 6.018775910581635635, 6.000000000000000000, 21.15680003266458797 ) ) ;
#1301 = EDGE_LOOP ( 'NONE', ( #409 ) ) ;
#1302 = CARTESIAN_POINT ( 'NONE',  ( 2.399999999999964828, 5.899999999999999467, 22.89999999999999503 ) ) ;
#1303 = DIRECTION ( 'NONE',  ( 0.000000000000000000, 0.000000000000000000, 1.000000000000000000 ) ) ;
#1304 = DIRECTION ( 'NONE',  ( 0.000000000000000000, -1.000000000000000000, 0.000000000000000000 ) ) ;
#1305 = FACE_OUTER_BOUND ( 'NONE', #5120, .T. ) ;
#1306 = CIRCLE ( 'NONE', #7230, 0.9200000000000004841 ) ;
#1307 = CARTESIAN_POINT ( 'NONE',  ( -6.496388101082842148, 6.999672310087406757, 20.41649286690699228 ) ) ;
#1308 = EDGE_CURVE ( 'NONE', #5484, #7571, #267, .T. ) ;
#1309 = ADVANCED_FACE ( 'NONE', ( #7767, #4589 ), #2466, .T. ) ;
#1310 = CARTESIAN_POINT ( 'NONE',  ( 9.673644911948303005, 10.81858051027426093, 1.828829985957356685 ) ) ;
#1311 = ORIENTED_EDGE ( 'NONE', *, *, #1255, .T. ) ;
#1312 = ORIENTED_EDGE ( 'NONE', *, *, #7673, .T. ) ;
#1313 = CARTESIAN_POINT ( 'NONE',  ( 5.399669239388104280, 7.244562102420260885, 18.80555947608375789 ) ) ;
#1314 = CARTESIAN_POINT ( 'NONE',  ( 8.461565559209832443, 6.376789298981949905, 5.170426596971195998 ) ) ;
#1315 = CARTESIAN_POINT ( 'NONE',  ( 5.006061230865884504, 5.800000000000000711, 19.21077251559043830 ) ) ;
#1316 = CARTESIAN_POINT ( 'NONE',  ( -7.439960433012356766, 9.386560791475458743, 6.173131202159635400 ) ) ;
#1317 =( GEOMETRIC_REPRESENTATION_CONTEXT ( 3 ) GLOBAL_UNCERTAINTY_ASSIGNED_CONTEXT ( ( #3845 ) ) GLOBAL_UNIT_ASSIGNED_CONTEXT ( ( #5705, #754, #5746 ) ) REPRESENTATION_CONTEXT ( 'NONE', 'WORKASPACE' ) );
#1318 = ORIENTED_EDGE ( 'NONE', *, *, #4033, .F. ) ;
#1319 = CARTESIAN_POINT ( 'NONE',  ( 5.540968659984807587, 6.980000000000000426, 23.40865253099103427 ) ) ;
#1320 = CARTESIAN_POINT ( 'NONE',  ( 5.367813183586243042, 7.111329989508757166, 20.77704923870489395 ) ) ;
#1321 = CARTESIAN_POINT ( 'NONE',  ( -4.164368546225965417, 5.800000000000000711, 19.93323595731152054 ) ) ;
#1322 = CARTESIAN_POINT ( 'NONE',  ( -4.061068551473143273, 6.984905599586395120, 19.54770171256219058 ) ) ;
#1323 = CARTESIAN_POINT ( 'NONE',  ( 0.000000000000000000, 7.772521246458921951, 0.000000000000000000 ) ) ;
#1324 = EDGE_CURVE ( 'NONE', #4161, #5186, #5331, .T. ) ;
#1325 = CARTESIAN_POINT ( 'NONE',  ( 5.366960262365592982, 5.227372635125849598, 18.92389730232827461 ) ) ;
#1326 = ORIENTED_EDGE ( 'NONE', *, *, #1255, .F. ) ;
#1327 = B_SPLINE_CURVE_WITH_KNOTS ( 'NONE', 3,
 ( #4772, #7289, #3548, #6054, #411, #2932, #7945, #2306, #4814, #7331, #1763, #2426, #1725, #8141, #6829, #521, #4388, #1182, #7371, #1882, #4227, #1142, #2388, #5589, #6747, #3050, #5514, #2504, #6213, #1843, #6907, #7487, #1102, #6251, #5012, #8025, #596, #2463, #1261, #4893, #3772, #3619, #3733, #4971, #556, #4931, #3162, #3088, #7408, #3694, #6126, #481, #7523, #8102, #3009, #4348, #6863, #1220, #7443, #4264, #6290, #3121, #637, #6787, #7982, #5629, #2347 ),
 .UNSPECIFIED., .F., .F.,
 ( 4, 2, 1, 1, 1, 1, 1, 2, 2, 1, 1, 1, 2, 2, 1, 1, 1, 2, 2, 1, 2, 2, 2, 2, 1, 1, 1, 2, 2, 1, 1, 1, 2, 2, 1, 1, 2, 2, 1, 1, 1, 1, 1, 2, 2, 4 ),
 ( 0.9959991190083536949, 1.002753206411838294, 1.009507293815322670, 1.023015468622292090, 1.050031818236230485, 1.104064517464107720, 1.117572692271077139, 1.124326779674561960, 1.127703823376304815, 1.131080867078047447, 1.158097216691987619, 1.212129915919868184, 1.239146265533808577, 1.252654440340779107, 1.266162615147750081, 1.293178964761691585, 1.306687139568661893, 1.310064183270404525, 1.313441226972147380, 1.320195314375633089, 1.374228013603517651, 1.428260712831402213, 1.435014800234887922, 1.441768887638373409, 1.455277062445344605, 1.482293412059286997, 1.495801586866258193, 1.499178630568001047, 1.502555674269744124, 1.509309761673229389, 1.536326111287171114, 1.590358810515053900, 1.617375160128995404, 1.630883334935965934, 1.644391509742936464, 1.671407859356878411, 1.684916034163849607, 1.688293077865592018, 1.691670121567334650, 1.698424208970819915, 1.725440558584758532, 1.738948733391727730, 1.745702820795212995, 1.749079864496954961, 1.752456908198697150, 1.860522306654442737 ),
 .UNSPECIFIED. ) ;
#1328 = DIRECTION ( 'NONE',  ( -0.000000000000000000, -1.000000000000000000, 0.000000000000000000 ) ) ;
#1329 = CARTESIAN_POINT ( 'NONE',  ( 7.188794260492082699, 8.343159115825988792, 6.792582537768583784 ) ) ;
#1330 = EDGE_LOOP ( 'NONE', ( #2487, #2375, #1545, #5117 ) ) ;
#1331 = DIRECTION ( 'NONE',  ( -8.673617379884388882E-14, 0.000000000000000000, 1.000000000000000000 ) ) ;
#1332 = ORIENTED_EDGE ( 'NONE', *, *, #5283, .F. ) ;
#1333 = CARTESIAN_POINT ( 'NONE',  ( -6.738151324040882351, 11.79999999999999716, -7.177837201178402182 ) ) ;
#1334 = CARTESIAN_POINT ( 'NONE',  ( -5.224185642377772609, 7.189412184029705166, 18.30040157879415119 ) ) ;
#1335 = CARTESIAN_POINT ( 'NONE',  ( -4.621251470715470155, 6.000000000000000000, 17.60614158692451525 ) ) ;
#1336 = DIRECTION ( 'NONE',  ( 0.000000000000000000, 1.000000000000000000, 0.000000000000000000 ) ) ;
#1337 = DIRECTION ( 'NONE',  ( 0.000000000000000000, 1.000000000000000000, 0.000000000000000000 ) ) ;
#1338 = CARTESIAN_POINT ( 'NONE',  ( 7.199385095985052274, 9.678404069332266602, 7.087189846586070097 ) ) ;
#1339 = ORIENTED_EDGE ( 'NONE', *, *, #1506, .F. ) ;
#1340 = CARTESIAN_POINT ( 'NONE',  ( 1.250000000000082601, 10.79999999999999893, 0.000000000000000000 ) ) ;
#1341 = CARTESIAN_POINT ( 'NONE',  ( 6.085265295878557801, 6.000000000000000000, 21.12390734396296921 ) ) ;
#1342 = ORIENTED_EDGE ( 'NONE', *, *, #6173, .T. ) ;
#1343 = CARTESIAN_POINT ( 'NONE',  ( -8.973982539007158366, 10.81999999999999851, 4.251180705356414791 ) ) ;
#1344 = DIRECTION ( 'NONE',  ( 1.000000000000000000, 0.000000000000000000, 0.000000000000000000 ) ) ;
#1345 = ADVANCED_FACE ( 'NONE', ( #6569 ), #3449, .F. ) ;
#1346 = FACE_OUTER_BOUND ( 'NONE', #7720, .T. ) ;
#1347 = LINE ( 'NONE', #2013, #7966 ) ;
#1348 = CIRCLE ( 'NONE', #6740, 0.09999999999999939493 ) ;
#1349 = CARTESIAN_POINT ( 'NONE',  ( 7.301443035896634903, 9.322243028782180474, 6.604487979154205490 ) ) ;
#1350 = LINE ( 'NONE', #3861, #7737 ) ;
#1351 = ORIENTED_EDGE ( 'NONE', *, *, #7250, .F. ) ;
#1352 = VERTEX_POINT ( 'NONE', #5252 ) ;
#1353 = AXIS2_PLACEMENT_3D ( 'NONE', #5743, #4956, #7472 ) ;
#1354 = CARTESIAN_POINT ( 'NONE',  ( 4.926113834077239240, 9.340757905408354489, 13.40421691047430564 ) ) ;
#1355 = EDGE_CURVE ( 'NONE', #3785, #4549, #7728, .T. ) ;
#1356 = CARTESIAN_POINT ( 'NONE',  ( 8.533083870190248277, 6.303958365336704617, 5.237300894081313274 ) ) ;
#1357 = EDGE_CURVE ( 'NONE', #1267, #5995, #3391, .T. ) ;
#1358 = CARTESIAN_POINT ( 'NONE',  ( -5.299999999999994493, 6.800000000000000711, 19.38047814307507721 ) ) ;
#1359 = CARTESIAN_POINT ( 'NONE',  ( 6.741431170251285465, 11.79897052568867544, -7.174756830892647486 ) ) ;
#1360 = CIRCLE ( 'NONE', #4519, 0.04999999999999921174 ) ;
#1361 = VERTEX_POINT ( 'NONE', #2164 ) ;
#1362 = CARTESIAN_POINT ( 'NONE',  ( 5.085707605567997724, 6.545240889499688741, 21.91534894725058891 ) ) ;
#1363 = EDGE_CURVE ( 'NONE', #5078, #4717, #919, .T. ) ;
#1364 = CARTESIAN_POINT ( 'NONE',  ( 6.493187018268078425, 6.999997238216963069, 20.41830753716086733 ) ) ;
#1365 = DIRECTION ( 'NONE',  ( -0.9820588696906381587, 0.000000000000000000, -0.1885745912416263992 ) ) ;
#1366 = CARTESIAN_POINT ( 'NONE',  ( -7.112831945748592233, 8.599999999999999645, 6.868781967098553487 ) ) ;
#1367 = CARTESIAN_POINT ( 'NONE',  ( 6.135727846683735720, 5.602812123622937790, 20.29538887964290694 ) ) ;
#1368 = ORIENTED_EDGE ( 'NONE', *, *, #1096, .F. ) ;
#1369 = DIRECTION ( 'NONE',  ( 0.000000000000000000, 0.000000000000000000, 1.000000000000000000 ) ) ;
#1370 = DIRECTION ( 'NONE',  ( 0.000000000000000000, 0.000000000000000000, 1.000000000000000000 ) ) ;
#1371 = EDGE_LOOP ( 'NONE', ( #2397, #4746, #701, #274, #3978, #5692, #6233, #6584 ) ) ;
#1372 = VERTEX_POINT ( 'NONE', #4710 ) ;
#1373 = DIRECTION ( 'NONE',  ( 0.000000000000000000, 1.000000000000000000, 0.000000000000000000 ) ) ;
#1374 = VERTEX_POINT ( 'NONE', #4091 ) ;
#1375 = FACE_BOUND ( 'NONE', #4869, .T. ) ;
#1376 = CARTESIAN_POINT ( 'NONE',  ( -4.710943995265160389, 10.79999999999999893, -8.644711196649380369 ) ) ;
#1377 = CARTESIAN_POINT ( 'NONE',  ( -5.954613489105526902, 6.000000000000000000, 17.33645056226162140 ) ) ;
#1378 = FACE_OUTER_BOUND ( 'NONE', #7507, .T. ) ;
#1379 = CARTESIAN_POINT ( 'NONE',  ( 6.626040907772312138, 10.10223413157514116, 7.274059548101740269 ) ) ;
#1380 = DIRECTION ( 'NONE',  ( 0.000000000000000000, 0.000000000000000000, -1.000000000000000000 ) ) ;
#1381 = ORIENTED_EDGE ( 'NONE', *, *, #1765, .F. ) ;
#1382 = AXIS2_PLACEMENT_3D ( 'NONE', #4785, #4867, #1696 ) ;
#1383 = AXIS2_PLACEMENT_3D ( 'NONE', #1677, #1514, #402 ) ;
#1384 = CARTESIAN_POINT ( 'NONE',  ( 6.697649006748664036, 6.000000000000000000, 17.77543347462023249 ) ) ;
#1385 = VERTEX_POINT ( 'NONE', #2913 ) ;
#1386 = CARTESIAN_POINT ( 'NONE',  ( -7.496805395126638238, 6.800000000000002487, 19.15649060043714869 ) ) ;
#1387 = DIRECTION ( 'NONE',  ( 0.000000000000000000, 1.000000000000000000, 0.000000000000000000 ) ) ;
#1388 = DIRECTION ( 'NONE',  ( -0.9820588696906381587, 0.000000000000000000, -0.1885745912416262604 ) ) ;
#1389 = FACE_OUTER_BOUND ( 'NONE', #3797, .T. ) ;
#1390 = CARTESIAN_POINT ( 'NONE',  ( -2.410188870128476157, 10.79999999999999893, -5.477993438979914309 ) ) ;
#1391 = CARTESIAN_POINT ( 'NONE',  ( -8.607407964159175862, 10.79999999999999893, -4.132073405849957304 ) ) ;
#1392 = DIRECTION ( 'NONE',  ( 0.000000000000000000, 0.000000000000000000, -1.000000000000000000 ) ) ;
#1393 = EDGE_CURVE ( 'NONE', #2241, #2241, #6493, .T. ) ;
#1394 = ORIENTED_EDGE ( 'NONE', *, *, #1854, .T. ) ;
#1395 = CIRCLE ( 'NONE', #6003, 9.930000000000001492 ) ;
#1396 = CARTESIAN_POINT ( 'NONE',  ( 4.905011019636979164, 8.681125937459267305, 15.50509139071984066 ) ) ;
#1397 = CARTESIAN_POINT ( 'NONE',  ( 7.655918200904948456, 6.868918511811371808, 6.044183019919968203 ) ) ;
#1398 = CARTESIAN_POINT ( 'NONE',  ( -1.255703625098678611, 10.80583783305559820, 9.764590895007158267 ) ) ;
#1399 = AXIS2_PLACEMENT_3D ( 'NONE', #6480, #1903, #4410 ) ;
#1400 = CARTESIAN_POINT ( 'NONE',  ( -7.417015030102773743, 9.544248962589072960, 6.382075476632628863 ) ) ;
#1401 = ADVANCED_FACE ( 'NONE', ( #2402, #1663 ), #6092, .T. ) ;
#1402 = EDGE_CURVE ( 'NONE', #4495, #6840, #4647, .T. ) ;
#1403 = ORIENTED_EDGE ( 'NONE', *, *, #7348, .T. ) ;
#1404 = CARTESIAN_POINT ( 'NONE',  ( 7.524438277857083079, 6.839947052435505270, 19.26671327326357996 ) ) ;
#1405 = CARTESIAN_POINT ( 'NONE',  ( 6.494243448910347105, 6.999964882826422041, 20.41752042868821349 ) ) ;
#1406 = FACE_OUTER_BOUND ( 'NONE', #3796, .T. ) ;
#1407 = DIRECTION ( 'NONE',  ( -1.000000000000000000, 0.000000000000000000, 0.000000000000000000 ) ) ;
#1408 = CARTESIAN_POINT ( 'NONE',  ( 5.153425682487864812, 5.803103079041269652, 20.98335500588078872 ) ) ;
#1409 = VECTOR ( 'NONE', #7067, 1000.000000000000000 ) ;
#1410 = ORIENTED_EDGE ( 'NONE', *, *, #2502, .T. ) ;
#1411 = CARTESIAN_POINT ( 'NONE',  ( 0.000000000000000000, 11.77999999999999936, 0.000000000000000000 ) ) ;
#1412 = EDGE_CURVE ( 'NONE', #945, #4903, #3600, .T. ) ;
#1413 = CARTESIAN_POINT ( 'NONE',  ( -2.599999999999959233, 5.899999999999999467, 16.80000000000000071 ) ) ;
#1414 = VERTEX_POINT ( 'NONE', #7305 ) ;
#1415 = LINE ( 'NONE', #3356, #6542 ) ;
#1416 = EDGE_LOOP ( 'NONE', ( #4439, #574, #7170, #4240 ) ) ;
#1417 = DIRECTION ( 'NONE',  ( -1.297293286543607101E-16, 0.000000000000000000, -1.000000000000000000 ) ) ;
#1418 = CYLINDRICAL_SURFACE ( 'NONE', #3717, 0.09999999999999982514 ) ;
#1419 = AXIS2_PLACEMENT_3D ( 'NONE', #5144, #2591, #5098 ) ;
#1420 = CARTESIAN_POINT ( 'NONE',  ( -7.469812650447582136, 6.000000000000000000, 19.83519568200229699 ) ) ;
#1421 = DIRECTION ( 'NONE',  ( 0.000000000000000000, 0.000000000000000000, -1.000000000000000000 ) ) ;
#1422 = CARTESIAN_POINT ( 'NONE',  ( 6.828971729359262888, 9.291379864829105273, 7.180553468686254881 ) ) ;
#1423 = B_SPLINE_SURFACE_WITH_KNOTS ( 'NONE', 5, 5, ( 
 ( #1057, #3080, #1794, #1252, #8093, #6738, #1095, #1135, #3612, #1875, #8054, #4220 ),
 ( #2457, #514, #2381, #4255, #549, #3764, #7363, #6161, #1717, #6282, #1213, #1837 ),
 ( #4923, #4847, #4962, #1176, #5580, #3651, #7436, #4297, #6243, #6117, #2340, #6823 ),
 ( #4382, #3043, #7478, #2961, #5545, #475, #4342, #5463, #3689, #2416, #3002, #5505 ),
 ( #6206, #8019, #1752, #4886, #7517, #6857, #3725, #7399, #6777, #586, #5005, #3112 ),
 ( #5620, #8133, #2497, #6899, #7976, #143, #1338, #5129, #7557, #1295, #5663, #2625 ),
 ( #629, #7025, #7601, #6364, #1962, #7069, #7686, #5791, #106, #797, #756, #1918 ),
 ( #18, #4425, #3848, #3806, #4508, #1467, #3321, #6407, #5169, #7111, #4468, #713 ),
 ( #2661, #1379, #6325, #2534, #6983, #6941, #6450, #670, #1422, #3971, #3195, #3155 ),
 ( #5045, #7645, #2046, #4546, #2580, #3241, #5706, #5828, #2003, #3935, #185, #2703 ),
 ( #5212, #62, #7726, #5748, #5086, #3285, #3890, #2087, #4592, #6036, #1745, #1048 ),
 ( #2637, #28, #1436, #2019, #6463, #1928, #809, #5143, #7616, #5054, #681, #5715 ) ),
 .UNSPECIFIED., .F., .F., .F.,
 ( 6, 3, 3, 6 ),
 ( 6, 3, 3, 6 ),
 ( -0.7181003327322472707, -0.1182793786087339427, 0.1816310984530227213, 0.7651377456353053441 ),
 ( -0.5905043661629472140, -0.09508611072885364557, 0.1526230169881931387, 0.6364651178235360973 ),
 .UNSPECIFIED. ) ;
#1424 = VERTEX_POINT ( 'NONE', #1043 ) ;
#1425 = CARTESIAN_POINT ( 'NONE',  ( -4.742303533597497456, 11.79947760415738323, -8.627547866875703519 ) ) ;
#1426 = AXIS2_PLACEMENT_3D ( 'NONE', #7970, #2995, #8012 ) ;
#1427 = CARTESIAN_POINT ( 'NONE',  ( 4.629160298164673115, 6.000000000000000000, 17.59993327699784160 ) ) ;
#1428 = EDGE_LOOP ( 'NONE', ( #4002, #1747, #561, #3702 ) ) ;
#1429 = CARTESIAN_POINT ( 'NONE',  ( -6.288345843323460471, 6.800000000000002487, 17.47644476285354642 ) ) ;
#1430 = CIRCLE ( 'NONE', #5897, 0.01999999999999965347 ) ;
#1431 = CARTESIAN_POINT ( 'NONE',  ( 0.000000000000000000, 10.79999999999999893, 0.000000000000000000 ) ) ;
#1432 = CARTESIAN_POINT ( 'NONE',  ( 8.973982539007218762, 11.77999999999999936, 4.251180705356286893 ) ) ;
#1433 = DIRECTION ( 'NONE',  ( 0.000000000000000000, 0.000000000000000000, 1.000000000000000000 ) ) ;
#1434 = CARTESIAN_POINT ( 'NONE',  ( 6.781448176207906187, 10.16525219676522873, 7.137293387431412839 ) ) ;
#1435 = AXIS2_PLACEMENT_3D ( 'NONE', #5536, #3712, #6848 ) ;
#1436 = CARTESIAN_POINT ( 'NONE',  ( 6.313053661948510253, 9.918549520893218840, 7.406233361172220420 ) ) ;
#1437 = DIRECTION ( 'NONE',  ( -0.000000000000000000, -1.000000000000000000, -0.000000000000000000 ) ) ;
#1438 = CARTESIAN_POINT ( 'NONE',  ( -3.988118654057261292, 5.813293195255033297, 19.27546240490936214 ) ) ;
#1439 = ORIENTED_EDGE ( 'NONE', *, *, #4727, .F. ) ;
#1440 = CARTESIAN_POINT ( 'NONE',  ( 5.327651443505160067, 7.509005895333479508, 17.26931815637487588 ) ) ;
#1441 = CARTESIAN_POINT ( 'NONE',  ( 7.797237569402213353, 6.884002568855079218, 6.137098533480386919 ) ) ;
#1442 = CIRCLE ( 'NONE', #3424, 0.02000000000000005246 ) ;
#1443 = CARTESIAN_POINT ( 'NONE',  ( -6.424821642706378455, 7.000000000000000000, 23.57836966310849292 ) ) ;
#1444 = CARTESIAN_POINT ( 'NONE',  ( -7.087159121860088895, 10.15465350929750343, 6.887415468700810450 ) ) ;
#1445 = VERTEX_POINT ( 'NONE', #5533 ) ;
#1446 = DIRECTION ( 'NONE',  ( -0.9882352941176475447, 0.000000000000000000, 0.1529411764705849996 ) ) ;
#1447 = CARTESIAN_POINT ( 'NONE',  ( -5.104774034732316501, 8.695077545781551009, 15.49954712891850583 ) ) ;
#1448 = EDGE_CURVE ( 'NONE', #5130, #1445, #5699, .T. ) ;
#1449 = DIRECTION ( 'NONE',  ( 0.9820588696906381587, 0.000000000000000000, -0.1885745912416257608 ) ) ;
#1450 = EDGE_CURVE ( 'NONE', #3484, #3484, #2152, .T. ) ;
#1451 = AXIS2_PLACEMENT_3D ( 'NONE', #7435, #548, #2297 ) ;
#1452 = CARTESIAN_POINT ( 'NONE',  ( -6.771151449190067062, 9.797452115713507936, 7.305798514986883596 ) ) ;
#1453 = DIRECTION ( 'NONE',  ( -0.000000000000000000, -1.000000000000000000, -0.000000000000000000 ) ) ;
#1454 = VERTEX_POINT ( 'NONE', #2368 ) ;
#1455 = PLANE ( 'NONE',  #5350 ) ;
#1456 = FACE_BOUND ( 'NONE', #3879, .T. ) ;
#1457 = ORIENTED_EDGE ( 'NONE', *, *, #2421, .T. ) ;
#1458 = DIRECTION ( 'NONE',  ( 0.000000000000000000, 0.000000000000000000, -1.000000000000000000 ) ) ;
#1459 = DIRECTION ( 'NONE',  ( 0.5877852522924685852, 0.000000000000000000, -0.8090169943749507819 ) ) ;
#1460 = CARTESIAN_POINT ( 'NONE',  ( 2.385244779468109755E-15, 6.700000000000000178, 19.94999999999999574 ) ) ;
#1461 = DIRECTION ( 'NONE',  ( -0.000000000000000000, -1.000000000000000000, 0.000000000000000000 ) ) ;
#1462 = EDGE_CURVE ( 'NONE', #2007, #3115, #4272, .T. ) ;
#1463 = CARTESIAN_POINT ( 'NONE',  ( -6.359361108053364298, 6.000000000000000000, 20.96146602261779890 ) ) ;
#1464 = UNCERTAINTY_MEASURE_WITH_UNIT (LENGTH_MEASURE( 1.000000000000000082E-05 ), #5066, 'distance_accuracy_value', 'NONE');
#1465 = ADVANCED_FACE ( 'NONE', ( #7888, #2870 ), #3207, .F. ) ;
#1466 = CARTESIAN_POINT ( 'NONE',  ( -6.138933091556228128, 5.491526212066037083, 18.38323763953099999 ) ) ;
#1467 = CARTESIAN_POINT ( 'NONE',  ( 7.015250875163255628, 9.667198070896953155, 7.244754864539690864 ) ) ;
#1468 = ORIENTED_EDGE ( 'NONE', *, *, #3446, .F. ) ;
#1469 = DIRECTION ( 'NONE',  ( 0.9820588696906380477, 0.000000000000000000, -0.1885745912416260384 ) ) ;
#1470 = CARTESIAN_POINT ( 'NONE',  ( 4.399375988361984291, 6.000000000000000000, 17.79493582390906781 ) ) ;
#1471 = ORIENTED_EDGE ( 'NONE', *, *, #7665, .T. ) ;
#1472 = CARTESIAN_POINT ( 'NONE',  ( -4.866787792450251615, 6.800000000000001599, 21.20377382603060568 ) ) ;
#1473 = ADVANCED_FACE ( 'NONE', ( #5451 ), #1081, .F. ) ;
#1474 = CARTESIAN_POINT ( 'NONE',  ( -7.110841250845967743, 9.196060677739446021, 6.808815000076662294 ) ) ;
#1475 = DIRECTION ( 'NONE',  ( 0.000000000000000000, 1.000000000000000000, 0.000000000000000000 ) ) ;
#1476 = LINE ( 'NONE', #1637, #1260 ) ;
#1477 = CARTESIAN_POINT ( 'NONE',  ( 7.099607035430844704, 10.19481786457529893, 6.820940965911347575 ) ) ;
#1478 = CARTESIAN_POINT ( 'NONE',  ( -6.835696743918497909, 10.17754101099171038, 7.085390692699800042 ) ) ;
#1479 = CARTESIAN_POINT ( 'NONE',  ( 7.105242035418831037, 8.340343323824992439, 6.885689438447000654 ) ) ;
#1480 = EDGE_LOOP ( 'NONE', ( #2431 ) ) ;
#1481 = CARTESIAN_POINT ( 'NONE',  ( 5.125726154035157300, 9.342433229755830126, 13.42811429160694381 ) ) ;
#1482 = CARTESIAN_POINT ( 'NONE',  ( 8.604744071604255140, 6.208870494060181322, 4.967951306048528082 ) ) ;
#1483 = CIRCLE ( 'NONE', #6079, 0.04000000000000010492 ) ;
#1484 = EDGE_CURVE ( 'NONE', #6006, #208, #2327, .T. ) ;
#1485 = FACE_OUTER_BOUND ( 'NONE', #4370, .T. ) ;
#1486 = CARTESIAN_POINT ( 'NONE',  ( -7.046508239877988800, 10.39113103997889276, 6.671450772638290339 ) ) ;
#1487 = ORIENTED_EDGE ( 'NONE', *, *, #3324, .F. ) ;
#1488 = AXIS2_PLACEMENT_3D ( 'NONE', #2198, #4701, #7221 ) ;
#1489 = CARTESIAN_POINT ( 'NONE',  ( 7.708945389008606597, 6.682129935932534792, 20.07823299197399081 ) ) ;
#1490 = CARTESIAN_POINT ( 'NONE',  ( 6.497957266876080773, 6.999309708416627807, 20.41611510690839992 ) ) ;
#1491 = DIRECTION ( 'NONE',  ( -0.000000000000000000, -1.000000000000000000, -0.000000000000000000 ) ) ;
#1492 = CARTESIAN_POINT ( 'NONE',  ( -6.681704414940043968, 9.740490418813514850, 7.338040259424890799 ) ) ;
#1493 = CARTESIAN_POINT ( 'NONE',  ( -4.040135404576809641, 5.813325431609214888, 19.46959156069295460 ) ) ;
#1494 = ORIENTED_EDGE ( 'NONE', *, *, #2421, .F. ) ;
#1495 = CARTESIAN_POINT ( 'NONE',  ( 9.798196422563412611, 11.79999999999999716, 1.842890898796110788 ) ) ;
#1496 = ORIENTED_EDGE ( 'NONE', *, *, #6816, .F. ) ;
#1497 = FACE_OUTER_BOUND ( 'NONE', #1905, .T. ) ;
#1498 = EDGE_CURVE ( 'NONE', #6594, #7635, #4375, .T. ) ;
#1499 = CARTESIAN_POINT ( 'NONE',  ( -8.901102426010814028, 11.78142075262612565, 4.206471276695521233 ) ) ;
#1500 = DIRECTION ( 'NONE',  ( 0.000000000000000000, 0.000000000000000000, -1.000000000000000000 ) ) ;
#1501 = DIRECTION ( 'NONE',  ( -0.000000000000000000, -1.000000000000000000, -0.000000000000000000 ) ) ;
#1502 = CARTESIAN_POINT ( 'NONE',  ( -6.013476198230283565, 6.319860660589463386, 16.56119634321859735 ) ) ;
#1503 = CARTESIAN_POINT ( 'NONE',  ( 4.742309075996575807, 11.79960898985012108, -8.627545086329797996 ) ) ;
#1504 = EDGE_LOOP ( 'NONE', ( #539, #1339, #4230, #7440 ) ) ;
#1505 = CARTESIAN_POINT ( 'NONE',  ( -4.740382438837007051, 11.79897052568867366, -8.628603834876301448 ) ) ;
#1506 = EDGE_CURVE ( 'NONE', #6512, #5349, #1884, .T. ) ;
#1507 = ADVANCED_FACE ( 'NONE', ( #2481, #5027 ), #1753, .T. ) ;
#1508 = CARTESIAN_POINT ( 'NONE',  ( 5.824499259682374586, 6.000000000000000000, 17.27876345642544109 ) ) ;
#1509 = ORIENTED_EDGE ( 'NONE', *, *, #3854, .F. ) ;
#1510 = CARTESIAN_POINT ( 'NONE',  ( 7.389646018095833213, 7.000000000000000000, 22.86256345725345795 ) ) ;
#1511 = CARTESIAN_POINT ( 'NONE',  ( 5.324300069360495158, 7.175150825173022717, 18.23172179170518348 ) ) ;
#1512 = DIRECTION ( 'NONE',  ( 0.5877852522924802425, -0.000000000000000000, 0.8090169943749423442 ) ) ;
#1513 = DIRECTION ( 'NONE',  ( 0.000000000000000000, 1.000000000000000000, 0.000000000000000000 ) ) ;
#1514 = DIRECTION ( 'NONE',  ( -0.000000000000000000, -1.000000000000000000, -0.000000000000000000 ) ) ;
#1515 = AXIS2_PLACEMENT_3D ( 'NONE', #1046, #5494, #7967 ) ;
#1516 = CARTESIAN_POINT ( 'NONE',  ( -6.630047008054564373, 10.06871612288792583, 7.277957903642263915 ) ) ;
#1517 = ADVANCED_FACE ( 'NONE', ( #4947, #5070 ), #570, .F. ) ;
#1518 = DIRECTION ( 'NONE',  ( 0.000000000000000000, 0.000000000000000000, -1.000000000000000000 ) ) ;
#1519 = ORIENTED_EDGE ( 'NONE', *, *, #4457, .T. ) ;
#1520 = VECTOR ( 'NONE', #5696, 1000.000000000000000 ) ;
#1521 = DIRECTION ( 'NONE',  ( 0.9820588696906381587, 0.000000000000000000, -0.1885745912416260661 ) ) ;
#1522 = CARTESIAN_POINT ( 'NONE',  ( 5.415922573790129313, 7.045223623644044864, 18.59657105284605905 ) ) ;
#1523 = CARTESIAN_POINT ( 'NONE',  ( 7.221559850775772560, 8.047243050777375117, 6.812969566289054590 ) ) ;
#1524 = CARTESIAN_POINT ( 'NONE',  ( 4.064499869387911524, 6.998840637701638556, 19.43517921497070944 ) ) ;
#1525 = CARTESIAN_POINT ( 'NONE',  ( -7.113859911883648302, 10.29533309741371916, 6.703374430637885517 ) ) ;
#1526 = ORIENTED_EDGE ( 'NONE', *, *, #4583, .F. ) ;
#1527 = DIRECTION ( 'NONE',  ( 0.000000000000000000, 0.000000000000000000, 1.000000000000000000 ) ) ;
#1528 = CARTESIAN_POINT ( 'NONE',  ( 6.498831273815103060, 6.999027103511018311, 20.41610798301546481 ) ) ;
#1529 = CARTESIAN_POINT ( 'NONE',  ( -4.468742431378553093, 6.768163263041269140, 17.64375213097446959 ) ) ;
#1530 = CYLINDRICAL_SURFACE ( 'NONE', #1567, 9.950000000000001066 ) ;
#1531 = DIRECTION ( 'NONE',  ( -0.000000000000000000, 0.000000000000000000, -1.000000000000000000 ) ) ;
#1532 = DIRECTION ( 'NONE',  ( -1.000000000000000000, 0.000000000000000000, 0.000000000000000000 ) ) ;
#1533 = VERTEX_POINT ( 'NONE', #7461 ) ;
#1534 = CARTESIAN_POINT ( 'NONE',  ( 0.000000000000000000, 11.77999999999999936, 0.000000000000000000 ) ) ;
#1535 = ORIENTED_EDGE ( 'NONE', *, *, #4855, .F. ) ;
#1536 = DIRECTION ( 'NONE',  ( -0.000000000000000000, -1.000000000000000000, -0.000000000000000000 ) ) ;
#1537 = CARTESIAN_POINT ( 'NONE',  ( -8.904300450698446667, 11.79555664201516230, 4.199697427636051472 ) ) ;
#1538 = DIRECTION ( 'NONE',  ( -0.000000000000000000, -1.000000000000000000, -0.000000000000000000 ) ) ;
#1539 = CARTESIAN_POINT ( 'NONE',  ( -7.502168501660022137, 6.000000000000000000, 19.71975732516215984 ) ) ;
#1540 = CIRCLE ( 'NONE', #1019, 0.01999999999999918510 ) ;
#1541 = CARTESIAN_POINT ( 'NONE',  ( -7.293687090469687995, 5.848625664636876387, 19.48439938544699146 ) ) ;
#1542 = AXIS2_PLACEMENT_3D ( 'NONE', #747, #2655, #5821 ) ;
#1543 = CARTESIAN_POINT ( 'NONE',  ( 1.244320430379559417, 11.79414188046776069, 9.766048063681122215 ) ) ;
#1544 = ADVANCED_FACE ( 'NONE', ( #3098 ), #2559, .F. ) ;
#1545 = ORIENTED_EDGE ( 'NONE', *, *, #6294, .F. ) ;
#1546 = CARTESIAN_POINT ( 'NONE',  ( 8.893127455978088847, 10.79999999999986215, 4.223305745138446810 ) ) ;
#1547 = EDGE_LOOP ( 'NONE', ( #3829, #6771, #4454, #1051 ) ) ;
#1548 = AXIS2_PLACEMENT_3D ( 'NONE', #5119, #7633, #7014 ) ;
#1549 = CARTESIAN_POINT ( 'NONE',  ( 4.648462568590990607, 6.000000000000000000, 17.58505857543867990 ) ) ;
#1550 = CARTESIAN_POINT ( 'NONE',  ( -3.470778540154028757, 6.800000000000001599, 19.05303700583613491 ) ) ;
#1551 = CARTESIAN_POINT ( 'NONE',  ( 5.243954941084280286, 7.320141030805456417, 18.76065626824459898 ) ) ;
#1552 = CARTESIAN_POINT ( 'NONE',  ( 5.211487537578545215, 6.980000000000000426, 23.43858651601436094 ) ) ;
#1553 = DIRECTION ( 'NONE',  ( 1.297293286543607101E-16, 0.000000000000000000, 1.000000000000000000 ) ) ;
#1554 = EDGE_CURVE ( 'NONE', #2609, #6437, #4518, .T. ) ;
#1555 = CIRCLE ( 'NONE', #5763, 0.02000000000000005246 ) ;
#1557 = ORIENTED_EDGE ( 'NONE', *, *, #3434, .F. ) ;
#1556 = CARTESIAN_POINT ( 'NONE',  ( 4.928184817530611994, 6.803640187144513796, 21.22464715594880147 ) ) ;
#1558 = CIRCLE ( 'NONE', #112, 0.06000000000000015737 ) ;
#1559 = CIRCLE ( 'NONE', #7217, 27.29579865550350704 ) ;
#1560 = CARTESIAN_POINT ( 'NONE',  ( 7.138496327803814268, 8.321167366174339719, 6.892299277526912071 ) ) ;
#1561 = ORIENTED_EDGE ( 'NONE', *, *, #6741, .T. ) ;
#1562 = FACE_OUTER_BOUND ( 'NONE', #7253, .T. ) ;
#1563 = CARTESIAN_POINT ( 'NONE',  ( 4.915866670903086266, 8.505944009775047832, 15.40629495686352612 ) ) ;
#1564 = CARTESIAN_POINT ( 'NONE',  ( 6.816226223554575192, 0.000000000000000000, -7.221077486727792483 ) ) ;
#1565 = CARTESIAN_POINT ( 'NONE',  ( 4.062362163197940745, 6.984756575129163814, 19.55170392783514544 ) ) ;
#1566 = ADVANCED_FACE ( 'NONE', ( #535 ), #436, .T. ) ;
#1567 = AXIS2_PLACEMENT_3D ( 'NONE', #2818, #5320, #1250 ) ;
#1568 = EDGE_CURVE ( 'NONE', #7799, #1126, #2222, .T. ) ;
#1569 = CARTESIAN_POINT ( 'NONE',  ( -7.400744865684290019, 9.356706911481310840, 6.297833649286434188 ) ) ;
#1570 = EDGE_LOOP ( 'NONE', ( #5526, #1826, #1509, #4942 ) ) ;
#1571 = VERTEX_POINT ( 'NONE', #3181 ) ;
#1572 = B_SPLINE_CURVE_WITH_KNOTS ( 'NONE', 3,
 ( #4624, #5250, #4587, #2616 ),
 .UNSPECIFIED., .F., .F.,
 ( 4, 4 ),
 ( 0.003281998222631298760, 0.003508798542105252653 ),
 .UNSPECIFIED. ) ;
#1573 = VECTOR ( 'NONE', #5273, 1000.000000000000000 ) ;
#1574 = CARTESIAN_POINT ( 'NONE',  ( -1.999999999999958478, 5.899999999999998579, 22.89999999999999503 ) ) ;
#1575 = CARTESIAN_POINT ( 'NONE',  ( 6.829954775867876471, 10.81999999999999851, -7.235621449440234443 ) ) ;
#1576 = EDGE_CURVE ( 'NONE', #7842, #645, #1558, .T. ) ;
#1577 = DIRECTION ( 'NONE',  ( -0.000000000000000000, -1.000000000000000000, -0.000000000000000000 ) ) ;
#1578 = DIRECTION ( 'NONE',  ( -0.9820588696906381587, 0.000000000000000000, -0.1885745912416257608 ) ) ;
#1579 = AXIS2_PLACEMENT_3D ( 'NONE', #1315, #2105, #124 ) ;
#1580 = ORIENTED_EDGE ( 'NONE', *, *, #7248, .F. ) ;
#1581 = DIRECTION ( 'NONE',  ( 1.297293286543607101E-16, -0.000000000000000000, 1.000000000000000000 ) ) ;
#1582 = EDGE_LOOP ( 'NONE', ( #4694, #1311, #7840, #6152 ) ) ;
#1583 = CARTESIAN_POINT ( 'NONE',  ( 0.000000000000000000, 0.000000000000000000, 12.30000000000000071 ) ) ;
#1584 = CARTESIAN_POINT ( 'NONE',  ( -2.939133998076038701, 6.600000000000000533, 20.22958055990334003 ) ) ;
#1585 = DIRECTION ( 'NONE',  ( -0.000000000000000000, 1.000000000000000000, -0.000000000000000000 ) ) ;
#1586 = CARTESIAN_POINT ( 'NONE',  ( -7.450797347281887362, 6.000000000000000000, 19.88559911597255336 ) ) ;
#1587 = ADVANCED_FACE ( 'NONE', ( #3789, #5687 ), #1195, .T. ) ;
#1588 = CARTESIAN_POINT ( 'NONE',  ( -6.201661538219203962, 5.261891572213844626, 19.29425828768717466 ) ) ;
#1589 = CARTESIAN_POINT ( 'NONE',  ( -7.052832034732567479, 8.599999999999999645, 6.868885301841317848 ) ) ;
#1590 = ORIENTED_EDGE ( 'NONE', *, *, #7071, .T. ) ;
#1591 = CIRCLE ( 'NONE', #3814, 22.64579865550351201 ) ;
#1592 = CARTESIAN_POINT ( 'NONE',  ( 8.897102955052003992, 10.80311888826280331, 4.214923962209820907 ) ) ;
#1593 = ORIENTED_EDGE ( 'NONE', *, *, #2512, .F. ) ;
#1594 = DIRECTION ( 'NONE',  ( 0.000000000000000000, 0.000000000000000000, -1.000000000000000000 ) ) ;
#1595 = CARTESIAN_POINT ( 'NONE',  ( -3.775058339067469682, 6.799999999999998934, 19.88334454005338969 ) ) ;
#1596 = CARTESIAN_POINT ( 'NONE',  ( 5.392152197697821059, 7.281989121394179421, 18.55586736187502339 ) ) ;
#1597 = DIRECTION ( 'NONE',  ( 0.000000000000000000, 1.000000000000000000, 0.000000000000000000 ) ) ;
#1598 = CARTESIAN_POINT ( 'NONE',  ( 4.723620772014458957, 10.80586096905066640, -8.637791090225857005 ) ) ;
#1599 = CARTESIAN_POINT ( 'NONE',  ( -1.270000000000081730, 10.79999999999999893, 0.000000000000000000 ) ) ;
#1601 = ORIENTED_EDGE ( 'NONE', *, *, #4213, .T. ) ;
#1600 = CARTESIAN_POINT ( 'NONE',  ( -6.642334654666663063, 9.317598962270523089, 7.266756970287763018 ) ) ;
#1602 = CARTESIAN_POINT ( 'NONE',  ( -9.673436325736014751, 11.78658014174953905, 1.829932963783435174 ) ) ;
#1603 = VERTEX_POINT ( 'NONE', #7504 ) ;
#1604 = EDGE_CURVE ( 'NONE', #5367, #7314, #5040, .T. ) ;
#1605 = CARTESIAN_POINT ( 'NONE',  ( 5.093161920235430351, 7.631476593558754296, 16.95564622647616559 ) ) ;
#1606 = CARTESIAN_POINT ( 'NONE',  ( 7.112831945748592233, 8.599999999999999645, 6.928781967098553096 ) ) ;
#1607 = CARTESIAN_POINT ( 'NONE',  ( 4.072366801282690574, 6.980000000000003091, 19.61588572453123547 ) ) ;
#1608 = CARTESIAN_POINT ( 'NONE',  ( -6.900974656711176713, 9.054146243814196637, 6.908858958684083618 ) ) ;
#1609 = EDGE_LOOP ( 'NONE', ( #3352 ) ) ;
#1610 = EDGE_CURVE ( 'NONE', #419, #6402, #762, .T. ) ;
#1611 = VERTEX_POINT ( 'NONE', #5730 ) ;
#1612 = CIRCLE ( 'NONE', #7924, 12.83793103448276085 ) ;
#1613 = EDGE_CURVE ( 'NONE', #3730, #7635, #497, .T. ) ;
#1614 = DIRECTION ( 'NONE',  ( -0.5877852522924685852, -0.000000000000000000, 0.8090169943749507819 ) ) ;
#1615 = CARTESIAN_POINT ( 'NONE',  ( -5.303344929082926207, 7.468908896893646343, 16.85844332868316542 ) ) ;
#1616 = CARTESIAN_POINT ( 'NONE',  ( -5.352793854097706472, 7.547774429357623660, 18.90609873893918547 ) ) ;
#1617 = CARTESIAN_POINT ( 'NONE',  ( -3.089133998076035947, 6.800000000000000711, 19.79958055990334032 ) ) ;
#1618 = CARTESIAN_POINT ( 'NONE',  ( 6.771329131857258155, 9.797537701117432718, 7.305734195857559676 ) ) ;
#1619 = ORIENTED_EDGE ( 'NONE', *, *, #345, .F. ) ;
#1620 = CIRCLE ( 'NONE', #6219, 0.02000000000000013226 ) ;
#1621 = ORIENTED_EDGE ( 'NONE', *, *, #5317, .F. ) ;
#1622 = VERTEX_POINT ( 'NONE', #1659 ) ;
#1623 = EDGE_CURVE ( 'NONE', #3513, #2129, #4309, .T. ) ;
#1624 = CARTESIAN_POINT ( 'NONE',  ( -7.405708227478093875, 7.000000000000000000, 22.85064685414014107 ) ) ;
#1625 = FACE_BOUND ( 'NONE', #2029, .T. ) ;
#1626 = VECTOR ( 'NONE', #939, 1000.000000000000000 ) ;
#1627 = DIRECTION ( 'NONE',  ( -0.9820588696906382697, 0.000000000000000000, -0.1885745912416251224 ) ) ;
#1628 = CARTESIAN_POINT ( 'NONE',  ( -5.395084978420862321, 5.711831404307000426, 20.81410625966785943 ) ) ;
#1629 = CARTESIAN_POINT ( 'NONE',  ( 6.535706933926125117, 6.876869832192672227, 20.67632616365212783 ) ) ;
#1630 = CARTESIAN_POINT ( 'NONE',  ( 7.110841250845966854, 9.196060677739446021, 6.808815000076661406 ) ) ;
#1631 = EDGE_LOOP ( 'NONE', ( #1728, #4631, #3472, #5246 ) ) ;
#1632 = CARTESIAN_POINT ( 'NONE',  ( -1.275115810674805727, 11.79999999999999716, 9.888123162125719290 ) ) ;
#1633 = AXIS2_PLACEMENT_3D ( 'NONE', #6027, #3562, #2911 ) ;
#1634 = ORIENTED_EDGE ( 'NONE', *, *, #4011, .T. ) ;
#1635 = DIRECTION ( 'NONE',  ( 0.000000000000000000, 0.000000000000000000, 1.000000000000000000 ) ) ;
#1636 = CARTESIAN_POINT ( 'NONE',  ( -4.323453272445657802, 6.000000000000000000, 17.86248601217427634 ) ) ;
#1637 = CARTESIAN_POINT ( 'NONE',  ( 4.790856990192932763, 10.81999999999999851, -8.720675965744829838 ) ) ;
#1638 = DIRECTION ( 'NONE',  ( 0.000000000000000000, 0.000000000000000000, -1.000000000000000000 ) ) ;
#1640 = VERTEX_POINT ( 'NONE', #2442 ) ;
#1639 = DIRECTION ( 'NONE',  ( -0.000000000000000000, 1.000000000000000000, -0.000000000000000000 ) ) ;
#1641 = CARTESIAN_POINT ( 'NONE',  ( -7.203989679341197494, 8.307504643759658691, 6.855272224783663049 ) ) ;
#1642 = ORIENTED_EDGE ( 'NONE', *, *, #3707, .T. ) ;
#1643 = CARTESIAN_POINT ( 'NONE',  ( -5.329793816352947466, 7.334026758089682296, 18.78655297432361593 ) ) ;
#1644 = CARTESIAN_POINT ( 'NONE',  ( -2.509133998076038541, 6.800000000000000711, 19.64958055990333463 ) ) ;
#1645 = CARTESIAN_POINT ( 'NONE',  ( 4.063191018384697983, 6.998327893348495365, 19.43492872889973100 ) ) ;
#1646 = CARTESIAN_POINT ( 'NONE',  ( -6.565477585993056309, 9.139012576227543150, 7.203481168713754101 ) ) ;
#1647 = TOROIDAL_SURFACE ( 'NONE', #199, 14.92351647922232516, 0.09999999999999766020 ) ;
#1648 = ORIENTED_EDGE ( 'NONE', *, *, #7709, .F. ) ;
#1649 = VERTEX_POINT ( 'NONE', #4 ) ;
#1650 = DIRECTION ( 'NONE',  ( 0.9934291461301871795, 0.000000000000000000, -0.1144488165908546656 ) ) ;
#1651 = CARTESIAN_POINT ( 'NONE',  ( -5.141764320540833211, 7.303744481731377469, 17.20996984995398904 ) ) ;
#1652 = CARTESIAN_POINT ( 'NONE',  ( -6.550111688072401961, 6.773054638240784797, 20.88979185825027329 ) ) ;
#1653 = CLOSED_SHELL ( 'NONE', ( #5683, #2770, #2265, #3955, #3063, #3919, #5237, #4133, #1517, #4568, #5340, #3673, #3084, #2114, #5978, #3535, #5944, #2578, #2090, #4169, #6484, #7960, #6587, #6182, #1702, #405, #1061, #7543, #534, #3884, #3051, #4365, #5285, #6570, #3260, #3471, #1473, #4826, #2407, #2976, #4935, #4778, #7402, #2068, #4628, #3705, #2331, #7701, #2429, #649, #1191, #7501, #146, #695, #2162, #1544, #6469, #8058, #1283, #3140, #6131, #580, #5123, #5924, #1853, #588, #4367, #7322, #3545, #3630, #2683, #6215, #1847, #3125, #7048, #2370, #7900, #5842, #6839, #4580, #6956, #4664, #3700, #3326, #6993, #6124, #2510, #5249, #205, #5896, #888, #195, #5191, #2321, #4836, #1668, #287, #863, #1401, #2985, #907, #943, #264, #5132, #7634, #6649, #5708, #839, #1507, #5294, #1465, #2690, #2359, #1309, #1002, #953, #964, #5062, #7099, #4304, #2399, #3921, #6593, #7943, #4780, #6238, #6226, #3553, #1052, #4179, #1222, #8007, #6049, #2161, #1050, #5275, #2878, #6347, #3872, #1913, #148, #186, #3386, #4889, #1831, #5524, #793, #4790, #2618, #1345, #2924, #3577, #3173, #3679, #6528, #6310, #4676, #2840, #3671, #4480, #2231, #5069, #5133, #2714, #545, #1150, #7171, #4493, #6088, #3481, #6495, #4636, #5015, #6934, #1199, #4223, #3336, #1756, #2377, #7291, #6696, #2968, #103, #2926, #5734, #7817, #1566, #2004, #5989, #3629, #2191, #5182, #4567, #1246, #2148, #3218, #5441, #5583, #4023, #2889, #5388, #3267, #6296, #2171, #3179, #4167, #7739, #6248, #433, #6446, #3211, #1587, #7534, #7909, #4419, #4159, #6786 ) ) ;
#1654 = CARTESIAN_POINT ( 'NONE',  ( 6.965324750402044351, 9.764802616460933393, 7.237931005515502392 ) ) ;
#1655 = EDGE_CURVE ( 'NONE', #8108, #144, #6157, .T. ) ;
#1656 = EDGE_CURVE ( 'NONE', #7091, #659, #4533, .T. ) ;
#1657 = ORIENTED_EDGE ( 'NONE', *, *, #3618, .T. ) ;
#1658 = ORIENTED_EDGE ( 'NONE', *, *, #1076, .F. ) ;
#1659 = CARTESIAN_POINT ( 'NONE',  ( -6.680789776143186032, 9.704501432125194782, 7.339296155538665545 ) ) ;
#1660 = CIRCLE ( 'NONE', #6390, 0.1000000000000010464 ) ;
#1661 = CARTESIAN_POINT ( 'NONE',  ( -4.941617974907789090, 6.800386391112922979, 21.23890436966022222 ) ) ;
#1662 = CARTESIAN_POINT ( 'NONE',  ( -2.599999999999959233, 6.000000000000000000, 16.80000000000000071 ) ) ;
#1663 = FACE_OUTER_BOUND ( 'NONE', #4105, .T. ) ;
#1664 = CIRCLE ( 'NONE', #7187, 12.59999999999999964 ) ;
#1665 = EDGE_CURVE ( 'NONE', #7479, #4331, #2901, .T. ) ;
#1666 = CARTESIAN_POINT ( 'NONE',  ( 4.735210175580483849, 11.79555664201515874, -8.631443077092061600 ) ) ;
#1667 = CARTESIAN_POINT ( 'NONE',  ( -4.811340560054155446, 6.750000000000000888, 17.13298799810183937 ) ) ;
#1668 = ADVANCED_FACE ( 'NONE', ( #7219 ), #5376, .T. ) ;
#1669 = ORIENTED_EDGE ( 'NONE', *, *, #955, .T. ) ;
#1670 = DIRECTION ( 'NONE',  ( -0.5877852522924802425, 0.000000000000000000, -0.8090169943749423442 ) ) ;
#1671 = ORIENTED_EDGE ( 'NONE', *, *, #1934, .F. ) ;
#1672 = CARTESIAN_POINT ( 'NONE',  ( 3.876108957698360946, 6.000000000000000000, 20.06694353682365772 ) ) ;
#1673 = AXIS2_PLACEMENT_3D ( 'NONE', #5697, #5655, #6235 ) ;
#1674 = CARTESIAN_POINT ( 'NONE',  ( -3.981318994551374502, 6.000000000000000000, 18.15998163605976501 ) ) ;
#1675 = CARTESIAN_POINT ( 'NONE',  ( -6.505213034913026604E-16, 6.750000000000000888, -4.995798655503515207 ) ) ;
#1676 = DIRECTION ( 'NONE',  ( 0.9820588696906380477, 0.000000000000000000, 0.1885745912416260939 ) ) ;
#1677 = CARTESIAN_POINT ( 'NONE',  ( -2.599999999999959233, 4.100000000000000533, 16.80000000000000071 ) ) ;
#1679 = ORIENTED_EDGE ( 'NONE', *, *, #5228, .T. ) ;
#1678 = CARTESIAN_POINT ( 'NONE',  ( 5.293893676894525946, 7.336248825193396605, 18.81444064616352918 ) ) ;
#1680 = AXIS2_PLACEMENT_3D ( 'NONE', #3986, #2887, #7861 ) ;
#1681 = CARTESIAN_POINT ( 'NONE',  ( -7.081745390956375452, 8.362626134200887407, 6.866004132758939171 ) ) ;
#1682 = VERTEX_POINT ( 'NONE', #4615 ) ;
#1683 = DIRECTION ( 'NONE',  ( -0.000000000000000000, -1.000000000000000000, -0.000000000000000000 ) ) ;
#1684 = CARTESIAN_POINT ( 'NONE',  ( -1.236716129158956567, 11.79897052568867366, 9.767014027918378360 ) ) ;
#1685 = LINE ( 'NONE', #5397, #5378 ) ;
#1686 = AXIS2_PLACEMENT_3D ( 'NONE', #3053, #299, #7448 ) ;
#1687 = PRODUCT_DEFINITION ( 'UNKNOWN', '', #6269, #2621 ) ;
#1688 = CARTESIAN_POINT ( 'NONE',  ( -6.701153671306497195, 10.24224334260373759, 7.142477568211334393 ) ) ;
#1689 = ORIENTED_EDGE ( 'NONE', *, *, #6641, .F. ) ;
#1690 = VECTOR ( 'NONE', #6365, 1000.000000000000000 ) ;
#1691 = EDGE_LOOP ( 'NONE', ( #4578, #4042, #4126, #3753 ) ) ;
#1692 = DIRECTION ( 'NONE',  ( 0.5877852522924685852, 0.000000000000000000, -0.8090169943749507819 ) ) ;
#1693 = VECTOR ( 'NONE', #668, 1000.000000000000000 ) ;
#1694 = DIRECTION ( 'NONE',  ( 0.000000000000000000, 0.000000000000000000, 1.000000000000000000 ) ) ;
#1695 = CARTESIAN_POINT ( 'NONE',  ( -6.678870988176424994, 6.770727489442837310, 20.79961865088624506 ) ) ;
#1696 = DIRECTION ( 'NONE',  ( 0.9820588696906383808, 0.000000000000000000, -0.1885745912416245951 ) ) ;
#1697 = VERTEX_POINT ( 'NONE', #1575 ) ;
#1698 = AXIS2_PLACEMENT_3D ( 'NONE', #6638, #7259, #4784 ) ;
#1699 = EDGE_LOOP ( 'NONE', ( #7026, #6888, #5090, #6849 ) ) ;
#1700 = VERTEX_POINT ( 'NONE', #4204 ) ;
#1701 = CARTESIAN_POINT ( 'NONE',  ( -4.931302047584391168, 6.802252637680800795, 21.22964409714567324 ) ) ;
#1702 = ADVANCED_FACE ( 'NONE', ( #5280 ), #3437, .T. ) ;
#1703 = DIRECTION ( 'NONE',  ( -0.9820588696906379367, 0.000000000000000000, -0.1885745912416261771 ) ) ;
#1704 = CARTESIAN_POINT ( 'NONE',  ( 5.518587886907079465, 7.000000000000004441, 20.86709710573595089 ) ) ;
#1705 = CIRCLE ( 'NONE', #6305, 27.24579865550350632 ) ;
#1706 = CARTESIAN_POINT ( 'NONE',  ( 4.123070377234699713, 5.823189893539469253, 19.77910909237653669 ) ) ;
#1707 = DIRECTION ( 'NONE',  ( 0.9820588696906380477, 0.000000000000000000, -0.1885745912416262882 ) ) ;
#1708 = EDGE_LOOP ( 'NONE', ( #748 ) ) ;
#1709 = CARTESIAN_POINT ( 'NONE',  ( 1.272557905337444062, 10.81999999999999851, 9.868287408540712846 ) ) ;
#1710 = EDGE_LOOP ( 'NONE', ( #5511, #1086, #1457, #2540, #8120 ) ) ;
#1711 = CARTESIAN_POINT ( 'NONE',  ( -3.519133998076033887, 6.600000000000000533, 19.64958055990333463 ) ) ;
#1712 = EDGE_CURVE ( 'NONE', #3483, #395, #2890, .T. ) ;
#1713 = EDGE_CURVE ( 'NONE', #1414, #3262, #3012, .T. ) ;
#1714 = CARTESIAN_POINT ( 'NONE',  ( -4.013591369758989558, 6.000000000000000000, 18.13147006626168789 ) ) ;
#1715 = CARTESIAN_POINT ( 'NONE',  ( -7.006428357982713351, 8.401678998130346798, 6.795215304273367174 ) ) ;
#1716 = CYLINDRICAL_SURFACE ( 'NONE', #6977, 0.02000000000000019124 ) ;
#1717 = CARTESIAN_POINT ( 'NONE',  ( 7.417015030102773743, 9.544248962589072960, 6.382075476632628863 ) ) ;
#1718 = AXIS2_PLACEMENT_3D ( 'NONE', #3724, #1751, #7975 ) ;
#1719 = CARTESIAN_POINT ( 'NONE',  ( 5.309596136520894127, 7.335973941154754208, 18.80555947608376144 ) ) ;
#1720 = CARTESIAN_POINT ( 'NONE',  ( -7.078493956514349428, 8.368516480203968655, 6.858435544555298691 ) ) ;
#1721 = EDGE_CURVE ( 'NONE', #1682, #1767, #7216, .T. ) ;
#1722 = ORIENTED_EDGE ( 'NONE', *, *, #7863, .T. ) ;
#1723 = CARTESIAN_POINT ( 'NONE',  ( 4.761323057842066220, 10.81999999999999851, -8.714052027550760471 ) ) ;
#1724 = CARTESIAN_POINT ( 'NONE',  ( -1.240723173646538502, 11.79688234426551929, 9.766505567826300194 ) ) ;
#1725 = CARTESIAN_POINT ( 'NONE',  ( 3.861331888844794946, 6.800000000000000711, 20.04037114470126468 ) ) ;
#1726 = CARTESIAN_POINT ( 'NONE',  ( -6.346679745394575356, 9.822655055842899330, 7.404711753912677885 ) ) ;
#1727 = DIRECTION ( 'NONE',  ( 1.000000000000000000, 0.000000000000000000, 0.000000000000000000 ) ) ;
#1728 = ORIENTED_EDGE ( 'NONE', *, *, #4882, .F. ) ;
#1729 = ORIENTED_EDGE ( 'NONE', *, *, #2, .T. ) ;
#1730 = CARTESIAN_POINT ( 'NONE',  ( -2.569411764705842316, 4.100000000000000533, 16.60235294117647342 ) ) ;
#1731 = FACE_OUTER_BOUND ( 'NONE', #5031, .T. ) ;
#1732 = CARTESIAN_POINT ( 'NONE',  ( -4.201656182848853227, 6.872800625470336655, 20.65300233928588725 ) ) ;
#1733 = CARTESIAN_POINT ( 'NONE',  ( 3.323032830975961804, 6.600000000000000533, 19.79958055990334032 ) ) ;
#1734 = ORIENTED_EDGE ( 'NONE', *, *, #5888, .T. ) ;
#1735 = EDGE_LOOP ( 'NONE', ( #7282 ) ) ;
#1736 = CARTESIAN_POINT ( 'NONE',  ( -2.399999999999958167, 6.000000000000000000, 22.89999999999999503 ) ) ;
#1737 = CARTESIAN_POINT ( 'NONE',  ( -4.335926694047507191, 7.000000000000000000, 20.07660092303174793 ) ) ;
#1738 = PLANE ( 'NONE',  #172 ) ;
#1739 = CARTESIAN_POINT ( 'NONE',  ( 5.917042556926443986, 7.000000000000005329, 20.77482261181117806 ) ) ;
#1740 = AXIS2_PLACEMENT_3D ( 'NONE', #5941, #3959, #5860 ) ;
#1741 = FACE_OUTER_BOUND ( 'NONE', #4257, .T. ) ;
#1742 = CARTESIAN_POINT ( 'NONE',  ( 3.565621802779994631, 5.946369318332739518, 19.23053130182108816 ) ) ;
#1743 = EDGE_CURVE ( 'NONE', #3322, #4605, #6779, .T. ) ;
#1744 = EDGE_LOOP ( 'NONE', ( #6081 ) ) ;
#1745 = CARTESIAN_POINT ( 'NONE',  ( 6.547959920531661204, 9.045214697761934985, 7.152055658765642754 ) ) ;
#1746 = CARTESIAN_POINT ( 'NONE',  ( 4.811340560054161664, 6.000000000000000000, 17.13298799810183581 ) ) ;
#1747 = ORIENTED_EDGE ( 'NONE', *, *, #4033, .T. ) ;
#1748 = CARTESIAN_POINT ( 'NONE',  ( 3.864973987426907343, 6.000000000000000000, 20.04689215496785337 ) ) ;
#1749 = CARTESIAN_POINT ( 'NONE',  ( -4.402070604067151116, 6.000000000000000000, 17.79225460892699218 ) ) ;
#1750 = CARTESIAN_POINT ( 'NONE',  ( -7.298347679152111134, 8.203964314976461836, 6.854270269304440610 ) ) ;
#1751 = DIRECTION ( 'NONE',  ( 0.000000000000000000, 1.000000000000000000, 0.000000000000000000 ) ) ;
#1752 = CARTESIAN_POINT ( 'NONE',  ( 7.087159121860088895, 10.15465350929750343, 6.887415468700810450 ) ) ;
#1753 = TOROIDAL_SURFACE ( 'NONE', #6358, 12.70000000000000107, 0.2000000000000032307 ) ;
#1754 = VECTOR ( 'NONE', #2242, 1000.000000000000000 ) ;
#1755 = EDGE_CURVE ( 'NONE', #419, #5391, #3266, .T. ) ;
#1756 = ADVANCED_FACE ( 'NONE', ( #1406, #3308 ), #169, .F. ) ;
#1757 = ORIENTED_EDGE ( 'NONE', *, *, #2762, .T. ) ;
#1758 = CARTESIAN_POINT ( 'NONE',  ( 5.277208258328382584, 7.333870788652836481, 18.81081101010630974 ) ) ;
#1759 = CARTESIAN_POINT ( 'NONE',  ( -9.673644911948285241, 11.77999999999999936, 1.828829985957432624 ) ) ;
#1760 = ORIENTED_EDGE ( 'NONE', *, *, #5787, .F. ) ;
#1761 = CARTESIAN_POINT ( 'NONE',  ( 0.000000000000000000, 8.420000000000001705, 0.000000000000000000 ) ) ;
#1762 = CARTESIAN_POINT ( 'NONE',  ( 4.119931681598886009, 6.968816802245277664, 19.80366380604696275 ) ) ;
#1763 = CARTESIAN_POINT ( 'NONE',  ( 3.891341682648433498, 6.800000000000000711, 20.09409098621112832 ) ) ;
#1764 = CARTESIAN_POINT ( 'NONE',  ( -6.403951109970755340, 10.04373308501189399, 7.372100894781084435 ) ) ;
#1765 = EDGE_CURVE ( 'NONE', #2945, #8137, #988, .T. ) ;
#1766 = CARTESIAN_POINT ( 'NONE',  ( 2.499999999999964473, 5.899999999999999467, 22.89999999999999503 ) ) ;
#1767 = VERTEX_POINT ( 'NONE', #1111 ) ;
#1768 = VERTEX_POINT ( 'NONE', #3477 ) ;
#1769 = CARTESIAN_POINT ( 'NONE',  ( -3.089133998076035947, 6.600000000000000533, 19.21958055990333847 ) ) ;
#1770 = CARTESIAN_POINT ( 'NONE',  ( 4.040135404576816747, 5.813325431609213112, 19.46959156069295815 ) ) ;
#1771 = CARTESIAN_POINT ( 'NONE',  ( 9.673089243758083100, 11.79047856838150032, 1.831766765256110929 ) ) ;
#1772 = EDGE_LOOP ( 'NONE', ( #8134, #6705, #6731, #2966 ) ) ;
#1773 = ORIENTED_EDGE ( 'NONE', *, *, #4205, .T. ) ;
#1774 = AXIS2_PLACEMENT_3D ( 'NONE', #2759, #5266, #393 ) ;
#1775 = CARTESIAN_POINT ( 'NONE',  ( 0.000000000000000000, 6.000000000000000000, -16.25000000000000000 ) ) ;
#1776 = CIRCLE ( 'NONE', #6382, 1.750000000000001554 ) ;
#1777 = CARTESIAN_POINT ( 'NONE',  ( -4.104612600011583901, 6.999999999998572697, 19.58712054486179355 ) ) ;
#1778 = CIRCLE ( 'NONE', #2713, 0.02000000000000005246 ) ;
#1779 = DIRECTION ( 'NONE',  ( 0.000000000000000000, 1.000000000000000000, 0.000000000000000000 ) ) ;
#1780 = CARTESIAN_POINT ( 'NONE',  ( 0.000000000000000000, 12.77999999999999936, 0.000000000000000000 ) ) ;
#1781 = DIRECTION ( 'NONE',  ( 0.000000000000000000, 0.000000000000000000, 1.000000000000000000 ) ) ;
#1782 = CIRCLE ( 'NONE', #1912, 22.64579865550351201 ) ;
#1783 = CARTESIAN_POINT ( 'NONE',  ( 6.515052400012065092, 6.979999999999998650, 20.45037550259745629 ) ) ;
#1784 = LINE ( 'NONE', #8044, #5253 ) ;
#1785 = ORIENTED_EDGE ( 'NONE', *, *, #4675, .T. ) ;
#1786 = DIRECTION ( 'NONE',  ( 0.000000000000000000, 0.000000000000000000, 1.000000000000000000 ) ) ;
#1787 = VERTEX_POINT ( 'NONE', #334 ) ;
#1788 = CARTESIAN_POINT ( 'NONE',  ( -6.739828876922714151, 11.79960898985012285, -7.176262000424152632 ) ) ;
#1789 = CARTESIAN_POINT ( 'NONE',  ( -6.550669489674069368, 6.805972088395421338, 20.81685725937073528 ) ) ;
#1790 = CIRCLE ( 'NONE', #2727, 1.221359479792052838 ) ;
#1791 = CARTESIAN_POINT ( 'NONE',  ( -3.633863727630025853, 6.000000000000000000, 18.51596646574562399 ) ) ;
#1792 = CARTESIAN_POINT ( 'NONE',  ( -7.124814544982609021, 8.422298520574548419, 6.794722992431150743 ) ) ;
#1793 = DIRECTION ( 'NONE',  ( 0.000000000000000000, -0.000000000000000000, -1.000000000000000000 ) ) ;
#1794 = CARTESIAN_POINT ( 'NONE',  ( 7.347926291879987915, 10.28923722724694478, 6.409850905514191233 ) ) ;
#1795 = CARTESIAN_POINT ( 'NONE',  ( 0.000000000000000000, 6.600000000000000533, 0.000000000000000000 ) ) ;
#1796 = CARTESIAN_POINT ( 'NONE',  ( 7.494621969546920504, 6.000000000000000000, 19.14595549047535528 ) ) ;
#1797 = ORIENTED_EDGE ( 'NONE', *, *, #6707, .F. ) ;
#1798 = DIRECTION ( 'NONE',  ( 1.000000000000000000, 0.000000000000000000, -0.000000000000000000 ) ) ;
#1799 = CARTESIAN_POINT ( 'NONE',  ( -1.233056909493325248, 11.79982368121207870, 9.767476536773180840 ) ) ;
#1800 = EDGE_CURVE ( 'NONE', #428, #1424, #2574, .T. ) ;
#1801 = CARTESIAN_POINT ( 'NONE',  ( -2.649999999999997691, 6.800000000000000711, 7.192339743785780115 ) ) ;
#1802 = AXIS2_PLACEMENT_3D ( 'NONE', #6250, #5799, #1344 ) ;
#1803 = CARTESIAN_POINT ( 'NONE',  ( -6.511062009243650195, 6.989713996811917518, 20.42946502068324222 ) ) ;
#1804 = DIRECTION ( 'NONE',  ( -0.000000000000000000, 1.000000000000000000, -0.000000000000000000 ) ) ;
#1805 = ORIENTED_EDGE ( 'NONE', *, *, #955, .F. ) ;
#1806 = ORIENTED_EDGE ( 'NONE', *, *, #3427, .T. ) ;
#1807 = VECTOR ( 'NONE', #2201, 1000.000000000000000 ) ;
#1808 = PLANE ( 'NONE',  #7711 ) ;
#1809 = EDGE_CURVE ( 'NONE', #135, #3737, #861, .T. ) ;
#1810 = EDGE_CURVE ( 'NONE', #2423, #7606, #1782, .T. ) ;
#1811 = DIRECTION ( 'NONE',  ( 0.1529411764705849996, 0.000000000000000000, 0.9882352941176474337 ) ) ;
#1812 = CARTESIAN_POINT ( 'NONE',  ( 6.996164822636298908, 9.721177216178926273, 7.229902478275639588 ) ) ;
#1813 = VECTOR ( 'NONE', #6858, 1000.000000000000000 ) ;
#1814 = ORIENTED_EDGE ( 'NONE', *, *, #7950, .F. ) ;
#1815 = CARTESIAN_POINT ( 'NONE',  ( 0.000000000000000000, 11.79999999999999716, 10.98000000000000220 ) ) ;
#1816 = AXIS2_PLACEMENT_3D ( 'NONE', #2196, #255, #2111 ) ;
#1817 = AXIS2_PLACEMENT_3D ( 'NONE', #722, #677, #1388 ) ;
#1818 = CARTESIAN_POINT ( 'NONE',  ( -4.768348254336705949, 6.999999999999999112, 20.59616588354922229 ) ) ;
#1819 = EDGE_CURVE ( 'NONE', #5718, #4903, #1883, .T. ) ;
#1820 = DIRECTION ( 'NONE',  ( 0.000000000000000000, -1.000000000000000000, -0.000000000000000000 ) ) ;
#1821 = DIRECTION ( 'NONE',  ( -0.000000000000000000, -1.000000000000000000, -0.000000000000000000 ) ) ;
#1823 = FACE_BOUND ( 'NONE', #6846, .T. ) ;
#1822 = CIRCLE ( 'NONE', #7481, 16.80000000000000071 ) ;
#1824 = B_SPLINE_CURVE_WITH_KNOTS ( 'NONE', 3,
 ( #7823, #6543, #4026, #6505, #7741, #3425, #2100, #5925, #1479, #854, #2806, #3379, #1560, #5308, #4067, #6585, #937, #3463, #4456, #1904, #661, #7425, #1166, #5075, #617, #4286, #8, #4369, #3751, #4993, #7465, #1950, #575, #703, #4950, #1329, #3795, #7508, #5034, #6354, #6973, #6810, #6195 ),
 .UNSPECIFIED., .F., .F.,
 ( 4, 3, 3, 3, 3, 3, 3, 3, 3, 3, 3, 3, 3, 3, 4 ),
 ( 1.258090784829827275E-15, 2.281433483088514410E-05, 4.540987107365078977E-05, 7.218944405518752780E-05, 0.0001023266315157151242, 0.0001330541874024972920, 0.0001556930328376167013, 0.0001747326766274955490, 0.0001939299500334078653, 0.0002107619956746279886, 0.0002269026216384198750, 0.0002445277299745697488, 0.0002711836237151955755, 0.0003049541562122885688, 0.0003263929745509463456 ),
 .UNSPECIFIED. ) ;
#1825 = DIRECTION ( 'NONE',  ( 0.000000000000000000, 0.000000000000000000, 1.000000000000000000 ) ) ;
#1826 = ORIENTED_EDGE ( 'NONE', *, *, #4266, .F. ) ;
#1827 = ORIENTED_EDGE ( 'NONE', *, *, #294, .T. ) ;
#1828 = CARTESIAN_POINT ( 'NONE',  ( -1.999999999999958478, 4.099999999999999645, 23.39999999999999858 ) ) ;
#1829 = ORIENTED_EDGE ( 'NONE', *, *, #8010, .T. ) ;
#1830 = LINE ( 'NONE', #2411, #6228 ) ;
#1831 = ADVANCED_FACE ( 'NONE', ( #2544 ), #5094, .F. ) ;
#1832 = TOROIDAL_SURFACE ( 'NONE', #3801, 0.4000000000000000222, 0.1000000000000000056 ) ;
#1833 = CARTESIAN_POINT ( 'NONE',  ( -5.216062058072597374, 7.196764354437236832, 18.32530832704731694 ) ) ;
#1834 = CARTESIAN_POINT ( 'NONE',  ( -7.164111751435259023, 6.000000000000000000, 18.35016073690058036 ) ) ;
#1835 = CARTESIAN_POINT ( 'NONE',  ( -7.655918200904948456, 6.868918511811371808, 6.044183019919968203 ) ) ;
#1836 = FACE_OUTER_BOUND ( 'NONE', #3047, .T. ) ;
#1837 = CARTESIAN_POINT ( 'NONE',  ( 7.389680740705400375, 9.262927503019991349, 6.252808038717889261 ) ) ;
#1838 = DIRECTION ( 'NONE',  ( -0.000000000000000000, -1.000000000000000000, -0.000000000000000000 ) ) ;
#1839 = CARTESIAN_POINT ( 'NONE',  ( 6.340829832437974822, 6.000000000000000000, 20.97368023758898303 ) ) ;
#1840 = ORIENTED_EDGE ( 'NONE', *, *, #4626, .F. ) ;
#1841 = CARTESIAN_POINT ( 'NONE',  ( -8.980162878894658363, 10.81999999999999851, 4.232159575030512322 ) ) ;
#1842 = CARTESIAN_POINT ( 'NONE',  ( -1.231523620818944842, 11.80000000000013749, 9.767669984678811090 ) ) ;
#1843 = CARTESIAN_POINT ( 'NONE',  ( 4.821468944781300614, 6.800000000000000711, 17.43742676743534048 ) ) ;
#1844 = AXIS2_PLACEMENT_3D ( 'NONE', #4545, #7068, #1421 ) ;
#1845 = CARTESIAN_POINT ( 'NONE',  ( 4.072324875507381314, 7.000000000000000888, 19.45606775017769863 ) ) ;
#1846 = DIRECTION ( 'NONE',  ( 0.000000000000000000, 0.000000000000000000, 1.000000000000000000 ) ) ;
#1847 = ADVANCED_FACE ( 'NONE', ( #1305 ), #3773, .T. ) ;
#1848 = ORIENTED_EDGE ( 'NONE', *, *, #6540, .F. ) ;
#1849 = EDGE_LOOP ( 'NONE', ( #3655 ) ) ;
#1850 = CARTESIAN_POINT ( 'NONE',  ( -9.762146778641104916, 10.80114437934704874, 1.855303429435819274 ) ) ;
#1851 = DIRECTION ( 'NONE',  ( 0.000000000000000000, -1.000000000000000000, 0.000000000000000000 ) ) ;
#1852 = CARTESIAN_POINT ( 'NONE',  ( -7.193056198054707195, 10.45103375001453827, 6.489596522526320577 ) ) ;
#1853 = ADVANCED_FACE ( 'NONE', ( #1389 ), #7078, .F. ) ;
#1854 = EDGE_CURVE ( 'NONE', #1424, #7647, #5438, .T. ) ;
#1855 = ORIENTED_EDGE ( 'NONE', *, *, #2320, .T. ) ;
#1856 = PRODUCT_CONTEXT ( 'NONE', #6200, 'mechanical' ) ;
#1857 = FACE_OUTER_BOUND ( 'NONE', #7246, .T. ) ;
#1858 = CARTESIAN_POINT ( 'NONE',  ( 6.507682876218055412, 6.993773756672996278, 20.42205590820207917 ) ) ;
#1859 = DIRECTION ( 'NONE',  ( 0.000000000000000000, -0.000000000000000000, 1.000000000000000000 ) ) ;
#1860 = DIRECTION ( 'NONE',  ( 0.000000000000000000, 1.000000000000000000, 0.000000000000000000 ) ) ;
#1861 = CARTESIAN_POINT ( 'NONE',  ( 4.014336664038284042, 5.861846252517445066, 19.87122211857861487 ) ) ;
#1862 = VERTEX_POINT ( 'NONE', #6992 ) ;
#1863 = EDGE_CURVE ( 'NONE', #4839, #5244, #1347, .T. ) ;
#1864 = DIRECTION ( 'NONE',  ( 0.000000000000000000, 1.000000000000000000, 0.000000000000000000 ) ) ;
#1865 = ORIENTED_EDGE ( 'NONE', *, *, #6338, .F. ) ;
#1866 = ORIENTED_EDGE ( 'NONE', *, *, #3980, .F. ) ;
#1867 = DIRECTION ( 'NONE',  ( 0.000000000000000000, 0.000000000000000000, -1.000000000000000000 ) ) ;
#1868 = EDGE_LOOP ( 'NONE', ( #6162, #2900, #2781, #4673 ) ) ;
#1869 = DIRECTION ( 'NONE',  ( 0.000000000000000000, 0.000000000000000000, -1.000000000000000000 ) ) ;
#1870 = AXIS2_PLACEMENT_3D ( 'NONE', #1900, #3792, #6311 ) ;
#1871 = CARTESIAN_POINT ( 'NONE',  ( -5.204911384700150911, 7.279891453649014466, 18.60865164520179249 ) ) ;
#1872 = CARTESIAN_POINT ( 'NONE',  ( -6.511253778005704262, 6.000000000000000000, 17.60381448131875359 ) ) ;
#1873 = CARTESIAN_POINT ( 'NONE',  ( -7.233308190425300488, 8.519207128962278830, 6.927829485251513653 ) ) ;
#1874 = DIRECTION ( 'NONE',  ( -0.9510565162951545304, 0.000000000000000000, -0.3090169943749447867 ) ) ;
#1875 = CARTESIAN_POINT ( 'NONE',  ( 7.443783241251821003, 9.480319475320328593, 6.210975684999376689 ) ) ;
#1876 = CYLINDRICAL_SURFACE ( 'NONE', #7743, 0.01999999999999999001 ) ;
#1877 = AXIS2_PLACEMENT_3D ( 'NONE', #2952, #7423, #5535 ) ;
#1878 = CARTESIAN_POINT ( 'NONE',  ( 7.243641736906583084, 6.000000000000000000, 20.22426969950432252 ) ) ;
#1879 = VERTEX_POINT ( 'NONE', #7034 ) ;
#1880 = DIRECTION ( 'NONE',  ( 0.000000000000000000, 0.000000000000000000, -1.000000000000000000 ) ) ;
#1881 = DIRECTION ( 'NONE',  ( -0.000000000000000000, -1.000000000000000000, -0.000000000000000000 ) ) ;
#1882 = CARTESIAN_POINT ( 'NONE',  ( 3.578764963513413555, 6.800000000000001599, 18.60320936067124364 ) ) ;
#1883 = LINE ( 'NONE', #2716, #7307 ) ;
#1884 = CIRCLE ( 'NONE', #2949, 9.969999999999998863 ) ;
#1885 = CARTESIAN_POINT ( 'NONE',  ( 9.669879559919220213, 11.79999999999999716, 1.848635793404557193 ) ) ;
#1886 = CARTESIAN_POINT ( 'NONE',  ( 9.673729791102969600, 10.81576612122985814, 1.828380958316902172 ) ) ;
#1887 = VERTEX_POINT ( 'NONE', #2671 ) ;
#1888 = CARTESIAN_POINT ( 'NONE',  ( -6.843683328181281667, 11.79999999999999716, -7.250165412152577815 ) ) ;
#1889 = CARTESIAN_POINT ( 'NONE',  ( 8.313910894918381089, 6.470289789845506512, 5.395202243368399486 ) ) ;
#1890 = CARTESIAN_POINT ( 'NONE',  ( 1.999999999999964029, -4.348755257721902190, 22.89999999999999503 ) ) ;
#1891 = EDGE_CURVE ( 'NONE', #421, #421, #5861, .T. ) ;
#1892 = CARTESIAN_POINT ( 'NONE',  ( -7.263593976810541974, 10.48097727403911961, 6.395955940127352690 ) ) ;
#1893 = ORIENTED_EDGE ( 'NONE', *, *, #5632, .F. ) ;
#1894 = CARTESIAN_POINT ( 'NONE',  ( 4.910768142738130670, 7.153731212751321067, 18.27492543495683464 ) ) ;
#1895 = FACE_OUTER_BOUND ( 'NONE', #7884, .T. ) ;
#1896 = EDGE_CURVE ( 'NONE', #2609, #1909, #3944, .T. ) ;
#1897 = CARTESIAN_POINT ( 'NONE',  ( -8.973982539007158366, 10.81999999999999851, 4.251180705356415679 ) ) ;
#1898 = EDGE_CURVE ( 'NONE', #2005, #2692, #3366, .T. ) ;
#1899 = LINE ( 'NONE', #4407, #4641 ) ;
#1900 = CARTESIAN_POINT ( 'NONE',  ( -1.230000000000082361, 11.77999999999999936, 9.848451654955704626 ) ) ;
#1901 = CIRCLE ( 'NONE', #1117, 22.64579865550351201 ) ;
#1902 = ORIENTED_EDGE ( 'NONE', *, *, #3827, .T. ) ;
#1903 = DIRECTION ( 'NONE',  ( 0.000000000000000000, 1.000000000000000000, 0.000000000000000000 ) ) ;
#1904 = CARTESIAN_POINT ( 'NONE',  ( 7.191236883255300860, 8.306064203864634621, 6.872063982433555651 ) ) ;
#1905 = EDGE_LOOP ( 'NONE', ( #2334, #6056, #4662, #2565 ) ) ;
#1906 = ORIENTED_EDGE ( 'NONE', *, *, #5841, .F. ) ;
#1907 = FACE_OUTER_BOUND ( 'NONE', #1772, .T. ) ;
#1908 = AXIS2_PLACEMENT_3D ( 'NONE', #1343, #6905, #4514 ) ;
#1909 = VERTEX_POINT ( 'NONE', #807 ) ;
#1910 = CARTESIAN_POINT ( 'NONE',  ( 1.999999999999964029, 6.000000000000000000, 22.89999999999999503 ) ) ;
#1911 = CARTESIAN_POINT ( 'NONE',  ( -5.198630880837881385, 7.265220845686271467, 18.55676977215124879 ) ) ;
#1912 = AXIS2_PLACEMENT_3D ( 'NONE', #25, #1926, #1433 ) ;
#1913 = ADVANCED_FACE ( 'NONE', ( #3332 ), #5837, .T. ) ;
#1914 = CARTESIAN_POINT ( 'NONE',  ( -7.534015377974932370, 6.000000000000000000, 19.40854536834280708 ) ) ;
#1915 = EDGE_CURVE ( 'NONE', #728, #1060, #1476, .T. ) ;
#1916 = CARTESIAN_POINT ( 'NONE',  ( 8.986343218782215203, 11.79999999999999716, 4.213138444704481955 ) ) ;
#1917 = CARTESIAN_POINT ( 'NONE',  ( 2.313032830975961573, 6.600000000000000533, 19.79958055990334032 ) ) ;
#1918 = CARTESIAN_POINT ( 'NONE',  ( 7.034810076790580347, 9.098332816073572360, 6.800643344739209617 ) ) ;
#1919 = CARTESIAN_POINT ( 'NONE',  ( -4.164368546225965417, 5.800000000000000711, 19.93323595731152054 ) ) ;
#1920 = CARTESIAN_POINT ( 'NONE',  ( 6.307096185664827104, 6.000000000000000000, 20.99523133107059181 ) ) ;
#1921 = ORIENTED_EDGE ( 'NONE', *, *, #3219, .T. ) ;
#1922 = CARTESIAN_POINT ( 'NONE',  ( -6.026761312359165679, 6.800000000000001599, 17.35982563548706281 ) ) ;
#1923 = VECTOR ( 'NONE', #4820, 1000.000000000000000 ) ;
#1924 = CARTESIAN_POINT ( 'NONE',  ( -4.728641350681531463, -27.84586504312624911, -8.635043484350543253 ) ) ;
#1925 = DIRECTION ( 'NONE',  ( 0.000000000000000000, 0.000000000000000000, 1.000000000000000000 ) ) ;
#1926 = DIRECTION ( 'NONE',  ( 0.000000000000000000, 1.000000000000000000, 0.000000000000000000 ) ) ;
#1927 = CYLINDRICAL_SURFACE ( 'NONE', #717, 9.950000000000001066 ) ;
#1928 = CARTESIAN_POINT ( 'NONE',  ( 6.426827344281736742, 9.534912329659263719, 7.379588591527191710 ) ) ;
#1929 = DIRECTION ( 'NONE',  ( 0.000000000000000000, 0.000000000000000000, -1.000000000000000000 ) ) ;
#1930 = ORIENTED_EDGE ( 'NONE', *, *, #1324, .F. ) ;
#1931 = ORIENTED_EDGE ( 'NONE', *, *, #1665, .F. ) ;
#1932 = CARTESIAN_POINT ( 'NONE',  ( 7.213539517796005995, 9.500000000000000000, 6.966034138962815092 ) ) ;
#1933 = CARTESIAN_POINT ( 'NONE',  ( 8.150641676167410310, 6.293924170358408787, 5.378850259611829721 ) ) ;
#1934 = EDGE_CURVE ( 'NONE', #7547, #6613, #5875, .T. ) ;
#1935 = CARTESIAN_POINT ( 'NONE',  ( 4.761323057842064443, 10.81999999999999851, -8.714052027550758694 ) ) ;
#1936 = CIRCLE ( 'NONE', #5361, 1.249999999999971578 ) ;
#1937 = CIRCLE ( 'NONE', #5616, 10.98000000000000220 ) ;
#1938 = CARTESIAN_POINT ( 'NONE',  ( 2.313032830975961573, 6.800000000000000711, 19.64958055990333463 ) ) ;
#1939 = ORIENTED_EDGE ( 'NONE', *, *, #994, .T. ) ;
#1940 = CARTESIAN_POINT ( 'NONE',  ( 0.000000000000000000, 0.000000000000000000, 0.000000000000000000 ) ) ;
#1941 = CIRCLE ( 'NONE', #2607, 12.50000000000000000 ) ;
#1942 = CARTESIAN_POINT ( 'NONE',  ( 6.623123177128923622, 7.193850270384311685, 19.89792572481179889 ) ) ;
#1943 = DIRECTION ( 'NONE',  ( -0.000000000000000000, -1.000000000000000000, -0.000000000000000000 ) ) ;
#1944 = CARTESIAN_POINT ( 'NONE',  ( -4.072366801282683468, 6.979999999999998650, 19.61588572453121415 ) ) ;
#1945 = CARTESIAN_POINT ( 'NONE',  ( 2.499999999999964473, 4.099999999999999645, 22.89999999999999503 ) ) ;
#1946 = VECTOR ( 'NONE', #272, 1000.000000000000000 ) ;
#1947 = CARTESIAN_POINT ( 'NONE',  ( 5.947542506694823317, 5.871102271272927275, 17.56232693517435450 ) ) ;
#1948 = ORIENTED_EDGE ( 'NONE', *, *, #3387, .T. ) ;
#1949 = CARTESIAN_POINT ( 'NONE',  ( -6.505213034913026604E-16, 6.800000000000000711, -4.995798655503515207 ) ) ;
#1950 = CARTESIAN_POINT ( 'NONE',  ( 7.205265490302380726, 8.326370606160232057, 6.810888180893397426 ) ) ;
#1951 = AXIS2_PLACEMENT_3D ( 'NONE', #4423, #7795, #7837 ) ;
#1952 = ORIENTED_EDGE ( 'NONE', *, *, #1809, .F. ) ;
#1953 = CARTESIAN_POINT ( 'NONE',  ( -11.08758383676868320, 7.000000000000000000, 20.11905188458655402 ) ) ;
#1955 = EDGE_CURVE ( 'NONE', #2879, #6834, #1395, .T. ) ;
#1954 = ORIENTED_EDGE ( 'NONE', *, *, #2762, .F. ) ;
#1956 = DIRECTION ( 'NONE',  ( 0.000000000000000000, 0.000000000000000000, -1.000000000000000000 ) ) ;
#1957 = CARTESIAN_POINT ( 'NONE',  ( 2.313032830975961573, 6.800000000000000711, 19.79958055990334032 ) ) ;
#1958 = CARTESIAN_POINT ( 'NONE',  ( -7.480706031925750565, 6.000000000000000000, 19.08343455317917403 ) ) ;
#1959 = TOROIDAL_SURFACE ( 'NONE', #3791, 4.604519503718790041, 0.02000000000000000042 ) ;
#1960 = CARTESIAN_POINT ( 'NONE',  ( -8.901102426010838897, 10.81999999999999851, 4.206471276695465278 ) ) ;
#1961 = FACE_OUTER_BOUND ( 'NONE', #4597, .T. ) ;
#1962 = CARTESIAN_POINT ( 'NONE',  ( 7.103542560847516008, 9.855240351318531822, 7.143676362320340090 ) ) ;
#1963 = VERTEX_POINT ( 'NONE', #5264 ) ;
#1964 = CYLINDRICAL_SURFACE ( 'NONE', #4184, 0.8999999999999999112 ) ;
#1965 = EDGE_CURVE ( 'NONE', #3106, #728, #6622, .T. ) ;
#1966 = B_SPLINE_CURVE_WITH_KNOTS ( 'NONE', 3,
 ( #6978, #1333, #1788, #4290, #6815, #1170, #3684, #3073, #5575, #5208, #7065, #2787, #7722, #5742, #265, #98 ),
 .UNSPECIFIED., .F., .F.,
 ( 4, 3, 3, 3, 3, 4 ),
 ( 0.000000000000000000, 6.809599830057031160E-06, 1.362066388327776015E-05, 2.040797263590658872E-05, 2.714308747457756327E-05, 3.136851461184117929E-05 ),
 .UNSPECIFIED. ) ;
#1967 = AXIS2_PLACEMENT_3D ( 'NONE', #417, #7337, #1694 ) ;
#1968 = EDGE_CURVE ( 'NONE', #2856, #3253, #7898, .T. ) ;
#1969 = CARTESIAN_POINT ( 'NONE',  ( 7.529245262306488939, 6.000000000000000000, 19.40634562952515196 ) ) ;
#1970 = ORIENTED_EDGE ( 'NONE', *, *, #7908, .F. ) ;
#1971 = DIRECTION ( 'NONE',  ( 0.000000000000000000, 0.000000000000000000, 1.000000000000000000 ) ) ;
#1972 = DIRECTION ( 'NONE',  ( -0.9820588696906380477, 0.000000000000000000, -0.1885745912416262882 ) ) ;
#1973 = CARTESIAN_POINT ( 'NONE',  ( 11.08758383676868675, 7.000000000000000000, 20.11905188458655402 ) ) ;
#1974 = CARTESIAN_POINT ( 'NONE',  ( 1.253016795162513075, 10.80179797145100906, 9.859132846074180279 ) ) ;
#1975 = AXIS2_PLACEMENT_3D ( 'NONE', #2642, #5766, #5149 ) ;
#1976 = CARTESIAN_POINT ( 'NONE',  ( -6.501542737260010973, 6.997970274702800531, 20.41653987158148098 ) ) ;
#1977 = LINE ( 'NONE', #4481, #6023 ) ;
#1978 = EDGE_CURVE ( 'NONE', #6733, #5260, #278, .T. ) ;
#1979 = ORIENTED_EDGE ( 'NONE', *, *, #5104, .F. ) ;
#1980 = ORIENTED_EDGE ( 'NONE', *, *, #6741, .F. ) ;
#1981 = CARTESIAN_POINT ( 'NONE',  ( 4.915572086327421708, 9.541520973828875540, 13.44166380418571016 ) ) ;
#1982 = CARTESIAN_POINT ( 'NONE',  ( 7.288333501385691804, 8.237581934648359194, 6.739308850886464697 ) ) ;
#1983 = DIRECTION ( 'NONE',  ( -0.000000000000000000, -1.000000000000000000, -0.000000000000000000 ) ) ;
#1984 = CARTESIAN_POINT ( 'NONE',  ( 6.742987265422866194, 11.79808186012023263, -7.173294317279508725 ) ) ;
#1985 = AXIS2_PLACEMENT_3D ( 'NONE', #5492, #4209, #6031 ) ;
#1986 = ORIENTED_EDGE ( 'NONE', *, *, #7749, .T. ) ;
#1987 = CARTESIAN_POINT ( 'NONE',  ( 6.236845276816854522, 7.227789935358422291, 20.16844534690389423 ) ) ;
#1988 = CARTESIAN_POINT ( 'NONE',  ( 6.499798015298076770, 6.998714513446401497, 20.41610010325786106 ) ) ;
#1989 = CARTESIAN_POINT ( 'NONE',  ( -4.057731562689910199, 6.995213320499662046, 19.44405880836430001 ) ) ;
#1990 = DIRECTION ( 'NONE',  ( 0.000000000000000000, 0.000000000000000000, 1.000000000000000000 ) ) ;
#1991 = CARTESIAN_POINT ( 'NONE',  ( 5.815675123623886833, 5.202323380659917618, 19.56458811908581197 ) ) ;
#1992 = ORIENTED_EDGE ( 'NONE', *, *, #3489, .T. ) ;
#1993 = CARTESIAN_POINT ( 'NONE',  ( -6.523343021740805270, 6.930992241541446219, 20.56479272619445453 ) ) ;
#1994 = DIRECTION ( 'NONE',  ( -0.000000000000000000, -1.000000000000000000, -0.000000000000000000 ) ) ;
#1995 = ORIENTED_EDGE ( 'NONE', *, *, #5675, .T. ) ;
#1996 = DIRECTION ( 'NONE',  ( -0.000000000000000000, -1.000000000000000000, -0.000000000000000000 ) ) ;
#1997 = ORIENTED_EDGE ( 'NONE', *, *, #4124, .F. ) ;
#1998 = CARTESIAN_POINT ( 'NONE',  ( -6.505213034913026604E-16, 6.049999999999999822, -4.995798655503515207 ) ) ;
#1999 = FACE_OUTER_BOUND ( 'NONE', #1480, .T. ) ;
#2000 = CARTESIAN_POINT ( 'NONE',  ( -6.051127955689780791, 6.000000000000000000, 17.37043703652694759 ) ) ;
#2001 = CARTESIAN_POINT ( 'NONE',  ( -3.089133998076035947, 6.800000000000000711, 19.64958055990333463 ) ) ;
#2002 = FACE_OUTER_BOUND ( 'NONE', #4634, .T. ) ;
#2003 = CARTESIAN_POINT ( 'NONE',  ( 6.706347230600321119, 9.262096200783950906, 7.218090790499934073 ) ) ;
#2004 = ADVANCED_FACE ( 'NONE', ( #2133 ), #6619, .F. ) ;
#2005 = VERTEX_POINT ( 'NONE', #890 ) ;
#2006 = FACE_OUTER_BOUND ( 'NONE', #1231, .T. ) ;
#2007 = VERTEX_POINT ( 'NONE', #3422 ) ;
#2008 = CARTESIAN_POINT ( 'NONE',  ( 4.798575131167980068, 6.000000000000000000, 17.48179409658077432 ) ) ;
#2009 = ORIENTED_EDGE ( 'NONE', *, *, #3363, .F. ) ;
#2010 = DIRECTION ( 'NONE',  ( 0.5877852522925094414, 2.549112189962020174E-14, 0.8090169943749212500 ) ) ;
#2011 = DIRECTION ( 'NONE',  ( 0.000000000000000000, 0.000000000000000000, 1.000000000000000000 ) ) ;
#2012 = DIRECTION ( 'NONE',  ( 0.000000000000000000, 0.000000000000000000, 1.000000000000000000 ) ) ;
#2013 = CARTESIAN_POINT ( 'NONE',  ( -4.040135404576809641, 5.800000000000000711, 19.46959156069295460 ) ) ;
#2014 = EDGE_CURVE ( 'NONE', #2909, #3036, #6118, .T. ) ;
#2015 = CARTESIAN_POINT ( 'NONE',  ( 6.752000736412068882, 10.81342020349678990, -7.164810608487936605 ) ) ;
#2016 = EDGE_CURVE ( 'NONE', #1700, #1700, #2788, .T. ) ;
#2017 = CARTESIAN_POINT ( 'NONE',  ( 7.380639015072316234, 9.516724249200851915, 6.515502240618244123 ) ) ;
#2018 = AXIS2_PLACEMENT_3D ( 'NONE', #1323, #6349, #2033 ) ;
#2019 = CARTESIAN_POINT ( 'NONE',  ( 6.346679745394575356, 9.822655055842899330, 7.404711753912677885 ) ) ;
#2020 = CARTESIAN_POINT ( 'NONE',  ( -2.399999999999958167, 6.000000000000000000, 22.89999999999999503 ) ) ;
#2021 = ORIENTED_EDGE ( 'NONE', *, *, #936, .F. ) ;
#2022 = AXIS2_PLACEMENT_3D ( 'NONE', #5209, #1538, #1500 ) ;
#2023 = CARTESIAN_POINT ( 'NONE',  ( 5.395149215427628597, 7.259942004813407124, 18.38213644107078082 ) ) ;
#2024 = CARTESIAN_POINT ( 'NONE',  ( 8.008484193478439650, 6.786652447095087304, 5.827488211586537403 ) ) ;
#2025 = CARTESIAN_POINT ( 'NONE',  ( -1.251844575500435042, 10.81132123589743266, 9.765086313100200144 ) ) ;
#2026 = EDGE_CURVE ( 'NONE', #3389, #8031, #6501, .T. ) ;
#2027 = CARTESIAN_POINT ( 'NONE',  ( -7.051957949194488151, 10.01394959312380095, 7.063026778346547907 ) ) ;
#2028 = AXIS2_PLACEMENT_3D ( 'NONE', #5701, #3037, #3149 ) ;
#2029 = EDGE_LOOP ( 'NONE', ( #3346 ) ) ;
#2030 = CARTESIAN_POINT ( 'NONE',  ( 5.327084702027270247, 6.628056886431032524, 21.74630681239614205 ) ) ;
#2031 = CARTESIAN_POINT ( 'NONE',  ( -5.164917565540657840, 7.495100269289666883, 18.03634692739550971 ) ) ;
#2032 = DIRECTION ( 'NONE',  ( -1.297293286543607101E-16, 0.000000000000000000, -1.000000000000000000 ) ) ;
#2033 = DIRECTION ( 'NONE',  ( 0.000000000000000000, 0.000000000000000000, 1.000000000000000000 ) ) ;
#2034 = CARTESIAN_POINT ( 'NONE',  ( 6.138933091556228128, 5.491526212066037083, 18.38323763953099999 ) ) ;
#2035 = VERTEX_POINT ( 'NONE', #1017 ) ;
#2036 = CARTESIAN_POINT ( 'NONE',  ( -6.505213034913026604E-16, 6.049999999999999822, -4.995798655503515207 ) ) ;
#2037 = CARTESIAN_POINT ( 'NONE',  ( -6.783865543779683094, 11.77999999999999936, -7.244588896819393220 ) ) ;
#2038 = ORIENTED_EDGE ( 'NONE', *, *, #4222, .F. ) ;
#2039 = CARTESIAN_POINT ( 'NONE',  ( 0.000000000000000000, 5.899999999999999467, 0.000000000000000000 ) ) ;
#2040 = EDGE_LOOP ( 'NONE', ( #4393, #7273, #1906, #2332 ) ) ;
#2041 = CARTESIAN_POINT ( 'NONE',  ( -8.908732112885159538, 11.79999999999999716, 4.190289046491084690 ) ) ;
#2042 = CARTESIAN_POINT ( 'NONE',  ( -4.827953083600429629, 5.800000000000000711, 20.62761665256642729 ) ) ;
#2043 = CARTESIAN_POINT ( 'NONE',  ( -7.464761972772215870, 6.000000000000000000, 19.84916146920046742 ) ) ;
#2044 = DIRECTION ( 'NONE',  ( 0.000000000000000000, 0.000000000000000000, 1.000000000000000000 ) ) ;
#2045 = AXIS2_PLACEMENT_3D ( 'NONE', #8061, #1181, #5469 ) ;
#2046 = CARTESIAN_POINT ( 'NONE',  ( 6.563863727630595335, 9.977132764735987536, 7.336673562735708032 ) ) ;
#2047 = FACE_OUTER_BOUND ( 'NONE', #5830, .T. ) ;
#2048 = ORIENTED_EDGE ( 'NONE', *, *, #7002, .T. ) ;
#2049 = CARTESIAN_POINT ( 'NONE',  ( 4.634287140605163557, 6.000000000000000000, 17.59594145467719528 ) ) ;
#2050 = EDGE_LOOP ( 'NONE', ( #864 ) ) ;
#2051 = CARTESIAN_POINT ( 'NONE',  ( -7.502724553130039276, 6.800000000000000711, 19.18748363280782954 ) ) ;
#2052 = CARTESIAN_POINT ( 'NONE',  ( 1.999999999999964029, 4.099999999999999645, 22.89999999999999503 ) ) ;
#2053 = AXIS2_PLACEMENT_3D ( 'NONE', #3964, #832, #5867 ) ;
#2054 = DIRECTION ( 'NONE',  ( -0.000000000000000000, -0.000000000000000000, 1.000000000000000000 ) ) ;
#2055 = CARTESIAN_POINT ( 'NONE',  ( 1.272557905337444062, 10.81999999999999851, 9.868287408540712846 ) ) ;
#2056 = CARTESIAN_POINT ( 'NONE',  ( 6.948861288928902979, 9.157718375294633617, 6.975640353708188357 ) ) ;
#2057 = FACE_OUTER_BOUND ( 'NONE', #383, .T. ) ;
#2058 = CIRCLE ( 'NONE', #2987, 9.950000000000001066 ) ;
#2059 = DIRECTION ( 'NONE',  ( 1.000000000000000000, 0.000000000000000000, 0.000000000000000000 ) ) ;
#2060 = EDGE_LOOP ( 'NONE', ( #5794, #177, #785 ) ) ;
#2061 = CARTESIAN_POINT ( 'NONE',  ( 5.340559915217868436, 7.321993730999200700, 17.19759050979579484 ) ) ;
#2062 = CARTESIAN_POINT ( 'NONE',  ( 6.993308292483057187, 8.493467777614389647, 6.929734353328146135 ) ) ;
#2063 = DIRECTION ( 'NONE',  ( 0.000000000000000000, 0.000000000000000000, -1.000000000000000000 ) ) ;
#2064 = CIRCLE ( 'NONE', #6614, 9.845000000000000639 ) ;
#2065 = CARTESIAN_POINT ( 'NONE',  ( -7.176984773616915447, 10.19952305773626300, 6.731106411136867251 ) ) ;
#2066 = ORIENTED_EDGE ( 'NONE', *, *, #4314, .T. ) ;
#2067 = EDGE_CURVE ( 'NONE', #530, #135, #7780, .T. ) ;
#2068 = ADVANCED_FACE ( 'NONE', ( #3373 ), #4215, .F. ) ;
#2069 = CARTESIAN_POINT ( 'NONE',  ( 7.082412566497507278, 6.990342615676719440, 18.63553996928121848 ) ) ;
#2070 = CARTESIAN_POINT ( 'NONE',  ( -5.180207657965882895, 7.299179733699106443, 17.99796898046349014 ) ) ;
#2071 = CARTESIAN_POINT ( 'NONE',  ( -3.317604760129702957, 6.723650510996748153, 19.39065573132118914 ) ) ;
#2072 = CARTESIAN_POINT ( 'NONE',  ( -6.903987502463800219, 9.611176598486192546, 7.268381081670604260 ) ) ;
#2073 = DIRECTION ( 'NONE',  ( -0.000000000000000000, -1.000000000000000000, -0.000000000000000000 ) ) ;
#2074 = AXIS2_PLACEMENT_3D ( 'NONE', #7108, #1501, #5826 ) ;
#2075 = ORIENTED_EDGE ( 'NONE', *, *, #1297, .F. ) ;
#2076 = DIRECTION ( 'NONE',  ( 0.000000000000000000, 0.000000000000000000, -1.000000000000000000 ) ) ;
#2077 = CARTESIAN_POINT ( 'NONE',  ( -8.958846942560915849, 14.88303627697546538, 1.596578046876180990 ) ) ;
#2078 = EDGE_LOOP ( 'NONE', ( #2190, #4016, #7493, #309 ) ) ;
#2079 = ORIENTED_EDGE ( 'NONE', *, *, #5594, .F. ) ;
#2080 = DIRECTION ( 'NONE',  ( 0.000000000000000000, 0.000000000000000000, -1.000000000000000000 ) ) ;
#2081 = EDGE_CURVE ( 'NONE', #4270, #2849, #7778, .T. ) ;
#2082 = DIRECTION ( 'NONE',  ( 0.000000000000000000, -0.000000000000000000, 1.000000000000000000 ) ) ;
#2083 = LINE ( 'NONE', #6524, #1090 ) ;
#2084 = CIRCLE ( 'NONE', #1686, 0.02000000000000005246 ) ;
#2085 = CARTESIAN_POINT ( 'NONE',  ( -6.396199164484640320, 6.000000000000000000, 20.93707071279078491 ) ) ;
#2086 = CARTESIAN_POINT ( 'NONE',  ( -4.918245401107308012, 5.629877235055969820, 18.28320648557072303 ) ) ;
#2087 = CARTESIAN_POINT ( 'NONE',  ( 6.591206903002126083, 9.374577050764278496, 7.314537622477898182 ) ) ;
#2088 = CARTESIAN_POINT ( 'NONE',  ( 1.230000000000081695, 11.79999999999999716, 9.848451654955704626 ) ) ;
#2089 = CIRCLE ( 'NONE', #5499, 9.950000000000001066 ) ;
#2090 = ADVANCED_FACE ( 'NONE', ( #6242, #2960 ), #5504, .F. ) ;
#2091 = CARTESIAN_POINT ( 'NONE',  ( 4.457014339713659012, 6.000000000000000000, 17.74422885962537677 ) ) ;
#2092 = EDGE_LOOP ( 'NONE', ( #1679, #6672, #4358, #5613 ) ) ;
#2093 = CARTESIAN_POINT ( 'NONE',  ( -4.291227201916371747, 6.799999999999998934, 17.89280319434795175 ) ) ;
#2094 = CARTESIAN_POINT ( 'NONE',  ( -7.168062847874903554, 9.300433997678519304, 6.843278817534147684 ) ) ;
#2095 = LINE ( 'NONE', #4556, #2478 ) ;
#2096 = CARTESIAN_POINT ( 'NONE',  ( 4.299797245388304212, 5.858596005034734766, 20.23770532042334835 ) ) ;
#2097 = CARTESIAN_POINT ( 'NONE',  ( 7.052832034732567479, 9.179184621573270420, 6.868885301841317848 ) ) ;
#2098 = AXIS2_PLACEMENT_3D ( 'NONE', #6439, #6563, #2652 ) ;
#2099 = CARTESIAN_POINT ( 'NONE',  ( -6.781197401240738110, 10.16518045488955302, 7.137531899451802886 ) ) ;
#2100 = CARTESIAN_POINT ( 'NONE',  ( 7.093028865719544385, 8.350737608454625871, 6.877454869772011037 ) ) ;
#2101 = ORIENTED_EDGE ( 'NONE', *, *, #3645, .T. ) ;
#2102 = CARTESIAN_POINT ( 'NONE',  ( 5.115947377115090511, 7.677768810399616228, 17.35342514311215467 ) ) ;
#2103 = CYLINDRICAL_SURFACE ( 'NONE', #2141, 0.02000000000000005246 ) ;
#2104 = CIRCLE ( 'NONE', #7889, 0.04000000000000010492 ) ;
#2105 = DIRECTION ( 'NONE',  ( 0.000000000000000000, 1.000000000000000000, 0.000000000000000000 ) ) ;
#2106 = CARTESIAN_POINT ( 'NONE',  ( -7.378278091851750098, 9.845877992526855138, 6.627661764951261247 ) ) ;
#2107 = EDGE_CURVE ( 'NONE', #6753, #5036, #6790, .T. ) ;
#2108 = ORIENTED_EDGE ( 'NONE', *, *, #2725, .T. ) ;
#2109 = CARTESIAN_POINT ( 'NONE',  ( 5.809838894945814403, 6.738240141168011732, 21.40822254268724123 ) ) ;
#2110 = CARTESIAN_POINT ( 'NONE',  ( -5.353359606364641365, 7.550754024540844433, 17.85211778210684130 ) ) ;
#2111 = DIRECTION ( 'NONE',  ( 0.000000000000000000, 0.000000000000000000, 1.000000000000000000 ) ) ;
#2112 = COLOUR_RGB ( '',0.7921568627450980005, 0.8196078431372548767, 0.9333333333333333481 ) ;
#2113 = DIRECTION ( 'NONE',  ( 0.000000000000000000, 1.000000000000000000, 0.000000000000000000 ) ) ;
#2114 = ADVANCED_FACE ( 'NONE', ( #4885, #6077 ), #7398, .T. ) ;
#2115 = CARTESIAN_POINT ( 'NONE',  ( -5.116067570461745539, 6.800000000000000711, 21.76535597187955418 ) ) ;
#2116 = ORIENTED_EDGE ( 'NONE', *, *, #6604, .F. ) ;
#2117 = DIRECTION ( 'NONE',  ( -0.000000000000000000, -1.000000000000000000, -0.000000000000000000 ) ) ;
#2118 = ORIENTED_EDGE ( 'NONE', *, *, #6050, .F. ) ;
#2119 = LINE ( 'NONE', #4622, #1520 ) ;
#2120 = CARTESIAN_POINT ( 'NONE',  ( -9.758885704719602927, 11.77999999999999936, 1.835497153966576533 ) ) ;
#2121 = CARTESIAN_POINT ( 'NONE',  ( -8.901168407348009737, 11.78284961658114760, 4.206331665010878851 ) ) ;
#2122 = CARTESIAN_POINT ( 'NONE',  ( -4.305293461728360249, 6.970489281293553496, 20.13748468381273327 ) ) ;
#2123 = CARTESIAN_POINT ( 'NONE',  ( -7.479019609110483913, 6.000000000000000000, 19.80685165657764557 ) ) ;
#2124 = CARTESIAN_POINT ( 'NONE',  ( -3.358566237454704062, 6.077530662009436924, 18.42059173885062506 ) ) ;
#2125 = EDGE_CURVE ( 'NONE', #6594, #2729, #866, .T. ) ;
#2126 = ORIENTED_EDGE ( 'NONE', *, *, #3645, .F. ) ;
#2127 = CARTESIAN_POINT ( 'NONE',  ( 0.000000000000000000, 0.000000000000000000, 0.000000000000000000 ) ) ;
#2128 = CARTESIAN_POINT ( 'NONE',  ( 4.644916231952211483, 6.000000000000000000, 17.58775781641703517 ) ) ;
#2129 = VERTEX_POINT ( 'NONE', #6737 ) ;
#2130 = CARTESIAN_POINT ( 'NONE',  ( -4.947328415728339479, 6.800000000000000711, 21.24192674964312033 ) ) ;
#2131 = CARTESIAN_POINT ( 'NONE',  ( -7.133972908259027079, 9.224065072041414126, 6.808047109439728573 ) ) ;
#2132 = FACE_OUTER_BOUND ( 'NONE', #735, .T. ) ;
#2133 = FACE_OUTER_BOUND ( 'NONE', #466, .T. ) ;
#2134 = DIRECTION ( 'NONE',  ( -0.000000000000000000, -1.000000000000000000, -0.000000000000000000 ) ) ;
#2135 = DIRECTION ( 'NONE',  ( 1.000000000000000000, 0.000000000000000000, 0.000000000000000000 ) ) ;
#2136 = FACE_OUTER_BOUND ( 'NONE', #2221, .T. ) ;
#2137 = ORIENTED_EDGE ( 'NONE', *, *, #1148, .T. ) ;
#2138 = LINE ( 'NONE', #4108, #5206 ) ;
#2139 = CARTESIAN_POINT ( 'NONE',  ( -1.250000000000082379, 10.81999999999999851, 9.765322575317203047 ) ) ;
#2140 = DIRECTION ( 'NONE',  ( 0.9820588696906382697, 0.000000000000000000, -0.1885745912416251224 ) ) ;
#2141 = AXIS2_PLACEMENT_3D ( 'NONE', #1564, #4734, #7249 ) ;
#2142 = CARTESIAN_POINT ( 'NONE',  ( 4.064142356739864681, 6.998714245147204416, 19.43496741825039820 ) ) ;
#2143 = CARTESIAN_POINT ( 'NONE',  ( -7.347091858898635586, 9.989774791794621578, 6.649037040181000613 ) ) ;
#2144 = ORIENTED_EDGE ( 'NONE', *, *, #7157, .T. ) ;
#2145 = AXIS2_PLACEMENT_3D ( 'NONE', #3958, #3440, #824 ) ;
#2146 = CIRCLE ( 'NONE', #2678, 2.349999999999997868 ) ;
#2147 = DIRECTION ( 'NONE',  ( -0.000000000000000000, -1.000000000000000000, -0.000000000000000000 ) ) ;
#2148 = ADVANCED_FACE ( 'NONE', ( #1056 ), #8053, .T. ) ;
#2149 = CARTESIAN_POINT ( 'NONE',  ( -5.383415904986078360, 7.443900581196478683, 18.80555947608375789 ) ) ;
#2150 = DIRECTION ( 'NONE',  ( -0.000000000000000000, -1.000000000000000000, -0.000000000000000000 ) ) ;
#2151 = CARTESIAN_POINT ( 'NONE',  ( -3.519133998076033887, 6.600000000000000533, 19.64958055990333463 ) ) ;
#2152 = CIRCLE ( 'NONE', #311, 14.92351647922232516 ) ;
#2153 = TOROIDAL_SURFACE ( 'NONE', #2545, 0.4000000000000000222, 0.1000000000000000056 ) ;
#2154 = B_SPLINE_CURVE_WITH_KNOTS ( 'NONE', 3,
 ( #3237, #2041, #2657, #6444, #5124, #7183, #1537, #5164, #6360, #792, #707, #181, #222, #2121, #1499, #4004 ),
 .UNSPECIFIED., .F., .F.,
 ( 4, 3, 3, 3, 3, 4 ),
 ( 0.000000000000000000, 6.809599830056793991E-06, 1.362066388327743998E-05, 2.040797263590539271E-05, 2.714308747457512381E-05, 3.136851461184031193E-05 ),
 .UNSPECIFIED. ) ;
#2155 = DIRECTION ( 'NONE',  ( 0.000000000000000000, 0.000000000000000000, 1.000000000000000000 ) ) ;
#2156 = EDGE_LOOP ( 'NONE', ( #7428, #7030 ) ) ;
#2157 = DIRECTION ( 'NONE',  ( 0.000000000000000000, 0.000000000000000000, -1.000000000000000000 ) ) ;
#2158 = ORIENTED_EDGE ( 'NONE', *, *, #366, .F. ) ;
#2159 = DIRECTION ( 'NONE',  ( 0.000000000000000000, 1.000000000000000000, 0.000000000000000000 ) ) ;
#2160 = DIRECTION ( 'NONE',  ( 0.000000000000000000, 0.000000000000000000, -1.000000000000000000 ) ) ;
#2161 = ADVANCED_FACE ( 'NONE', ( #6856 ), #435, .T. ) ;
#2162 = ADVANCED_FACE ( 'NONE', ( #7362 ), #1716, .F. ) ;
#2163 = CARTESIAN_POINT ( 'NONE',  ( -4.693473440680836717, 5.800000000000005151, 20.52793095274804003 ) ) ;
#2164 = CARTESIAN_POINT ( 'NONE',  ( 4.947326282271232500, 6.800001425441132952, 21.24192218276976263 ) ) ;
#2165 = CARTESIAN_POINT ( 'NONE',  ( 9.778541063641521092, 10.81999999999999851, 1.839194026381274050 ) ) ;
#2166 = CARTESIAN_POINT ( 'NONE',  ( -4.469530539849012385, 6.033011306411808050, 17.64251566881318922 ) ) ;
#2167 = CARTESIAN_POINT ( 'NONE',  ( 2.385244779468109755E-15, 6.800000000000000711, 19.94999999999999574 ) ) ;
#2168 = ORIENTED_EDGE ( 'NONE', *, *, #4769, .F. ) ;
#2169 = CARTESIAN_POINT ( 'NONE',  ( 8.901102426010899293, 10.81999999999999851, 4.206471276695338268 ) ) ;
#2170 = CARTESIAN_POINT ( 'NONE',  ( 4.346550133717839159, 6.000000000000000000, 17.84189246583928323 ) ) ;
#2171 = ADVANCED_FACE ( 'NONE', ( #1836 ), #4998, .T. ) ;
#2172 = DIRECTION ( 'NONE',  ( 0.000000000000000000, 0.000000000000000000, -1.000000000000000000 ) ) ;
#2173 = EDGE_CURVE ( 'NONE', #363, #4107, #5400, .T. ) ;
#2174 = CARTESIAN_POINT ( 'NONE',  ( 5.251991777627375235, 7.326434025580369713, 18.78654331875731742 ) ) ;
#2175 = CARTESIAN_POINT ( 'NONE',  ( 4.761323057842065332, 10.81999999999999851, -8.714052027550758694 ) ) ;
#2176 = DIRECTION ( 'NONE',  ( 0.9820588696906381587, 0.000000000000000000, -0.1885745912416262604 ) ) ;
#2177 = FACE_BOUND ( 'NONE', #4186, .T. ) ;
#2178 = AXIS2_PLACEMENT_3D ( 'NONE', #1733, #6021, #2907 ) ;
#2180 = VERTEX_POINT ( 'NONE', #4254 ) ;
#2179 = CARTESIAN_POINT ( 'NONE',  ( 4.917523772753932043, 6.807577451769843080, 21.20967117708847738 ) ) ;
#2181 = CARTESIAN_POINT ( 'NONE',  ( 0.000000000000000000, 11.79999999999999716, 0.000000000000000000 ) ) ;
#2182 = ORIENTED_EDGE ( 'NONE', *, *, #1978, .T. ) ;
#2183 = AXIS2_PLACEMENT_3D ( 'NONE', #4646, #7825, #1521 ) ;
#2184 = CARTESIAN_POINT ( 'NONE',  ( -6.548855925644059717, 6.803462975540145230, 20.82348350035465856 ) ) ;
#2185 = CARTESIAN_POINT ( 'NONE',  ( -7.199136590528256718, 8.333608281791834216, 6.801667924213318450 ) ) ;
#2186 = CARTESIAN_POINT ( 'NONE',  ( 4.064903445138064342, 6.983009506804499722, 19.57319404846619548 ) ) ;
#2187 = CARTESIAN_POINT ( 'NONE',  ( -7.237426145628313989, 10.10370533792309722, 6.756177206778853694 ) ) ;
#2188 = AXIS2_PLACEMENT_3D ( 'NONE', #111, #5711, #2668 ) ;
#2189 = VERTEX_POINT ( 'NONE', #6776 ) ;
#2190 = ORIENTED_EDGE ( 'NONE', *, *, #1968, .T. ) ;
#2191 = ADVANCED_FACE ( 'NONE', ( #3041 ), #2777, .T. ) ;
#2192 = LINE ( 'NONE', #332, #4547 ) ;
#2193 = CIRCLE ( 'NONE', #6262, 9.844999999999998863 ) ;
#2194 = AXIS2_PLACEMENT_3D ( 'NONE', #4805, #4341, #585 ) ;
#2195 = CARTESIAN_POINT ( 'NONE',  ( -7.069671557728274713, 9.500000000000000000, 6.827102464871014575 ) ) ;
#2196 = CARTESIAN_POINT ( 'NONE',  ( 0.000000000000000000, 10.81999999999999851, 0.000000000000000000 ) ) ;
#2197 = CARTESIAN_POINT ( 'NONE',  ( -3.519133998076033887, 6.600000000000000533, 19.79958055990334032 ) ) ;
#2198 = CARTESIAN_POINT ( 'NONE',  ( 0.6570922415819607787, 6.800000000000000711, 22.91389368417637940 ) ) ;
#2199 = CARTESIAN_POINT ( 'NONE',  ( -4.286871910510722472, 15.12603551251024570, -8.027000013882782170 ) ) ;
#2200 = ORIENTED_EDGE ( 'NONE', *, *, #4239, .F. ) ;
#2201 = DIRECTION ( 'NONE',  ( -1.000000000000000000, 0.000000000000000000, 0.000000000000000000 ) ) ;
#2202 = ORIENTED_EDGE ( 'NONE', *, *, #7749, .F. ) ;
#2203 = CYLINDRICAL_SURFACE ( 'NONE', #5310, 0.8999999999999999112 ) ;
#2204 = CARTESIAN_POINT ( 'NONE',  ( 1.999999999999964029, 5.899999999999998579, 22.89999999999999503 ) ) ;
#2205 = DIRECTION ( 'NONE',  ( -0.000000000000000000, 1.000000000000000000, -0.000000000000000000 ) ) ;
#2206 = CARTESIAN_POINT ( 'NONE',  ( -4.221392229363574167, 5.920906166914031488, 20.68116168154909928 ) ) ;
#2207 = VECTOR ( 'NONE', #1536, 1000.000000000000000 ) ;
#2208 = ORIENTED_EDGE ( 'NONE', *, *, #5594, .T. ) ;
#2209 = FACE_OUTER_BOUND ( 'NONE', #4917, .T. ) ;
#2210 = EDGE_LOOP ( 'NONE', ( #5907 ) ) ;
#2211 = CARTESIAN_POINT ( 'NONE',  ( 4.337094970117817638, 6.000000000000000000, 17.85033784668613777 ) ) ;
#2212 = CARTESIAN_POINT ( 'NONE',  ( -3.578748167229364618, 6.800000000000000711, 18.60323749095022094 ) ) ;
#2213 = CARTESIAN_POINT ( 'NONE',  ( -3.981655508060011339, 6.000000000000000000, 20.24872935586120448 ) ) ;
#2214 = DIRECTION ( 'NONE',  ( 0.000000000000000000, 0.000000000000000000, 1.000000000000000000 ) ) ;
#2215 = CARTESIAN_POINT ( 'NONE',  ( -3.089133998076035947, 6.800000000000000711, 19.21958055990333847 ) ) ;
#2216 = CYLINDRICAL_SURFACE ( 'NONE', #712, 0.02000000000000019124 ) ;
#2217 = CIRCLE ( 'NONE', #7213, 0.09999999999999939493 ) ;
#2218 = EDGE_CURVE ( 'NONE', #5610, #1099, #3163, .T. ) ;
#2219 = EDGE_CURVE ( 'NONE', #7536, #1280, #6057, .T. ) ;
#2221 = EDGE_LOOP ( 'NONE', ( #6988, #6015, #8146, #5204 ) ) ;
#2220 = DIRECTION ( 'NONE',  ( 0.000000000000000000, -0.000000000000000000, -1.000000000000000000 ) ) ;
#2222 = CIRCLE ( 'NONE', #3661, 0.01999999999999974715 ) ;
#2223 = VECTOR ( 'NONE', #7024, 1000.000000000000000 ) ;
#2224 = DIRECTION ( 'NONE',  ( -0.9820588696906381587, 0.000000000000000000, -0.1885745912416260661 ) ) ;
#2225 = ORIENTED_EDGE ( 'NONE', *, *, #13, .F. ) ;
#2226 = CARTESIAN_POINT ( 'NONE',  ( 5.216584095013913291, 7.028970289242019831, 18.59756718570208633 ) ) ;
#2227 = CARTESIAN_POINT ( 'NONE',  ( 7.233308190425300488, 8.519207128962278830, 6.927829485251513653 ) ) ;
#2228 = CARTESIAN_POINT ( 'NONE',  ( 4.064699966938292164, 6.998909690402259187, 19.43531545316231401 ) ) ;
#2229 = VECTOR ( 'NONE', #6420, 1000.000000000000000 ) ;
#2230 = CARTESIAN_POINT ( 'NONE',  ( -7.034810076790580347, 9.098332816073572360, 6.800643344739209617 ) ) ;
#2231 = ADVANCED_FACE ( 'NONE', ( #3688 ), #3079, .F. ) ;
#2232 = ORIENTED_EDGE ( 'NONE', *, *, #976, .F. ) ;
#2233 = EDGE_LOOP ( 'NONE', ( #6506 ) ) ;
#2234 = CARTESIAN_POINT ( 'NONE',  ( 6.783865543779576512, 11.77999999999999936, -7.244588896819491808 ) ) ;
#2235 = CARTESIAN_POINT ( 'NONE',  ( -5.382838504353961717, 7.162917889299830421, 17.75725388218629064 ) ) ;
#2236 = CARTESIAN_POINT ( 'NONE',  ( -5.794819565457280497, 7.608856455419726217, 19.53727204292153630 ) ) ;
#2237 = FACE_OUTER_BOUND ( 'NONE', #1088, .T. ) ;
#2238 = CARTESIAN_POINT ( 'NONE',  ( 6.681704545491826686, 9.740495555733648558, 7.338040080163433565 ) ) ;
#2239 = ORIENTED_EDGE ( 'NONE', *, *, #850, .T. ) ;
#2240 = ORIENTED_EDGE ( 'NONE', *, *, #2254, .T. ) ;
#2241 = VERTEX_POINT ( 'NONE', #8000 ) ;
#2242 = DIRECTION ( 'NONE',  ( -0.000000000000000000, 1.000000000000000000, -0.000000000000000000 ) ) ;
#2243 = DIRECTION ( 'NONE',  ( 0.000000000000000000, -0.000000000000000000, 1.000000000000000000 ) ) ;
#2244 = DIRECTION ( 'NONE',  ( 0.000000000000000000, 0.000000000000000000, -1.000000000000000000 ) ) ;
#2245 = CARTESIAN_POINT ( 'NONE',  ( -4.463051525296573452, 5.748494418354196611, 20.51191293533616999 ) ) ;
#2246 = CARTESIAN_POINT ( 'NONE',  ( 4.728641350681406230, 10.81999999999999851, -8.635043484350610754 ) ) ;
#2247 = DIRECTION ( 'NONE',  ( 0.000000000000000000, 0.000000000000000000, 1.000000000000000000 ) ) ;
#2248 = ORIENTED_EDGE ( 'NONE', *, *, #1810, .F. ) ;
#2249 = CYLINDRICAL_SURFACE ( 'NONE', #5327, 16.25000000000000000 ) ;
#2250 = CARTESIAN_POINT ( 'NONE',  ( -6.751183836619019552, 10.81999999999999851, -7.165580353619246168 ) ) ;
#2251 = ORIENTED_EDGE ( 'NONE', *, *, #1604, .F. ) ;
#2252 = CARTESIAN_POINT ( 'NONE',  ( 3.887428155178561440, 6.000000000000000000, 20.08712204002510759 ) ) ;
#2253 = CARTESIAN_POINT ( 'NONE',  ( -7.173234890500782335, 9.339650997181443870, 6.880185364946841631 ) ) ;
#2254 = EDGE_CURVE ( 'NONE', #5078, #7929, #6281, .T. ) ;
#2255 = CARTESIAN_POINT ( 'NONE',  ( -7.112831945748592233, 8.599999999999999645, 6.928781967098553096 ) ) ;
#2256 = DIRECTION ( 'NONE',  ( 0.9820588696906381587, 0.000000000000000000, 0.1885745912416257608 ) ) ;
#2257 = DIRECTION ( 'NONE',  ( -0.3090169943749878634, 0.000000000000000000, -0.9510565162951403195 ) ) ;
#2259 = EDGE_LOOP ( 'NONE', ( #5418 ) ) ;
#2258 = CARTESIAN_POINT ( 'NONE',  ( -5.288685589487201355, 7.335818185253756951, 18.81484715376221928 ) ) ;
#2260 = B_SPLINE_CURVE_WITH_KNOTS ( 'NONE', 3,
 ( #1066, #520, #7407, #1762, #7486, #7944 ),
 .UNSPECIFIED., .F., .F.,
 ( 4, 2, 4 ),
 ( 0.000000000000000000, 0.0002863119945043045679, 0.0005726239890086091359 ),
 .UNSPECIFIED. ) ;
#2261 = MANIFOLD_SOLID_BREP ( 'Boss-Extrude4', #1653 ) ;
#2262 = CARTESIAN_POINT ( 'NONE',  ( -7.087010244750758581, 8.356339297002902455, 6.872589031233728107 ) ) ;
#2263 = ORIENTED_EDGE ( 'NONE', *, *, #3618, .F. ) ;
#2264 = CARTESIAN_POINT ( 'NONE',  ( -6.553085213224781214, 6.809981322690886962, 20.80661117361173851 ) ) ;
#2265 = ADVANCED_FACE ( 'NONE', ( #7644 ), #5044, .T. ) ;
#2266 = DIRECTION ( 'NONE',  ( -0.000000000000000000, 0.000000000000000000, 1.000000000000000000 ) ) ;
#2267 = CARTESIAN_POINT ( 'NONE',  ( -2.399999999999959055, 6.000000000000000000, 16.80000000000000071 ) ) ;
#2268 = CARTESIAN_POINT ( 'NONE',  ( -6.535643858966883712, 9.708142529443533064, 7.380660347771671681 ) ) ;
#2269 = ORIENTED_EDGE ( 'NONE', *, *, #5170, .F. ) ;
#2270 = ORIENTED_EDGE ( 'NONE', *, *, #6684, .F. ) ;
#2271 = VECTOR ( 'NONE', #7542, 1000.000000000000000 ) ;
#2272 = DIRECTION ( 'NONE',  ( -0.9659258262890698665, 0.000000000000000000, -0.2588190451025150773 ) ) ;
#2273 = EDGE_CURVE ( 'NONE', #6009, #7449, #3564, .T. ) ;
#2274 = EDGE_CURVE ( 'NONE', #8154, #7635, #3439, .T. ) ;
#2275 = CARTESIAN_POINT ( 'NONE',  ( -5.128855848827961417, 7.490756646065496405, 17.28169749653307363 ) ) ;
#2276 = CARTESIAN_POINT ( 'NONE',  ( -5.085707605567997724, 6.545240889499688741, 21.91534894725058891 ) ) ;
#2277 = DIRECTION ( 'NONE',  ( 0.000000000000000000, 1.000000000000000000, 0.000000000000000000 ) ) ;
#2278 = CARTESIAN_POINT ( 'NONE',  ( 6.950718098093314090, 9.774532259045210836, 7.242586637727069565 ) ) ;
#2279 = ORIENTED_EDGE ( 'NONE', *, *, #6707, .T. ) ;
#2280 = AXIS2_PLACEMENT_3D ( 'NONE', #4084, #1531, #1407 ) ;
#2281 = ORIENTED_EDGE ( 'NONE', *, *, #1140, .T. ) ;
#2282 = VERTEX_POINT ( 'NONE', #6603 ) ;
#2283 = CARTESIAN_POINT ( 'NONE',  ( 0.000000000000000000, 10.79999999999999716, 0.000000000000000000 ) ) ;
#2284 = DIRECTION ( 'NONE',  ( 0.000000000000000000, 0.000000000000000000, -1.000000000000000000 ) ) ;
#2285 = DIRECTION ( 'NONE',  ( -0.000000000000000000, -1.000000000000000000, -0.000000000000000000 ) ) ;
#2286 = DIRECTION ( 'NONE',  ( -0.9771696282492320362, 2.208773511237372856E-15, -0.2124606260634139543 ) ) ;
#2287 = CARTESIAN_POINT ( 'NONE',  ( 8.901102426010897517, -27.84586504312624911, 4.206471276695337380 ) ) ;
#2288 = CARTESIAN_POINT ( 'NONE',  ( -9.001769445372302059, 14.88303627697546538, 4.239179974047064370 ) ) ;
#2289 = B_SPLINE_SURFACE_WITH_KNOTS ( 'NONE', 5, 5, ( 
 ( #7353, #4210, #465, #7390, #6729, #3710, #3100, #3567, #4796, #7309, #3604, #4173 ),
 ( #5453, #1742, #6070, #427, #2953, #6107, #8009, #4408, #2484, #1947, #7630, #4494 ),
 ( #2562, #1861, #131, #6970, #658, #4535, #1325, #7506, #2034, #4366, #3270, #1279 ),
 ( #5733, #6885, #3183, #5650, #2649, #6351, #1991, #7055, #7011, #1236, #6393, #5156 ),
 ( #740, #2608, #1408, #2522, #3920, #1367, #3225, #49, #3877, #784, #7674, #89 ),
 ( #5778, #4453, #6436, #700, #3310, #8119, #3834, #6925, #4991, #3749, #5116, #6267 ) ),
 .UNSPECIFIED., .F., .F., .F.,
 ( 6, 6 ),
 ( 6, 3, 3, 6 ),
 ( -1.806972432973497966, 2.104004904571083578 ),
 ( -1.961967137433842767, -0.4868031346405872206, 0.2985908393837826136, 1.869378787432521616 ),
 .UNSPECIFIED. ) ;
#2290 = EDGE_LOOP ( 'NONE', ( #922, #132, #7189, #3006 ) ) ;
#2291 = DIRECTION ( 'NONE',  ( -0.8090169943749492276, 0.000000000000000000, 0.5877852522924705836 ) ) ;
#2292 = AXIS2_PLACEMENT_3D ( 'NONE', #7303, #3524, #5449 ) ;
#2293 = EDGE_LOOP ( 'NONE', ( #288, #2847, #4819, #4851 ) ) ;
#2294 = CARTESIAN_POINT ( 'NONE',  ( 4.903129077849076367, 6.000000000000000000, 21.22168083936475469 ) ) ;
#2295 = CARTESIAN_POINT ( 'NONE',  ( -3.510915066089714376, 6.000000000000000000, 18.74874542397270716 ) ) ;
#2296 = CARTESIAN_POINT ( 'NONE',  ( -7.010374126334322220, 8.379865734464024385, 6.913347294335077109 ) ) ;
#2297 = DIRECTION ( 'NONE',  ( -0.9820588696906381587, 0.000000000000000000, -0.1885745912416260939 ) ) ;
#2298 = CARTESIAN_POINT ( 'NONE',  ( 6.762516484572926423, 10.80052345739611575, -7.154886148352201936 ) ) ;
#2299 = B_SPLINE_CURVE_WITH_KNOTS ( 'NONE', 3,
 ( #7663, #3216, #3990, #5721, #2025, #3868, #4486, #1398, #3907, #7001, #4565, #3303, #2596, #5808, #5105, #6380 ),
 .UNSPECIFIED., .F., .F.,
 ( 4, 3, 3, 3, 3, 4 ),
 ( 0.000000000000000000, 6.674844931763010309E-06, 1.334819580725222617E-05, 2.004522600748717857E-05, 2.679446686807796128E-05, 3.137313318925722988E-05 ),
 .UNSPECIFIED. ) ;
#2301 = EDGE_LOOP ( 'NONE', ( #159 ) ) ;
#2300 = DIRECTION ( 'NONE',  ( -0.000000000000000000, -1.000000000000000000, -0.000000000000000000 ) ) ;
#2302 = CARTESIAN_POINT ( 'NONE',  ( 5.696792475366159181, 6.000000000000000000, 21.28157274776580010 ) ) ;
#2303 = ORIENTED_EDGE ( 'NONE', *, *, #6089, .F. ) ;
#2304 = CARTESIAN_POINT ( 'NONE',  ( 9.758885704719627796, 10.79999999999999893, 1.835497153966436867 ) ) ;
#2305 = DIRECTION ( 'NONE',  ( 0.000000000000000000, 1.000000000000000000, 0.000000000000000000 ) ) ;
#2306 = CARTESIAN_POINT ( 'NONE',  ( 4.171135939076342503, 6.800000000000001599, 20.55542636377903420 ) ) ;
#2307 = TOROIDAL_SURFACE ( 'NONE', #6773, 4.604519503718790041, 0.02000000000000000042 ) ;
#2308 = CARTESIAN_POINT ( 'NONE',  ( -6.729844598771395958, 9.910549811774673756, 7.307264045530595276 ) ) ;
#2309 = CIRCLE ( 'NONE', #7037, 0.02000000000000079839 ) ;
#2310 = EDGE_CURVE ( 'NONE', #6412, #2035, #3948, .T. ) ;
#2311 = ORIENTED_EDGE ( 'NONE', *, *, #5829, .T. ) ;
#2312 = ORIENTED_EDGE ( 'NONE', *, *, #13, .T. ) ;
#2313 = AXIS2_PLACEMENT_3D ( 'NONE', #723, #2634, #3815 ) ;
#2314 = CARTESIAN_POINT ( 'NONE',  ( 4.693109015468318823, 5.800000000000220979, 20.52766081533913578 ) ) ;
#2315 = CARTESIAN_POINT ( 'NONE',  ( -5.194540435250378785, 7.957778133151585997, 15.88774176287582662 ) ) ;
#2316 = CARTESIAN_POINT ( 'NONE',  ( -7.524438277857083079, 6.839947052435505270, 19.26671327326357996 ) ) ;
#2317 = AXIS2_PLACEMENT_3D ( 'NONE', #6828, #4812, #3656 ) ;
#2318 = FACE_OUTER_BOUND ( 'NONE', #1330, .T. ) ;
#2319 = EDGE_LOOP ( 'NONE', ( #6176, #7191, #3852, #6946 ) ) ;
#2320 = EDGE_CURVE ( 'NONE', #4352, #6402, #6940, .T. ) ;
#2321 = ADVANCED_FACE ( 'NONE', ( #669 ), #3154, .T. ) ;
#2322 = ORIENTED_EDGE ( 'NONE', *, *, #5181, .T. ) ;
#2323 = CARTESIAN_POINT ( 'NONE',  ( 0.000000000000000000, 8.420000000000001705, -12.53999999999999915 ) ) ;
#2324 = VECTOR ( 'NONE', #5639, 1000.000000000000000 ) ;
#2325 = CARTESIAN_POINT ( 'NONE',  ( -4.939101436621540664, 6.800841656140719671, 21.23664535507109363 ) ) ;
#2326 = DIRECTION ( 'NONE',  ( 0.000000000000000000, -1.000000000000000000, 0.000000000000000000 ) ) ;
#2327 = LINE ( 'NONE', #4833, #7939 ) ;
#2328 = CARTESIAN_POINT ( 'NONE',  ( -4.746314235147946370, 11.79999999999999716, -8.625342090678607576 ) ) ;
#2329 = AXIS2_PLACEMENT_3D ( 'NONE', #6438, #7676, #1369 ) ;
#2330 = FACE_OUTER_BOUND ( 'NONE', #6976, .T. ) ;
#2331 = ADVANCED_FACE ( 'NONE', ( #1961 ), #4507, .T. ) ;
#2332 = ORIENTED_EDGE ( 'NONE', *, *, #600, .F. ) ;
#2333 = CARTESIAN_POINT ( 'NONE',  ( 7.151054349587699477, 9.255673064371752190, 6.818335322581703828 ) ) ;
#2334 = ORIENTED_EDGE ( 'NONE', *, *, #6194, .T. ) ;
#2335 = CARTESIAN_POINT ( 'NONE',  ( 3.870510768027842108, 6.000000000000000000, 20.05689665900481700 ) ) ;
#2336 = AXIS2_PLACEMENT_3D ( 'NONE', #7511, #2489, #1867 ) ;
#2337 = CARTESIAN_POINT ( 'NONE',  ( -4.228194338525177898, 6.000000000000000000, 17.94590233798034973 ) ) ;
#2338 = CARTESIAN_POINT ( 'NONE',  ( -8.584352418935933926, 6.376934690134002715, 4.956178179891253421 ) ) ;
#2339 = DIRECTION ( 'NONE',  ( 0.000000000000000000, 0.000000000000000000, 1.000000000000000000 ) ) ;
#2340 = CARTESIAN_POINT ( 'NONE',  ( 7.357468327219677917, 9.326841409005748318, 6.418508879612212503 ) ) ;
#2341 = CARTESIAN_POINT ( 'NONE',  ( -5.306659312850143806, 7.336257069383511187, 18.80832309768455701 ) ) ;
#2342 = VECTOR ( 'NONE', #770, 1000.000000000000000 ) ;
#2343 = DIRECTION ( 'NONE',  ( 0.7271981356221336457, -2.976905248632766392E-14, 0.6864276156651137883 ) ) ;
#2344 = ORIENTED_EDGE ( 'NONE', *, *, #4430, .F. ) ;
#2345 = CARTESIAN_POINT ( 'NONE',  ( -4.714968576266558742, 10.80052345739611397, -8.642516781865205999 ) ) ;
#2346 = DIRECTION ( 'NONE',  ( 0.000000000000000000, 0.000000000000000000, -1.000000000000000000 ) ) ;
#2347 = CARTESIAN_POINT ( 'NONE',  ( 6.539587340866996890, 6.799999397791973266, 20.83830799979977044 ) ) ;
#2348 = AXIS2_PLACEMENT_3D ( 'NONE', #6208, #516, #4221 ) ;
#2349 = CARTESIAN_POINT ( 'NONE',  ( -6.852512898538162922, 9.433190333911822378, 7.255386512906412122 ) ) ;
#2350 = AXIS2_PLACEMENT_3D ( 'NONE', #627, #7176, #5745 ) ;
#2351 = CYLINDRICAL_SURFACE ( 'NONE', #4437, 0.9999999999999998890 ) ;
#2352 = VERTEX_POINT ( 'NONE', #2624 ) ;
#2353 = VECTOR ( 'NONE', #2955, 1000.000000000000000 ) ;
#2354 = EDGE_LOOP ( 'NONE', ( #3328, #978, #147, #323, #3713 ) ) ;
#2355 = CARTESIAN_POINT ( 'NONE',  ( -1.999999999999958478, -4.348755257721902190, 23.39999999999999858 ) ) ;
#2356 = AXIS2_PLACEMENT_3D ( 'NONE', #5844, #2720, #5226 ) ;
#2357 = CARTESIAN_POINT ( 'NONE',  ( -5.368099055359303762, 7.356835956920337871, 17.80468583214656775 ) ) ;
#2358 = CARTESIAN_POINT ( 'NONE',  ( -4.885058990667698886, 6.904866941705325445, 21.11513350841379832 ) ) ;
#2359 = ADVANCED_FACE ( 'NONE', ( #8132, #2002 ), #5139, .T. ) ;
#2360 = CARTESIAN_POINT ( 'NONE',  ( -3.519133998076033887, 6.600000000000000533, 19.79958055990334032 ) ) ;
#2361 = EDGE_LOOP ( 'NONE', ( #4055 ) ) ;
#2362 = CIRCLE ( 'NONE', #6697, 0.04000000000000010492 ) ;
#2363 = EDGE_LOOP ( 'NONE', ( #7335 ) ) ;
#2364 = VERTEX_POINT ( 'NONE', #4127 ) ;
#2365 = DIRECTION ( 'NONE',  ( 0.000000000000000000, -1.000000000000000000, 0.000000000000000000 ) ) ;
#2366 = DIRECTION ( 'NONE',  ( -0.000000000000000000, -1.000000000000000000, 0.000000000000000000 ) ) ;
#2367 = EDGE_CURVE ( 'NONE', #1244, #2423, #1591, .T. ) ;
#2368 = CARTESIAN_POINT ( 'NONE',  ( -3.519133998076033887, 6.800000000000000711, 19.64958055990333463 ) ) ;
#2369 = AXIS2_PLACEMENT_3D ( 'NONE', #1890, #8071, #1152 ) ;
#2370 = ADVANCED_FACE ( 'NONE', ( #5619 ), #5004, .T. ) ;
#2371 = CARTESIAN_POINT ( 'NONE',  ( -6.584442707942030459, 6.059828345623921919, 20.93607969640044431 ) ) ;
#2372 = DIRECTION ( 'NONE',  ( -0.2124606260634139265, 0.000000000000000000, 0.9771696282492319252 ) ) ;
#2373 = EDGE_LOOP ( 'NONE', ( #576, #541, #1487, #6782 ) ) ;
#2374 = CARTESIAN_POINT ( 'NONE',  ( 7.052832034732567479, 9.179184621573270420, 6.868885301841317848 ) ) ;
#2375 = ORIENTED_EDGE ( 'NONE', *, *, #4381, .T. ) ;
#2376 = CARTESIAN_POINT ( 'NONE',  ( 3.607460508660710996, 6.000000000000000000, 19.51053015885216269 ) ) ;
#2377 = ADVANCED_FACE ( 'NONE', ( #7768, #5333 ), #4573, .T. ) ;
#2378 = CARTESIAN_POINT ( 'NONE',  ( -3.713894239730981095, 6.000000000000000000, 19.78185969130872479 ) ) ;
#2379 = CARTESIAN_POINT ( 'NONE',  ( -7.243200731982506468, 8.442918043018751817, 6.794230680588939641 ) ) ;
#2380 = DIRECTION ( 'NONE',  ( -2.168404344971003188E-14, 0.000000000000000000, 1.000000000000000000 ) ) ;
#2381 = CARTESIAN_POINT ( 'NONE',  ( 7.293223248020851202, 10.25933902216353211, 6.519194606273639891 ) ) ;
#2382 = AXIS2_PLACEMENT_3D ( 'NONE', #3030, #4911, #7462 ) ;
#2383 = B_SPLINE_CURVE_WITH_KNOTS ( 'NONE', 3,
 ( #5032, #6395, #1993, #51 ),
 .UNSPECIFIED., .F., .F.,
 ( 4, 4 ),
 ( 0.000000000000000000, 0.0003737502533556470133 ),
 .UNSPECIFIED. ) ;
#2384 = CARTESIAN_POINT ( 'NONE',  ( 5.291672896624247002, 7.336112963643356188, 18.81484930196659988 ) ) ;
#2385 = CARTESIAN_POINT ( 'NONE',  ( -7.131743748996917986, 8.324194079815956826, 6.892557962419378015 ) ) ;
#2386 = EDGE_LOOP ( 'NONE', ( #5782, #2644, #4368, #1012 ) ) ;
#2387 = CARTESIAN_POINT ( 'NONE',  ( -4.727010186307507134, 10.81132123589743443, -8.635936558477705915 ) ) ;
#2388 = CARTESIAN_POINT ( 'NONE',  ( 3.952640829880472939, 6.800000000000002487, 18.18538556820859142 ) ) ;
#2389 = CARTESIAN_POINT ( 'NONE',  ( -6.723869747759464666, 9.403889444511232654, 7.286955209059262195 ) ) ;
#2390 = CARTESIAN_POINT ( 'NONE',  ( -5.006061230865880951, 5.800000000000000711, 19.21077251559043830 ) ) ;
#2391 = VERTEX_POINT ( 'NONE', #1083 ) ;
#2392 = EDGE_LOOP ( 'NONE', ( #5435, #487 ) ) ;
#2393 = CARTESIAN_POINT ( 'NONE',  ( 7.069671557728274713, 9.700000000000001066, 6.827102464871014575 ) ) ;
#2394 = CARTESIAN_POINT ( 'NONE',  ( 5.299999999999995381, 7.236435435219249257, 18.80555947608375789 ) ) ;
#2395 = VERTEX_POINT ( 'NONE', #4875 ) ;
#2396 = B_SPLINE_CURVE_WITH_KNOTS ( 'NONE', 3,
 ( #6059, #2314, #450, #6555, #2815, #5316, #4117, #7833, #4740, #5975 ),
 .UNSPECIFIED., .F., .F.,
 ( 4, 2, 2, 2, 4 ),
 ( 5.381012493231091725E-05, 0.0005501860359552006568, 0.001046561946978090234, 0.001542937858000979811, 0.002039313769023869821 ),
 .UNSPECIFIED. ) ;
#2397 = ORIENTED_EDGE ( 'NONE', *, *, #6882, .T. ) ;
#2398 = SHAPE_DEFINITION_REPRESENTATION ( #4716, #3415 ) ;
#2399 = ADVANCED_FACE ( 'NONE', ( #464 ), #5928, .T. ) ;
#2400 = CARTESIAN_POINT ( 'NONE',  ( 3.317604760129702957, 6.723650510996748153, 19.39065573132118914 ) ) ;
#2401 = DIRECTION ( 'NONE',  ( -0.9820588696906382697, 0.000000000000000000, 0.1885745912416255110 ) ) ;
#2402 = FACE_OUTER_BOUND ( 'NONE', #6139, .T. ) ;
#2403 = DIRECTION ( 'NONE',  ( 0.000000000000000000, -1.000000000000000000, 0.000000000000000000 ) ) ;
#2404 = DIRECTION ( 'NONE',  ( -0.000000000000000000, -1.000000000000000000, -0.000000000000000000 ) ) ;
#2405 = ORIENTED_EDGE ( 'NONE', *, *, #675, .T. ) ;
#2406 = CARTESIAN_POINT ( 'NONE',  ( 3.323032830975961804, 6.800000000000000711, 19.79958055990334032 ) ) ;
#2407 = ADVANCED_FACE ( 'NONE', ( #1741 ), #6807, .F. ) ;
#2409 = EDGE_CURVE ( 'NONE', #6024, #1280, #8030, .T. ) ;
#2408 = ORIENTED_EDGE ( 'NONE', *, *, #1506, .T. ) ;
#2410 = TOROIDAL_SURFACE ( 'NONE', #557, 9.969999999999998863, 0.02000000000000000042 ) ;
#2411 = CARTESIAN_POINT ( 'NONE',  ( -3.089133998076035947, 6.600000000000000533, 19.64958055990333463 ) ) ;
#2412 = CARTESIAN_POINT ( 'NONE',  ( -5.384067455607953079, 7.296164452267760225, 18.60930321155602840 ) ) ;
#2413 = CARTESIAN_POINT ( 'NONE',  ( -4.336348405599972367, 6.000000000000000000, 17.85100521815690300 ) ) ;
#2414 = CARTESIAN_POINT ( 'NONE',  ( -7.603841656361407964, 7.445697789185807380, 6.496318703565822972 ) ) ;
#2415 = CARTESIAN_POINT ( 'NONE',  ( -2.399999999999958611, 4.100000000000000533, 22.89999999999999503 ) ) ;
#2416 = CARTESIAN_POINT ( 'NONE',  ( 7.331121580650472147, 9.390772102504255869, 6.590026632659103711 ) ) ;
#2417 = AXIS2_PLACEMENT_3D ( 'NONE', #1780, #2285, #7923 ) ;
#2418 = CIRCLE ( 'NONE', #5700, 16.89999999999999858 ) ;
#2419 = CARTESIAN_POINT ( 'NONE',  ( -5.273348104027327565, 7.332843149052867382, 18.80762458053833797 ) ) ;
#2420 = EDGE_CURVE ( 'NONE', #1385, #1267, #1162, .T. ) ;
#2421 = EDGE_CURVE ( 'NONE', #3785, #1202, #923, .T. ) ;
#2422 = CARTESIAN_POINT ( 'NONE',  ( -7.099769944259946008, 8.344460471425605874, 6.882909932904954786 ) ) ;
#2423 = VERTEX_POINT ( 'NONE', #7351 ) ;
#2424 = CARTESIAN_POINT ( 'NONE',  ( -4.726037067905576983, 10.80932092604688144, -8.636469218369468237 ) ) ;
#2425 = CARTESIAN_POINT ( 'NONE',  ( 0.000000000000000000, 6.200000000000001954, 0.000000000000000000 ) ) ;
#2426 = CARTESIAN_POINT ( 'NONE',  ( 3.880889247581646995, 6.799999999999998934, 20.07553687198402059 ) ) ;
#2427 = CARTESIAN_POINT ( 'NONE',  ( -6.504565088733223810, 6.996259974303352003, 20.41836211946885982 ) ) ;
#2428 = FACE_OUTER_BOUND ( 'NONE', #2040, .T. ) ;
#2429 = ADVANCED_FACE ( 'NONE', ( #2991 ), #3044, .F. ) ;
#2430 = EDGE_LOOP ( 'NONE', ( #915 ) ) ;
#2431 = ORIENTED_EDGE ( 'NONE', *, *, #6271, .F. ) ;
#2432 = LINE ( 'NONE', #6134, #2324 ) ;
#2433 = CYLINDRICAL_SURFACE ( 'NONE', #3023, 1.221359479792052838 ) ;
#2434 = CARTESIAN_POINT ( 'NONE',  ( -7.446425922552547760, 9.574074781647125221, 6.247649849982820136 ) ) ;
#2435 = VERTEX_POINT ( 'NONE', #3677 ) ;
#2436 = VECTOR ( 'NONE', #6788, 1000.000000000000000 ) ;
#2437 = CARTESIAN_POINT ( 'NONE',  ( 0.000000000000000000, 6.196510050329750996, -14.82357739652041850 ) ) ;
#2438 = AXIS2_PLACEMENT_3D ( 'NONE', #5961, #2134, #7242 ) ;
#2439 = CARTESIAN_POINT ( 'NONE',  ( -5.657879866388544343, 6.999999999999817923, 20.84958330065013143 ) ) ;
#2440 = CIRCLE ( 'NONE', #2053, 0.02000000000000021205 ) ;
#2441 = CARTESIAN_POINT ( 'NONE',  ( -2.584705882352900996, 0.000000000000000000, 16.70117647058824062 ) ) ;
#2442 = CARTESIAN_POINT ( 'NONE',  ( 6.765847160977547681, 10.79999999999999893, -7.151736655826486100 ) ) ;
#2443 = CARTESIAN_POINT ( 'NONE',  ( -5.602140543746160439, 6.128269129226989520, 21.62404582263830477 ) ) ;
#2444 = PLANE ( 'NONE',  #2845 ) ;
#2445 = DIRECTION ( 'NONE',  ( 0.000000000000000000, -0.000000000000000000, 1.000000000000000000 ) ) ;
#2446 = ORIENTED_EDGE ( 'NONE', *, *, #4583, .T. ) ;
#2447 = EDGE_LOOP ( 'NONE', ( #7491, #508, #339, #341 ) ) ;
#2448 = TOROIDAL_SURFACE ( 'NONE', #999, 2.299999999999998490, 0.05000000000000000278 ) ;
#2449 = DIRECTION ( 'NONE',  ( 0.000000000000000000, 0.000000000000000000, 1.000000000000000000 ) ) ;
#2450 = ORIENTED_EDGE ( 'NONE', *, *, #2016, .T. ) ;
#2451 = CARTESIAN_POINT ( 'NONE',  ( -11.08758383676868320, 6.980000000000000426, 20.11905188458655402 ) ) ;
#2452 = FACE_OUTER_BOUND ( 'NONE', #3095, .T. ) ;
#2453 = CIRCLE ( 'NONE', #7058, 0.04000000000000010492 ) ;
#2454 = CARTESIAN_POINT ( 'NONE',  ( -4.328502720074003385, 6.000000000000000000, 17.85800007305859793 ) ) ;
#2455 = CARTESIAN_POINT ( 'NONE',  ( -8.294981142869518820, 6.315518741482493148, 5.465495195127788364 ) ) ;
#2456 = DIRECTION ( 'NONE',  ( 0.000000000000000000, 0.000000000000000000, 1.000000000000000000 ) ) ;
#2457 = CARTESIAN_POINT ( 'NONE',  ( 7.193056198054707195, 10.45103375001453827, 6.489596522526320577 ) ) ;
#2458 = EDGE_CURVE ( 'NONE', #75, #5484, #2064, .T. ) ;
#2459 = CARTESIAN_POINT ( 'NONE',  ( 7.329300897266099568, 6.000000000000000000, 18.65208403626952816 ) ) ;
#2460 = ORIENTED_EDGE ( 'NONE', *, *, #7198, .F. ) ;
#2461 = CARTESIAN_POINT ( 'NONE',  ( -7.850936421324727910, 11.77999999999999936, 3.844222412973949954 ) ) ;
#2462 = DIRECTION ( 'NONE',  ( 0.000000000000000000, 0.000000000000000000, -1.000000000000000000 ) ) ;
#2463 = CARTESIAN_POINT ( 'NONE',  ( 5.847220434144885459, 6.799999999999998934, 17.29932512700444036 ) ) ;
#2464 = EDGE_CURVE ( 'NONE', #6840, #6402, #1620, .T. ) ;
#2465 = EDGE_CURVE ( 'NONE', #1372, #7479, #5433, .T. ) ;
#2466 = CONICAL_SURFACE ( 'NONE', #2074, 14.74987816540382290, 0.03490658503988971345 ) ;
#2467 = FACE_OUTER_BOUND ( 'NONE', #5286, .T. ) ;
#2468 = CARTESIAN_POINT ( 'NONE',  ( -6.736496041310434890, 11.79999999999999716, -7.179390370039008040 ) ) ;
#2469 = ORIENTED_EDGE ( 'NONE', *, *, #6504, .F. ) ;
#2470 = ORIENTED_EDGE ( 'NONE', *, *, #505, .F. ) ;
#2471 = AXIS2_PLACEMENT_3D ( 'NONE', #239, #2135, #7738 ) ;
#2472 = CARTESIAN_POINT ( 'NONE',  ( -9.777216361834693004, 10.81526259632765807, 1.843770154197909017 ) ) ;
#2473 = CARTESIAN_POINT ( 'NONE',  ( -3.089133998076035947, 6.600000000000000533, 19.64958055990333463 ) ) ;
#2474 = FACE_OUTER_BOUND ( 'NONE', #6813, .T. ) ;
#2475 = AXIS2_PLACEMENT_3D ( 'NONE', #1795, #3003, #476 ) ;
#2476 = ORIENTED_EDGE ( 'NONE', *, *, #6504, .T. ) ;
#2477 = VERTEX_POINT ( 'NONE', #1775 ) ;
#2478 = VECTOR ( 'NONE', #846, 1000.000000000000000 ) ;
#2479 = LINE ( 'NONE', #4242, #7051 ) ;
#2480 = CARTESIAN_POINT ( 'NONE',  ( 6.509930247196163755, 6.991302316837685105, 20.42641490196279719 ) ) ;
#2481 = FACE_OUTER_BOUND ( 'NONE', #5057, .T. ) ;
#2482 = FACE_OUTER_BOUND ( 'NONE', #3882, .T. ) ;
#2484 = CARTESIAN_POINT ( 'NONE',  ( 5.690218230297944935, 5.760011798825575902, 17.74254682277344841 ) ) ;
#2483 = AXIS2_PLACEMENT_3D ( 'NONE', #2738, #7760, #5159 ) ;
#2485 = VERTEX_POINT ( 'NONE', #3066 ) ;
#2486 = DIRECTION ( 'NONE',  ( 0.000000000000000000, 1.000000000000000000, 0.000000000000000000 ) ) ;
#2487 = ORIENTED_EDGE ( 'NONE', *, *, #4560, .F. ) ;
#2488 = ORIENTED_EDGE ( 'NONE', *, *, #6882, .F. ) ;
#2489 = DIRECTION ( 'NONE',  ( -0.000000000000000000, -1.000000000000000000, -0.000000000000000000 ) ) ;
#2490 = ORIENTED_EDGE ( 'NONE', *, *, #802, .F. ) ;
#2491 = CARTESIAN_POINT ( 'NONE',  ( -6.829954775867980388, 0.000000000000000000, -7.235621449440136743 ) ) ;
#2492 = CONICAL_SURFACE ( 'NONE', #3554, 12.83793103448276085, 0.8097835725701625353 ) ;
#2493 = FACE_OUTER_BOUND ( 'NONE', #3904, .T. ) ;
#2494 = CARTESIAN_POINT ( 'NONE',  ( -6.043059295194276537, 6.000000000000000000, 17.36738145049288562 ) ) ;
#2495 = CYLINDRICAL_SURFACE ( 'NONE', #6295, 1.249999999999971578 ) ;
#2496 = DIRECTION ( 'NONE',  ( 1.000000000000000000, 0.000000000000000000, 0.000000000000000000 ) ) ;
#2497 = CARTESIAN_POINT ( 'NONE',  ( 6.982934848064301647, 10.10974275206621975, 7.029445583953393140 ) ) ;
#2498 = DIRECTION ( 'NONE',  ( 0.000000000000000000, -1.000000000000000000, 0.000000000000000000 ) ) ;
#2499 = CARTESIAN_POINT ( 'NONE',  ( 7.515986882439436023, 6.000000000000000000, 19.26987227024119420 ) ) ;
#2500 = ORIENTED_EDGE ( 'NONE', *, *, #2409, .F. ) ;
#2501 = CARTESIAN_POINT ( 'NONE',  ( -5.628138671505976909, 6.800000000000000711, 17.26406498252680066 ) ) ;
#2502 = EDGE_CURVE ( 'NONE', #3262, #6613, #8042, .T. ) ;
#2503 = CYLINDRICAL_SURFACE ( 'NONE', #90, 0.01999999999999918510 ) ;
#2504 = CARTESIAN_POINT ( 'NONE',  ( 4.291260681157954338, 6.800000000000003375, 17.89277444630252845 ) ) ;
#2505 = STYLED_ITEM ( 'NONE', ( #17 ), #2261 ) ;
#2506 = CARTESIAN_POINT ( 'NONE',  ( -7.781956878065127370, 6.697677768261127262, 19.08636685853551285 ) ) ;
#2507 = DIRECTION ( 'NONE',  ( 0.000000000000000000, 0.000000000000000000, -1.000000000000000000 ) ) ;
#2508 = FACE_OUTER_BOUND ( 'NONE', #2293, .T. ) ;
#2509 = ORIENTED_EDGE ( 'NONE', *, *, #1462, .T. ) ;
#2510 = ADVANCED_FACE ( 'NONE', ( #6647 ), #1006, .F. ) ;
#2511 = ORIENTED_EDGE ( 'NONE', *, *, #2951, .F. ) ;
#2512 = EDGE_CURVE ( 'NONE', #2909, #5325, #6192, .T. ) ;
#2513 = DIRECTION ( 'NONE',  ( -0.9771696282492320362, -2.208773511237372856E-15, 0.2124606260634139543 ) ) ;
#2514 = DIRECTION ( 'NONE',  ( 0.9820588696906382697, 0.000000000000000000, 0.1885745912416255110 ) ) ;
#2515 = LINE ( 'NONE', #1938, #987 ) ;
#2516 = ORIENTED_EDGE ( 'NONE', *, *, #3609, .F. ) ;
#2517 = EDGE_CURVE ( 'NONE', #4605, #4373, #7926, .T. ) ;
#2518 = CARTESIAN_POINT ( 'NONE',  ( 5.498816832210738248, 6.665831849520543528, 16.92236647206221178 ) ) ;
#2519 = CARTESIAN_POINT ( 'NONE',  ( -9.758885704719602927, 11.79999999999999716, 1.835497153966576533 ) ) ;
#2520 = DIRECTION ( 'NONE',  ( -0.4281148746581954767, -0.000000000000000000, -0.9037243241699305374 ) ) ;
#2521 = CARTESIAN_POINT ( 'NONE',  ( -3.089133998076035947, 6.600000000000000533, 19.21958055990333847 ) ) ;
#2522 = CARTESIAN_POINT ( 'NONE',  ( 5.395084978420862321, 5.711831404307000426, 20.81410625966785943 ) ) ;
#2523 = ORIENTED_EDGE ( 'NONE', *, *, #7500, .F. ) ;
#2524 = FACE_OUTER_BOUND ( 'NONE', #414, .T. ) ;
#2525 = EDGE_LOOP ( 'NONE', ( #616, #50, #5739, #5498 ) ) ;
#2526 = VERTEX_POINT ( 'NONE', #2328 ) ;
#2527 = LINE ( 'NONE', #3755, #7985 ) ;
#2528 = ORIENTED_EDGE ( 'NONE', *, *, #1014, .T. ) ;
#2529 = DIRECTION ( 'NONE',  ( 1.000000000000000000, 0.000000000000000000, 0.000000000000000000 ) ) ;
#2530 = TOROIDAL_SURFACE ( 'NONE', #3842, 9.969999999999998863, 0.02000000000000000042 ) ;
#2531 = DIRECTION ( 'NONE',  ( 0.000000000000000000, 0.000000000000000000, 1.000000000000000000 ) ) ;
#2532 = CARTESIAN_POINT ( 'NONE',  ( -7.477163334217692636, 6.000000000000000000, 19.06860787609302932 ) ) ;
#2533 = CARTESIAN_POINT ( 'NONE',  ( -6.816226223554679109, 0.000000000000000000, -7.221077486727694783 ) ) ;
#2534 = CARTESIAN_POINT ( 'NONE',  ( 6.729844598771395958, 9.910549811774673756, 7.307264045530595276 ) ) ;
#2535 = ORIENTED_EDGE ( 'NONE', *, *, #7310, .F. ) ;
#2536 = CARTESIAN_POINT ( 'NONE',  ( 0.000000000000000000, 11.77999999999999936, 0.000000000000000000 ) ) ;
#2537 = AXIS2_PLACEMENT_3D ( 'NONE', #8034, #455, #5444 ) ;
#2538 = EDGE_CURVE ( 'NONE', #4460, #2856, #3139, .T. ) ;
#2539 = CARTESIAN_POINT ( 'NONE',  ( 6.894891259073117951, 6.000000000000000000, 20.57908989307172831 ) ) ;
#2540 = ORIENTED_EDGE ( 'NONE', *, *, #5786, .F. ) ;
#2541 = DIRECTION ( 'NONE',  ( 0.000000000000000000, -0.000000000000000000, 1.000000000000000000 ) ) ;
#2542 = CARTESIAN_POINT ( 'NONE',  ( -2.399999999999959499, 6.000000000000000000, 17.52246497084220778 ) ) ;
#2543 = CARTESIAN_POINT ( 'NONE',  ( 8.908386667993275054, 11.79982368121207870, 4.191023050757833879 ) ) ;
#2544 = FACE_OUTER_BOUND ( 'NONE', #6723, .T. ) ;
#2545 = AXIS2_PLACEMENT_3D ( 'NONE', #5290, #7106, #7640 ) ;
#2546 = CARTESIAN_POINT ( 'NONE',  ( 6.751183836618915635, -27.84586504312624911, -7.165580353619342091 ) ) ;
#2547 = DIRECTION ( 'NONE',  ( -1.000000000000000000, 0.000000000000000000, 0.000000000000000000 ) ) ;
#2548 = VERTEX_POINT ( 'NONE', #1945 ) ;
#2549 = ORIENTED_EDGE ( 'NONE', *, *, #3375, .T. ) ;
#2550 = CARTESIAN_POINT ( 'NONE',  ( 6.668543415468196400, 9.700000017441373856, 7.530394134888125812 ) ) ;
#2551 = CARTESIAN_POINT ( 'NONE',  ( 8.213346533494034318, 6.227335931738947394, 5.457319203249362261 ) ) ;
#2552 = DIRECTION ( 'NONE',  ( 0.000000000000000000, 0.000000000000000000, -1.000000000000000000 ) ) ;
#2553 = CARTESIAN_POINT ( 'NONE',  ( 6.736496041310330085, 11.79999999999999716, -7.179390370039105740 ) ) ;
#2554 = EDGE_CURVE ( 'NONE', #4528, #1374, #3595, .T. ) ;
#2555 = VERTEX_POINT ( 'NONE', #6924 ) ;
#2556 = CARTESIAN_POINT ( 'NONE',  ( -5.521327482590990599, 7.000000000000000000, 23.40488103916619522 ) ) ;
#2557 = CARTESIAN_POINT ( 'NONE',  ( 5.940842543570316714, 6.918916006779946670, 17.55353977604457327 ) ) ;
#2558 = DIRECTION ( 'NONE',  ( -0.5877852522924685852, -0.000000000000000000, 0.8090169943749507819 ) ) ;
#2559 = CYLINDRICAL_SURFACE ( 'NONE', #8067, 0.01999999999999963612 ) ;
#2560 = CARTESIAN_POINT ( 'NONE',  ( 6.816226223554574304, 10.79999999999999893, -7.221077486727792483 ) ) ;
#2561 = EDGE_CURVE ( 'NONE', #4827, #5391, #6884, .T. ) ;
#2562 = CARTESIAN_POINT ( 'NONE',  ( 3.772677368105287865, 6.061192143796254150, 20.04047086479153350 ) ) ;
#2563 = VECTOR ( 'NONE', #680, 1000.000000000000000 ) ;
#2564 = AXIS2_PLACEMENT_3D ( 'NONE', #6175, #4312, #2699 ) ;
#2565 = ORIENTED_EDGE ( 'NONE', *, *, #4469, .F. ) ;
#2566 = CARTESIAN_POINT ( 'NONE',  ( 9.010131511974014629, 11.77999999999999936, 4.268305300342615460 ) ) ;
#2567 = DIRECTION ( 'NONE',  ( -0.000000000000000000, -1.000000000000000000, -0.000000000000000000 ) ) ;
#2568 = ORIENTED_EDGE ( 'NONE', *, *, #3219, .F. ) ;
#2569 = CARTESIAN_POINT ( 'NONE',  ( 1.270000000000081952, 11.77999999999999936, 9.848451654955704626 ) ) ;
#2570 = AXIS2_PLACEMENT_3D ( 'NONE', #7165, #7786, #896 ) ;
#2571 = EDGE_LOOP ( 'NONE', ( #5596 ) ) ;
#2572 = CARTESIAN_POINT ( 'NONE',  ( 0.000000000000000000, 11.77999999999999936, 0.000000000000000000 ) ) ;
#2573 = CARTESIAN_POINT ( 'NONE',  ( -5.244369550218663356, 7.179877915167208968, 18.26602950802344338 ) ) ;
#2574 = CIRCLE ( 'NONE', #2707, 9.930000000000001492 ) ;
#2575 = CARTESIAN_POINT ( 'NONE',  ( -7.184125885728507299, 6.000000000000000000, 18.38290070163058587 ) ) ;
#2576 = LINE ( 'NONE', #6981, #5768 ) ;
#2577 = DIRECTION ( 'NONE',  ( 1.000000000000000000, 0.000000000000000000, 0.000000000000000000 ) ) ;
#2578 = ADVANCED_FACE ( 'NONE', ( #3268 ), #2606, .T. ) ;
#2579 = AXIS2_PLACEMENT_3D ( 'NONE', #1302, #2541, #5754 ) ;
#2580 = CARTESIAN_POINT ( 'NONE',  ( 6.669664082643311787, 9.737458808002948274, 7.354424030891155262 ) ) ;
#2581 = ORIENTED_EDGE ( 'NONE', *, *, #4515, .T. ) ;
#2582 = CARTESIAN_POINT ( 'NONE',  ( 4.305293461728365578, 6.970489281293552608, 20.13748468381273327 ) ) ;
#2583 = CARTESIAN_POINT ( 'NONE',  ( 7.444495810911194056, 6.000000000000000000, 19.90074918738371323 ) ) ;
#2584 = AXIS2_PLACEMENT_3D ( 'NONE', #4017, #2798, #3979 ) ;
#2585 = EDGE_LOOP ( 'NONE', ( #2899, #4488, #618, #7204 ) ) ;
#2586 = SPHERICAL_SURFACE ( 'NONE', #1908, 0.02000000000000000042 ) ;
#2587 = DIRECTION ( 'NONE',  ( -0.9820588696906380477, 0.000000000000000000, -0.1885745912416260939 ) ) ;
#2588 = CARTESIAN_POINT ( 'NONE',  ( 0.000000000000000000, 7.900000000000000355, 0.000000000000000000 ) ) ;
#2589 = CARTESIAN_POINT ( 'NONE',  ( 9.758885704719629572, 0.000000000000000000, 1.835497153966437534 ) ) ;
#2590 = DIRECTION ( 'NONE',  ( 0.000000000000000000, 0.000000000000000000, 1.000000000000000000 ) ) ;
#2591 = DIRECTION ( 'NONE',  ( -0.000000000000000000, -0.000000000000000000, 1.000000000000000000 ) ) ;
#2592 = ORIENTED_EDGE ( 'NONE', *, *, #4205, .F. ) ;
#2593 = ORIENTED_EDGE ( 'NONE', *, *, #5495, .F. ) ;
#2594 = CARTESIAN_POINT ( 'NONE',  ( 5.383415904986078360, 7.443900581196476907, 18.60617693573591325 ) ) ;
#2595 = CARTESIAN_POINT ( 'NONE',  ( 7.322213176568837412, 8.122218318934564252, 6.698412957965224734 ) ) ;
#2596 = CARTESIAN_POINT ( 'NONE',  ( -1.265454200927161654, 10.80052345739611397, 9.763331944851541877 ) ) ;
#2597 = AXIS2_PLACEMENT_3D ( 'NONE', #3812, #5669, #7565 ) ;
#2598 = AXIS2_PLACEMENT_3D ( 'NONE', #4046, #7764, #874 ) ;
#2599 = DIRECTION ( 'NONE',  ( 0.9820588696906381587, 0.000000000000000000, 0.1885745912416262604 ) ) ;
#2600 = ORIENTED_EDGE ( 'NONE', *, *, #1712, .F. ) ;
#2601 = VECTOR ( 'NONE', #1581, 1000.000000000000000 ) ;
#2602 = CARTESIAN_POINT ( 'NONE',  ( 4.885058990667698886, 6.904866941705325445, 21.11513350841379832 ) ) ;
#2603 = EDGE_CURVE ( 'NONE', #7931, #5718, #3182, .T. ) ;
#2604 = DIRECTION ( 'NONE',  ( 0.000000000000000000, 0.000000000000000000, -1.000000000000000000 ) ) ;
#2605 = CARTESIAN_POINT ( 'NONE',  ( -4.139063578675312272, 11.77999999999999936, -3.604331288823174440 ) ) ;
#2606 = CYLINDRICAL_SURFACE ( 'NONE', #33, 0.06000000000000015737 ) ;
#2607 = AXIS2_PLACEMENT_3D ( 'NONE', #4104, #1437, #6464 ) ;
#2608 = CARTESIAN_POINT ( 'NONE',  ( 4.911766386554866415, 5.909050529808777874, 21.15260375209372157 ) ) ;
#2609 = VERTEX_POINT ( 'NONE', #3876 ) ;
#2610 = CARTESIAN_POINT ( 'NONE',  ( 0.000000000000000000, 0.000000000000000000, 0.000000000000000000 ) ) ;
#2611 = FACE_OUTER_BOUND ( 'NONE', #2354, .T. ) ;
#2612 = AXIS2_PLACEMENT_3D ( 'NONE', #7133, #1491, #6432 ) ;
#2613 = ORIENTED_EDGE ( 'NONE', *, *, #6944, .T. ) ;
#2614 = DIRECTION ( 'NONE',  ( 0.3090169943749094261, 0.000000000000000000, -0.9510565162951659657 ) ) ;
#2615 = VERTEX_POINT ( 'NONE', #2560 ) ;
#2616 = CARTESIAN_POINT ( 'NONE',  ( 7.110841250845967743, 8.599999999999999645, 6.808815000076661406 ) ) ;
#2617 = EDGE_CURVE ( 'NONE', #6965, #2697, #1235, .T. ) ;
#2618 = ADVANCED_FACE ( 'NONE', ( #5776 ), #5155, .F. ) ;
#2619 = CARTESIAN_POINT ( 'NONE',  ( 8.192484796511029899, 11.79999999999999716, 3.955198207288196155 ) ) ;
#2620 = CARTESIAN_POINT ( 'NONE',  ( -4.619232160482776628, 6.000000000000000000, 17.60773555839027793 ) ) ;
#2621 = PRODUCT_DEFINITION_CONTEXT ( 'detailed design', #5515, 'design' ) ;
#2622 = AXIS2_PLACEMENT_3D ( 'NONE', #7880, #949, #4082 ) ;
#2623 = DIRECTION ( 'NONE',  ( 0.000000000000000000, 0.000000000000000000, -1.000000000000000000 ) ) ;
#2624 = CARTESIAN_POINT ( 'NONE',  ( 2.569411764705846757, 6.000000000000000000, 16.60235294117647342 ) ) ;
#2625 = CARTESIAN_POINT ( 'NONE',  ( 7.077265866154194285, 9.113325146961804180, 6.760950216820742931 ) ) ;
#2626 = ORIENTED_EDGE ( 'NONE', *, *, #6448, .F. ) ;
#2627 = FACE_OUTER_BOUND ( 'NONE', #5016, .T. ) ;
#2628 = CIRCLE ( 'NONE', #1171, 0.9999999999999998890 ) ;
#2629 = CARTESIAN_POINT ( 'NONE',  ( 7.305685938820640324, 6.000000000000000000, 20.13927410403267615 ) ) ;
#2630 = EDGE_CURVE ( 'NONE', #1909, #6006, #7876, .T. ) ;
#2631 = ORIENTED_EDGE ( 'NONE', *, *, #4274, .F. ) ;
#2632 = CARTESIAN_POINT ( 'NONE',  ( -4.062033147274227041, 5.800000000000001599, 18.88090742590942028 ) ) ;
#2633 = CARTESIAN_POINT ( 'NONE',  ( 5.299999999999998934, 6.980000000000000426, 19.38047814307508077 ) ) ;
#2634 = DIRECTION ( 'NONE',  ( 0.5877852522924685852, 0.000000000000000000, -0.8090169943749507819 ) ) ;
#2635 = CARTESIAN_POINT ( 'NONE',  ( 6.751464147857148212, 10.81551943269443861, -7.165316280796104387 ) ) ;
#2636 = CARTESIAN_POINT ( 'NONE',  ( 7.151738008398711877, 10.19139850472793363, 6.766247332261654535 ) ) ;
#2637 = CARTESIAN_POINT ( 'NONE',  ( 6.246971661019549593, 10.11034180000366689, 7.410437015366550639 ) ) ;
#2638 = CARTESIAN_POINT ( 'NONE',  ( -7.292500811847098419, 9.331778423146291246, 6.614171135741050200 ) ) ;
#2639 = ORIENTED_EDGE ( 'NONE', *, *, #6698, .F. ) ;
#2640 = CARTESIAN_POINT ( 'NONE',  ( 5.368099055359303762, 7.356835956920337871, 17.80468583214656775 ) ) ;
#2641 = CARTESIAN_POINT ( 'NONE',  ( 6.992355748328024312, 8.507294230199367036, 6.809734412269222048 ) ) ;
#2642 = CARTESIAN_POINT ( 'NONE',  ( 5.231356120501150286, 6.980000000000000426, 23.44087549234617640 ) ) ;
#2643 = CARTESIAN_POINT ( 'NONE',  ( -7.103542560847516008, 9.855240351318531822, 7.143676362320340090 ) ) ;
#2644 = ORIENTED_EDGE ( 'NONE', *, *, #2107, .T. ) ;
#2645 = CARTESIAN_POINT ( 'NONE',  ( 6.897905455345978432, 6.827031663273658069, 17.82402025057080408 ) ) ;
#2646 = DIRECTION ( 'NONE',  ( -0.5877852522924685852, 0.000000000000000000, 0.8090169943749507819 ) ) ;
#2647 = CARTESIAN_POINT ( 'NONE',  ( 6.551856913647050362, 6.819999999999999396, 20.78613535676145929 ) ) ;
#2648 = DIRECTION ( 'NONE',  ( -0.9966923938810801076, -0.08126667201012945096, 0.000000000000000000 ) ) ;
#2649 = CARTESIAN_POINT ( 'NONE',  ( 5.316691551294008278, 5.269939786653308644, 19.91405675289784583 ) ) ;
#2650 = ORIENTED_EDGE ( 'NONE', *, *, #1112, .F. ) ;
#2651 = DIRECTION ( 'NONE',  ( -0.9820588696906381587, 0.000000000000000000, 0.1885745912416257608 ) ) ;
#2652 = DIRECTION ( 'NONE',  ( 0.000000000000000000, -0.000000000000000000, 1.000000000000000000 ) ) ;
#2653 = ORIENTED_EDGE ( 'NONE', *, *, #1665, .T. ) ;
#2654 = VERTEX_POINT ( 'NONE', #7009 ) ;
#2655 = DIRECTION ( 'NONE',  ( 0.000000000000000000, 1.000000000000000000, 0.000000000000000000 ) ) ;
#2656 = EDGE_LOOP ( 'NONE', ( #5519, #5520, #4766, #4702 ) ) ;
#2657 = CARTESIAN_POINT ( 'NONE',  ( -8.907752400292809014, 11.79960898985012285, 4.192371257893396042 ) ) ;
#2658 = DIRECTION ( 'NONE',  ( 0.000000000000000000, 1.000000000000000000, 0.000000000000000000 ) ) ;
#2659 = CARTESIAN_POINT ( 'NONE',  ( -6.790846621120144810, 6.000000000000000000, 17.86124297127097194 ) ) ;
#2660 = DIRECTION ( 'NONE',  ( 0.000000000000000000, 0.000000000000000000, 1.000000000000000000 ) ) ;
#2661 = CARTESIAN_POINT ( 'NONE',  ( 6.573112498349510169, 10.19807335345397448, 7.256439268147969912 ) ) ;
#2662 = EDGE_CURVE ( 'NONE', #5805, #4779, #1899, .T. ) ;
#2663 = EDGE_LOOP ( 'NONE', ( #2470 ) ) ;
#2664 = CARTESIAN_POINT ( 'NONE',  ( -4.736841806405832855, 11.79688234426551752, -8.630547763675929573 ) ) ;
#2665 = AXIS2_PLACEMENT_3D ( 'NONE', #3398, #1453, #173 ) ;
#2666 = CARTESIAN_POINT ( 'NONE',  ( 6.111251783499373147, 6.000000000000000000, 17.39457869869539053 ) ) ;
#2667 = EDGE_LOOP ( 'NONE', ( #6778, #1855, #1069, #1902 ) ) ;
#2668 = DIRECTION ( 'NONE',  ( 0.000000000000000000, 0.000000000000000000, 1.000000000000000000 ) ) ;
#2669 = CARTESIAN_POINT ( 'NONE',  ( -5.788659439945829988, 6.800000000000000711, 21.62796828804830795 ) ) ;
#2670 = DIRECTION ( 'NONE',  ( -1.000000000000000000, 0.000000000000000000, 0.000000000000000000 ) ) ;
#2671 = CARTESIAN_POINT ( 'NONE',  ( -4.728641350681531463, 11.77999999999999936, -8.635043484350543253 ) ) ;
#2672 = CARTESIAN_POINT ( 'NONE',  ( 7.301074599745575711, 10.13489470202465981, 6.604646839663608660 ) ) ;
#2673 = EDGE_CURVE ( 'NONE', #1909, #5360, #5556, .T. ) ;
#2674 = EDGE_CURVE ( 'NONE', #7715, #7894, #7667, .T. ) ;
#2675 = CARTESIAN_POINT ( 'NONE',  ( -6.505213034913026604E-16, 6.750000000000000888, -4.995798655503515207 ) ) ;
#2676 = CARTESIAN_POINT ( 'NONE',  ( -0.6570922415819573370, 6.820000000000000284, 22.91389368417637940 ) ) ;
#2677 = ORIENTED_EDGE ( 'NONE', *, *, #1755, .F. ) ;
#2678 = AXIS2_PLACEMENT_3D ( 'NONE', #7346, #3486, #5985 ) ;
#2679 = CARTESIAN_POINT ( 'NONE',  ( 5.170355374415625427, 9.563536873515062098, 11.74742597282891055 ) ) ;
#2680 = CARTESIAN_POINT ( 'NONE',  ( 7.914916158005569358, 6.710882120235247328, 5.830826617697990599 ) ) ;
#2681 = DIRECTION ( 'NONE',  ( -0.9820588696906382697, 0.000000000000000000, -0.1885745912416255110 ) ) ;
#2682 = CARTESIAN_POINT ( 'NONE',  ( -7.414382549035452463, 9.827727617161411189, 6.482439969637609600 ) ) ;
#2683 = ADVANCED_FACE ( 'NONE', ( #657 ), #7804, .F. ) ;
#2684 = VECTOR ( 'NONE', #5785, 1000.000000000000000 ) ;
#2685 = EDGE_LOOP ( 'NONE', ( #7261, #385, #1805 ) ) ;
#2686 = CARTESIAN_POINT ( 'NONE',  ( 4.201656182848853227, 6.872800625470336655, 20.65300233928588725 ) ) ;
#2687 = CARTESIAN_POINT ( 'NONE',  ( -6.673394475638720458, 9.900000016684630921, 7.525370700258912748 ) ) ;
#2688 = CARTESIAN_POINT ( 'NONE',  ( -3.116956145229397901, 6.688322240930997253, 18.59044029248438790 ) ) ;
#2689 = DIRECTION ( 'NONE',  ( 0.000000000000000000, 0.000000000000000000, 1.000000000000000000 ) ) ;
#2690 = ADVANCED_FACE ( 'NONE', ( #2482, #7585 ), #5825, .F. ) ;
#2691 = CARTESIAN_POINT ( 'NONE',  ( 0.000000000000000000, 10.81999999999999851, 0.000000000000000000 ) ) ;
#2692 = VERTEX_POINT ( 'NONE', #2863 ) ;
#2693 = DIRECTION ( 'NONE',  ( 0.000000000000000000, 0.000000000000000000, 1.000000000000000000 ) ) ;
#2694 = CARTESIAN_POINT ( 'NONE',  ( -11.08758383676868320, 7.000000000000000000, 20.11905188458655402 ) ) ;
#2695 = ORIENTED_EDGE ( 'NONE', *, *, #4872, .T. ) ;
#2696 = DIRECTION ( 'NONE',  ( 0.000000000000000000, 0.000000000000000000, 1.000000000000000000 ) ) ;
#2697 = VERTEX_POINT ( 'NONE', #7796 ) ;
#2698 = DIRECTION ( 'NONE',  ( 0.000000000000000000, 1.000000000000000000, 0.000000000000000000 ) ) ;
#2699 = DIRECTION ( 'NONE',  ( 0.3090169943749878634, 0.000000000000000000, 0.9510565162951403195 ) ) ;
#2700 = CARTESIAN_POINT ( 'NONE',  ( -4.025391331209845269, 5.800000000000001599, 19.21210532646948010 ) ) ;
#2701 = CARTESIAN_POINT ( 'NONE',  ( -6.637901933939372334, 6.000000000000000000, 20.76868819230753260 ) ) ;
#2702 = CARTESIAN_POINT ( 'NONE',  ( -4.014336664038284042, 5.861846252517445066, 19.87122211857861487 ) ) ;
#2703 = CARTESIAN_POINT ( 'NONE',  ( 6.637739324347308845, 8.980656616306156081, 7.047892797392599995 ) ) ;
#2704 = EDGE_LOOP ( 'NONE', ( #6376, #7233, #5276, #2490 ) ) ;
#2705 = DIRECTION ( 'NONE',  ( -0.000000000000000000, -1.000000000000000000, -0.000000000000000000 ) ) ;
#2706 = CARTESIAN_POINT ( 'NONE',  ( -4.732462810754153537, 11.79241813863553645, -8.632949712863924319 ) ) ;
#2707 = AXIS2_PLACEMENT_3D ( 'NONE', #6598, #5977, #6371 ) ;
#2708 = B_SPLINE_CURVE_WITH_KNOTS ( 'NONE', 3,
 ( #7554, #5084, #60, #7600, #6939, #4466 ),
 .UNSPECIFIED., .F., .F.,
 ( 4, 2, 4 ),
 ( 2.610744423303045465E-17, 0.0002863407096516502144, 0.0005726814193032742995 ),
 .UNSPECIFIED. ) ;
#2709 = CARTESIAN_POINT ( 'NONE',  ( 6.118168859628861256, 6.000000000000000000, 17.39750806674197392 ) ) ;
#2710 = ORIENTED_EDGE ( 'NONE', *, *, #4213, .F. ) ;
#2711 = CARTESIAN_POINT ( 'NONE',  ( -3.577875692982015909, 6.800000000000001599, 19.47588921809498075 ) ) ;
#2712 = CARTESIAN_POINT ( 'NONE',  ( 5.195368506431943700, 7.235514722456548142, 18.45499398678819958 ) ) ;
#2713 = AXIS2_PLACEMENT_3D ( 'NONE', #857, #3465, #3381 ) ;
#2714 = ADVANCED_FACE ( 'NONE', ( #3397 ), #4040, .F. ) ;
#2715 = DIRECTION ( 'NONE',  ( 0.000000000000000000, 1.000000000000000000, -0.000000000000000000 ) ) ;
#2716 = CARTESIAN_POINT ( 'NONE',  ( 1.999999999999964029, -4.348755257721902190, 23.39999999999999858 ) ) ;
#2717 = DIRECTION ( 'NONE',  ( 0.000000000000000000, 0.000000000000000000, -1.000000000000000000 ) ) ;
#2718 = DIRECTION ( 'NONE',  ( -0.4794887268723013185, 0.000000000000000000, 0.8775480390282801579 ) ) ;
#2719 = AXIS2_PLACEMENT_3D ( 'NONE', #1187, #3056, #6794 ) ;
#2720 = DIRECTION ( 'NONE',  ( -5.551115123125782702E-17, 3.996802888650563546E-15, 1.000000000000000000 ) ) ;
#2721 = EDGE_LOOP ( 'NONE', ( #3368, #934, #791, #873 ) ) ;
#2722 = CARTESIAN_POINT ( 'NONE',  ( 5.164917565540657840, 7.495100269289666883, 18.03634692739550971 ) ) ;
#2723 = EDGE_CURVE ( 'NONE', #3625, #1454, #6599, .T. ) ;
#2724 = CARTESIAN_POINT ( 'NONE',  ( 8.057509731054246060, 6.728765703009124799, 5.921130561986718277 ) ) ;
#2725 = EDGE_CURVE ( 'NONE', #5555, #6210, #213, .T. ) ;
#2726 = CARTESIAN_POINT ( 'NONE',  ( 2.399999999999963496, 6.000000000000000000, 16.71406593262094731 ) ) ;
#2727 = AXIS2_PLACEMENT_3D ( 'NONE', #1281, #1328, #7101 ) ;
#2728 = CARTESIAN_POINT ( 'NONE',  ( -7.288901584258467459, 9.771268084322636938, 6.948008292511065775 ) ) ;
#2729 = VERTEX_POINT ( 'NONE', #2734 ) ;
#2730 = CIRCLE ( 'NONE', #6410, 0.01999999999999918510 ) ;
#2731 = CARTESIAN_POINT ( 'NONE',  ( 8.223982589424696954, 6.515036628053277212, 19.71754016251787434 ) ) ;
#2732 = EDGE_CURVE ( 'NONE', #1060, #5109, #783, .T. ) ;
#2733 = CARTESIAN_POINT ( 'NONE',  ( -4.986494766183310112, 8.110467365123021466, 16.00443463234032038 ) ) ;
#2734 = CARTESIAN_POINT ( 'NONE',  ( -8.992057025490554523, 11.77999999999999936, 4.259743002849578630 ) ) ;
#2735 = CARTESIAN_POINT ( 'NONE',  ( 4.895757551429182008, 6.819999999999997620, 21.16702921574279728 ) ) ;
#2736 = ORIENTED_EDGE ( 'NONE', *, *, #734, .T. ) ;
#2737 = CIRCLE ( 'NONE', #8118, 1.467157287525382214 ) ;
#2738 = CARTESIAN_POINT ( 'NONE',  ( -2.939133998076038701, 6.600000000000000533, 20.22958055990334003 ) ) ;
#2739 = EDGE_LOOP ( 'NONE', ( #3810, #3071, #7074, #5427 ) ) ;
#2740 = ORIENTED_EDGE ( 'NONE', *, *, #3033, .F. ) ;
#2741 = CARTESIAN_POINT ( 'NONE',  ( 9.677370669148638527, 10.79999999999999893, 1.809011313370296747 ) ) ;
#2742 = FACE_OUTER_BOUND ( 'NONE', #8047, .T. ) ;
#2743 = CARTESIAN_POINT ( 'NONE',  ( 6.424821642706382008, 6.980000000000000426, 23.57836966310849647 ) ) ;
#2744 = CIRCLE ( 'NONE', #7342, 1.750000000000001554 ) ;
#2745 = DIRECTION ( 'NONE',  ( -1.000000000000000000, 0.000000000000000000, 0.000000000000000000 ) ) ;
#2746 = CARTESIAN_POINT ( 'NONE',  ( -7.102296505608281407, 5.815425295827558294, 18.66348868109033887 ) ) ;
#2747 = CARTESIAN_POINT ( 'NONE',  ( 6.551856913647050362, 6.819999999999999396, 20.78613535676145929 ) ) ;
#2748 = EDGE_LOOP ( 'NONE', ( #2736 ) ) ;
#2749 = DIRECTION ( 'NONE',  ( 0.000000000000000000, 1.000000000000000000, 0.000000000000000000 ) ) ;
#2750 = AXIS2_PLACEMENT_3D ( 'NONE', #1136, #2300, #3652 ) ;
#2751 = ORIENTED_EDGE ( 'NONE', *, *, #4125, .F. ) ;
#2752 = CARTESIAN_POINT ( 'NONE',  ( 7.052104404614591537, 6.000000000000000000, 18.15952613181251607 ) ) ;
#2753 = ORIENTED_EDGE ( 'NONE', *, *, #4239, .T. ) ;
#2754 = CARTESIAN_POINT ( 'NONE',  ( 8.973982539007216985, 10.79999999999999893, 4.251180705356287781 ) ) ;
#2755 = CIRCLE ( 'NONE', #8130, 22.59579865550350775 ) ;
#2756 = CARTESIAN_POINT ( 'NONE',  ( -4.903129077849076367, 6.000000000000000000, 21.22168083936475469 ) ) ;
#2757 = FACE_OUTER_BOUND ( 'NONE', #415, .T. ) ;
#2758 = CARTESIAN_POINT ( 'NONE',  ( -4.761323057842192341, 11.77999999999999936, -8.714052027550691193 ) ) ;
#2759 = CARTESIAN_POINT ( 'NONE',  ( -11.08758383676868320, 6.980000000000000426, 20.11905188458655402 ) ) ;
#2760 = TOROIDAL_SURFACE ( 'NONE', #6041, 2.299999999999998490, 0.05000000000000000278 ) ;
#2761 = CARTESIAN_POINT ( 'NONE',  ( -6.678236018362170512, 10.11210857527831486, 7.233959046976721652 ) ) ;
#2762 = EDGE_CURVE ( 'NONE', #8107, #7647, #3917, .T. ) ;
#2763 = CARTESIAN_POINT ( 'NONE',  ( -2.499999999999958256, -4.348755257721902190, 22.89999999999999503 ) ) ;
#2764 = EDGE_LOOP ( 'NONE', ( #4758, #8022 ) ) ;
#2765 = CARTESIAN_POINT ( 'NONE',  ( 5.216584095013913291, 7.028970289242021607, 18.80555947608375789 ) ) ;
#2766 = CARTESIAN_POINT ( 'NONE',  ( 7.335584850927707734, 8.084887288609960976, 6.811771552141529185 ) ) ;
#2767 = CIRCLE ( 'NONE', #6171, 2.299999999999999822 ) ;
#2768 = CARTESIAN_POINT ( 'NONE',  ( -3.519133998076033887, 6.600000000000000533, 19.79958055990334032 ) ) ;
#2769 = CARTESIAN_POINT ( 'NONE',  ( -7.280925838487624979, 9.439763717675921484, 6.819689649816517374 ) ) ;
#2770 = ADVANCED_FACE ( 'NONE', ( #5366 ), #5901, .T. ) ;
#2771 = EDGE_CURVE ( 'NONE', #7536, #7571, #4773, .T. ) ;
#2772 = EDGE_LOOP ( 'NONE', ( #6931 ) ) ;
#2773 = CARTESIAN_POINT ( 'NONE',  ( 6.567375366081416921, 7.325848677168938394, 18.99623279873734560 ) ) ;
#2774 = CARTESIAN_POINT ( 'NONE',  ( -5.184077426209861450, 7.427647246794453650, 18.60717306859192988 ) ) ;
#2775 = CARTESIAN_POINT ( 'NONE',  ( 6.544194933265824687, 6.800755644542494593, 20.83256281968158419 ) ) ;
#2776 = FACE_OUTER_BOUND ( 'NONE', #260, .T. ) ;
#2777 = TOROIDAL_SURFACE ( 'NONE', #1451, 4.604519503718944584, 0.02000000000000000042 ) ;
#2778 = CARTESIAN_POINT ( 'NONE',  ( 2.385244779468109755E-15, 7.000000000000000000, 19.94999999999999574 ) ) ;
#2779 = B_SPLINE_CURVE_WITH_KNOTS ( 'NONE', 3,
 ( #4474, #7691, #8138, #6368, #6947, #7607, #3811, #6413, #7031, #5136, #6989, #2051, #1386, #5667, #3897, #7521, #22, #3203, #5049, #3853, #804, #720, #761, #1429, #7564, #4554, #3291, #7075, #1922, #6457, #2501, #4432, #6329, #674, #7733, #191, #4635, #3369, #5261, #2093, #4098, #3418, #6579, #928, #234, #6534, #5220, #2212, #5918, #3456, #5957, #1550, #2711, #1595, #4598, #5341, #7775, #844, #4678, #7117, #7156, #886, #6498, #1472, #315, #7856, #2130 ),
 .UNSPECIFIED., .F., .F.,
 ( 4, 2, 2, 1, 1, 1, 1, 1, 2, 2, 1, 1, 2, 2, 1, 1, 1, 2, 2, 1, 1, 1, 2, 2, 2, 2, 1, 2, 2, 1, 1, 1, 2, 2, 1, 1, 1, 2, 2, 1, 1, 1, 1, 1, 2, 4 ),
 ( 0.1394794797703568512, 0.2475452423112077804, 0.2509222973906094500, 0.2542993524700110086, 0.2610534626288143478, 0.2745616829464209152, 0.3015781235816339390, 0.3083322337404367786, 0.3117092888198382816, 0.3150863438992397292, 0.3285945642168455194, 0.3556110048520570999, 0.3691192251696633342, 0.3826274454872695130, 0.4096438861224819816, 0.4636767673929069189, 0.4906932080281191100, 0.4974473181869223382, 0.5008243732663237857, 0.5042014283457252333, 0.5177096486633306904, 0.5447260892985416048, 0.5582343096161470619, 0.5649884197749497350, 0.5717425299337524081, 0.6257754112041733485, 0.6798082924745942890, 0.6865624026333969621, 0.6899394577127979655, 0.6933165127921991910, 0.7068247331098034270, 0.7338411737450123429, 0.7473493940626165788, 0.7608576143802205927, 0.7878740550154286204, 0.8419069362858446759, 0.8689233769210527036, 0.8723004320004534851, 0.8756774870798542665, 0.8824315972386564955, 0.8959398175562607314, 0.9499726988266772310, 0.9769891394618852587, 0.9904973597794890505, 0.9972514699382908354, 1.004005580097092842 ),
 .UNSPECIFIED. ) ;
#2780 = CARTESIAN_POINT ( 'NONE',  ( -9.673644911948285241, 11.77999999999999936, 1.828829985957432624 ) ) ;
#2781 = ORIENTED_EDGE ( 'NONE', *, *, #7299, .F. ) ;
#2782 = EDGE_CURVE ( 'NONE', #3697, #2888, #819, .T. ) ;
#2783 = CARTESIAN_POINT ( 'NONE',  ( 3.323032830975961804, 6.800000000000000711, 19.64958055990333463 ) ) ;
#2784 = EDGE_CURVE ( 'NONE', #1622, #1622, #3735, .T. ) ;
#2785 = ORIENTED_EDGE ( 'NONE', *, *, #6550, .F. ) ;
#2786 = CARTESIAN_POINT ( 'NONE',  ( -2.410188870128328720, 10.79999999999999893, 5.477993438979855689 ) ) ;
#2787 = CARTESIAN_POINT ( 'NONE',  ( -6.750501725470883230, 11.78643072530284286, -7.166222971984686829 ) ) ;
#2788 = CIRCLE ( 'NONE', #7381, 14.39589235127478517 ) ;
#2789 = PLANE ( 'NONE',  #304 ) ;
#2790 = B_SPLINE_CURVE_WITH_KNOTS ( 'NONE', 3,
 ( #5958, #2174, #1551, #4637, #276, #5302, #7238, #2712, #3330, #4679, #6535, #7896, #7158, #316, #7276, #1511, #6499, #2841, #6459, #7194, #887, #1596, #845, #4723, #805, #3370, #5880, #235 ),
 .UNSPECIFIED., .F., .F.,
 ( 4, 2, 2, 2, 2, 2, 2, 2, 2, 2, 2, 2, 2, 4 ),
 ( 2.465505300536223318E-17, 8.053606011204917086E-05, 0.0001610721202240737032, 0.0003221442404481229035, 0.0004832163606721721037, 0.0005637524207841970291, 0.0006040204508402051550, 0.0006442884808962132809, 0.0007248245410082298579, 0.0008053606011202466518, 0.0009664327213442801311, 0.001127504841568313610, 0.001208040901680335717, 0.001288576961792357607 ),
 .UNSPECIFIED. ) ;
#2791 = CARTESIAN_POINT ( 'NONE',  ( -5.299999999999994493, 6.750000000000000888, 19.38047814307507721 ) ) ;
#2792 = CARTESIAN_POINT ( 'NONE',  ( -4.911766386554866415, 5.909050529808777874, 21.15260375209372157 ) ) ;
#2793 = CARTESIAN_POINT ( 'NONE',  ( 1.236660342122808398, 11.79885841573694805, 9.767020845591593670 ) ) ;
#2794 = EDGE_LOOP ( 'NONE', ( #5942, #577, #3793, #1496, #2677 ) ) ;
#2795 = CARTESIAN_POINT ( 'NONE',  ( 8.899239858260228786, 10.80758250467072301, 4.210410306034434669 ) ) ;
#2796 = CARTESIAN_POINT ( 'NONE',  ( 4.352610541735193905, 6.000000000000000000, 17.83648514178580413 ) ) ;
#2797 = ORIENTED_EDGE ( 'NONE', *, *, #7250, .T. ) ;
#2798 = DIRECTION ( 'NONE',  ( -0.000000000000000000, -1.000000000000000000, -0.000000000000000000 ) ) ;
#2799 = CARTESIAN_POINT ( 'NONE',  ( -7.167069261535651492, 9.347649159644921824, 6.899611680862575369 ) ) ;
#2800 = DIRECTION ( 'NONE',  ( 0.000000000000000000, 1.000000000000000000, 0.000000000000000000 ) ) ;
#2801 = CARTESIAN_POINT ( 'NONE',  ( 4.217646827644854213, 5.854357754795135094, 20.09166236495455138 ) ) ;
#2802 = CARTESIAN_POINT ( 'NONE',  ( 5.799282471249015636, 6.049999999999999822, 21.67682676946076725 ) ) ;
#2803 = B_SPLINE_CURVE_WITH_KNOTS ( 'NONE', 3,
 ( #5597, #4394, #5522, #6913, #1850, #6870, #8109, #3698, #5557, #6300, #563, #525, #603, #2472, #3130, #5017, #3092, #4233, #4978 ),
 .UNSPECIFIED., .F., .F.,
 ( 4, 3, 3, 3, 3, 3, 4 ),
 ( 0.000000000000000000, 5.326848452788760866E-06, 1.060976953273748242E-05, 1.808968920854402514E-05, 2.849587045028109249E-05, 3.717047564931706411E-05, 3.806585932951162422E-05 ),
 .UNSPECIFIED. ) ;
#2804 = EDGE_CURVE ( 'NONE', #7854, #3605, #3334, .T. ) ;
#2805 = CARTESIAN_POINT ( 'NONE',  ( -7.374509065634903493, 10.03324444596752052, 6.522558561103059205 ) ) ;
#2806 = CARTESIAN_POINT ( 'NONE',  ( 7.120442673960036828, 8.330298829496348034, 6.890992998221767252 ) ) ;
#2807 = ORIENTED_EDGE ( 'NONE', *, *, #4469, .T. ) ;
#2808 = CARTESIAN_POINT ( 'NONE',  ( -6.542834912791954949, 6.800368881616977390, 20.83435663780906211 ) ) ;
#2809 = FACE_OUTER_BOUND ( 'NONE', #4027, .T. ) ;
#2810 = AXIS2_PLACEMENT_3D ( 'NONE', #7855, #4800, #1594 ) ;
#2811 = DIRECTION ( 'NONE',  ( -0.000000000000000000, 1.000000000000000000, -0.000000000000000000 ) ) ;
#2812 = CARTESIAN_POINT ( 'NONE',  ( -7.384209873469433028, 9.514413429161951541, 6.513135051841160816 ) ) ;
#2813 = VERTEX_POINT ( 'NONE', #5940 ) ;
#2814 = VECTOR ( 'NONE', #6606, 1000.000000000000000 ) ;
#2815 = CARTESIAN_POINT ( 'NONE',  ( 4.289483693370898187, 5.800000000000000711, 19.99882962993422453 ) ) ;
#2816 = CARTESIAN_POINT ( 'NONE',  ( -4.040135404576809641, 5.813325431609214888, 19.46959156069295460 ) ) ;
#2817 = CARTESIAN_POINT ( 'NONE',  ( -2.399999999999959055, 4.100000000000000533, 16.80000000000000071 ) ) ;
#2818 = CARTESIAN_POINT ( 'NONE',  ( 0.000000000000000000, 0.000000000000000000, 0.000000000000000000 ) ) ;
#2819 = EDGE_CURVE ( 'NONE', #7181, #1372, #7932, .T. ) ;
#2820 = CARTESIAN_POINT ( 'NONE',  ( -6.870623076212488911, 9.603974049534285129, 7.279819811758720505 ) ) ;
#2821 = CIRCLE ( 'NONE', #692, 2.349999999999997868 ) ;
#2822 = DIRECTION ( 'NONE',  ( -0.5877852522924802425, 0.000000000000000000, -0.8090169943749423442 ) ) ;
#2823 = EDGE_LOOP ( 'NONE', ( #4905, #3643, #1930, #4768 ) ) ;
#2824 = LINE ( 'NONE', #4311, #7080 ) ;
#2825 = ORIENTED_EDGE ( 'NONE', *, *, #6730, .F. ) ;
#2826 = CARTESIAN_POINT ( 'NONE',  ( -6.756632323874142365, 10.80444578712996950, -7.160443047743662248 ) ) ;
#2827 = CARTESIAN_POINT ( 'NONE',  ( 0.000000000000000000, 7.772521246458921951, 0.000000000000000000 ) ) ;
#2828 = FACE_OUTER_BOUND ( 'NONE', #7450, .T. ) ;
#2829 = EDGE_CURVE ( 'NONE', #1361, #5175, #2944, .T. ) ;
#2830 = CARTESIAN_POINT ( 'NONE',  ( -6.467854824151667792, 6.000000000000000000, 20.88857817417498808 ) ) ;
#2831 = EDGE_CURVE ( 'NONE', #3034, #986, #4318, .T. ) ;
#2832 = CARTESIAN_POINT ( 'NONE',  ( -5.756151921833404295, 6.221976706491658682, 16.74141623081770192 ) ) ;
#2833 = CARTESIAN_POINT ( 'NONE',  ( 6.523343021741049519, 6.930992241539992271, 20.56479272619778342 ) ) ;
#2834 = ORIENTED_EDGE ( 'NONE', *, *, #5850, .F. ) ;
#2835 = DIRECTION ( 'NONE',  ( 0.000000000000000000, 0.000000000000000000, -1.000000000000000000 ) ) ;
#2836 = CARTESIAN_POINT ( 'NONE',  ( 8.900622790806574258, 10.81342020349678812, 4.207486058893717740 ) ) ;
#2837 = ORIENTED_EDGE ( 'NONE', *, *, #6896, .T. ) ;
#2838 = CARTESIAN_POINT ( 'NONE',  ( 3.633863727630026297, 6.000000000000000000, 18.51596646574562399 ) ) ;
#2839 = CARTESIAN_POINT ( 'NONE',  ( -5.231356120501143181, 6.800000000000000711, 23.44087549234617285 ) ) ;
#2840 = ADVANCED_FACE ( 'NONE', ( #7918 ), #4276, .F. ) ;
#2841 = CARTESIAN_POINT ( 'NONE',  ( 5.370728140990791211, 7.201293258592739832, 18.29965634551145115 ) ) ;
#2842 = CARTESIAN_POINT ( 'NONE',  ( 1.250000000000082601, 10.79999999999999893, 9.765322575317201270 ) ) ;
#2843 = CARTESIAN_POINT ( 'NONE',  ( 4.724975995052100863, 10.80760235046640538, -8.637049743226725695 ) ) ;
#2844 = DIRECTION ( 'NONE',  ( -0.000000000000000000, -1.000000000000000000, -0.000000000000000000 ) ) ;
#2845 = AXIS2_PLACEMENT_3D ( 'NONE', #2288, #1164, #6845 ) ;
#2847 = ORIENTED_EDGE ( 'NONE', *, *, #6098, .F. ) ;
#2846 = CARTESIAN_POINT ( 'NONE',  ( -6.570581486580562292, 9.433200842640362183, 7.331700038737014147 ) ) ;
#2848 = FACE_OUTER_BOUND ( 'NONE', #2447, .T. ) ;
#2849 = VERTEX_POINT ( 'NONE', #1035 ) ;
#2850 = CIRCLE ( 'NONE', #2579, 0.09999999999999982514 ) ;
#2851 = CARTESIAN_POINT ( 'NONE',  ( 5.176305225387292097, 9.364516526442802302, 11.72564322337703402 ) ) ;
#2852 = CARTESIAN_POINT ( 'NONE',  ( -6.505213034913026604E-16, 6.800000000000000711, -4.995798655503515207 ) ) ;
#2853 = CARTESIAN_POINT ( 'NONE',  ( 4.058520562051306513, 6.995161993106191467, 19.44782409233293308 ) ) ;
#2854 = CARTESIAN_POINT ( 'NONE',  ( -6.412543518469478343, 8.922146680361549897, 7.142853952785601201 ) ) ;
#2855 = AXIS2_PLACEMENT_3D ( 'NONE', #1574, #2147, #7255 ) ;
#2856 = VERTEX_POINT ( 'NONE', #5406 ) ;
#2857 = ORIENTED_EDGE ( 'NONE', *, *, #6739, .T. ) ;
#2858 = DIRECTION ( 'NONE',  ( -0.3090169943749094261, 0.000000000000000000, 0.9510565162951659657 ) ) ;
#2859 = AXIS2_PLACEMENT_3D ( 'NONE', #3229, #7632, #3880 ) ;
#2860 = CARTESIAN_POINT ( 'NONE',  ( -7.069671557728274713, 9.700000000000001066, 6.827102464871014575 ) ) ;
#2861 = CARTESIAN_POINT ( 'NONE',  ( -6.125349654721845560, 7.293362554304512635, 18.36505949475499477 ) ) ;
#2862 = DIRECTION ( 'NONE',  ( -1.000000000000000000, 0.000000000000000000, 0.000000000000000000 ) ) ;
#2863 = CARTESIAN_POINT ( 'NONE',  ( -5.231356120501143181, 7.000000000000000000, 23.44087549234617285 ) ) ;
#2864 = ORIENTED_EDGE ( 'NONE', *, *, #7556, .T. ) ;
#2865 = ORIENTED_EDGE ( 'NONE', *, *, #5859, .F. ) ;
#2866 = CARTESIAN_POINT ( 'NONE',  ( 0.000000000000000000, 6.100000000000004086, -14.92351647922232516 ) ) ;
#2867 = EDGE_CURVE ( 'NONE', #3940, #1879, #6087, .T. ) ;
#2868 = CARTESIAN_POINT ( 'NONE',  ( -6.424821642706378455, 7.000000000000000000, 23.57836966310849292 ) ) ;
#2869 = DIRECTION ( 'NONE',  ( 0.000000000000000000, 0.000000000000000000, 1.000000000000000000 ) ) ;
#2870 = FACE_OUTER_BOUND ( 'NONE', #1021, .T. ) ;
#2871 = TOROIDAL_SURFACE ( 'NONE', #7456, 0.04000000000000000083, 0.02000000000000000042 ) ;
#2872 = CARTESIAN_POINT ( 'NONE',  ( -5.690218230297944935, 5.760011798825575902, 17.74254682277344841 ) ) ;
#2873 = CIRCLE ( 'NONE', #6674, 9.845000000000000639 ) ;
#2874 = CARTESIAN_POINT ( 'NONE',  ( 1.240812241538512772, 11.79697642398282120, 9.766494412991240992 ) ) ;
#2875 = CARTESIAN_POINT ( 'NONE',  ( -2.399999999999958167, 6.000000000000000000, 22.89999999999999503 ) ) ;
#2876 = EDGE_LOOP ( 'NONE', ( #6680, #179, #4799, #3432 ) ) ;
#2877 = LINE ( 'NONE', #2406, #374 ) ;
#2878 = ADVANCED_FACE ( 'NONE', ( #2318 ), #3633, .T. ) ;
#2880 = EDGE_CURVE ( 'NONE', #1963, #6451, #4824, .T. ) ;
#2879 = VERTEX_POINT ( 'NONE', #5480 ) ;
#2881 = VECTOR ( 'NONE', #447, 1000.000000000000000 ) ;
#2882 = CARTESIAN_POINT ( 'NONE',  ( 4.099193704431893792, 6.000000000000000000, 18.05753884230004047 ) ) ;
#2883 = CARTESIAN_POINT ( 'NONE',  ( -3.940273222001064557, 6.000000000000000000, 20.17910493521789306 ) ) ;
#2884 = CARTESIAN_POINT ( 'NONE',  ( -7.221559850775772560, 8.047243050777375117, 6.812969566289054590 ) ) ;
#2885 = CARTESIAN_POINT ( 'NONE',  ( 4.718722881102457301, 10.80189296267286991, -8.640467809507088148 ) ) ;
#2886 = CIRCLE ( 'NONE', #7470, 14.82357739652041850 ) ;
#2888 = VERTEX_POINT ( 'NONE', #7340 ) ;
#2887 = DIRECTION ( 'NONE',  ( -0.4281148746582327247, 7.838559004744429711E-14, 0.9037243241699128848 ) ) ;
#2889 = ADVANCED_FACE ( 'NONE', ( #3669, #995 ), #3620, .T. ) ;
#2890 = CIRCLE ( 'NONE', #7474, 4.604519503718790929 ) ;
#2891 = AXIS2_PLACEMENT_3D ( 'NONE', #3294, #2054, #3982 ) ;
#2892 = DIRECTION ( 'NONE',  ( -0.6864276156651136773, 0.000000000000000000, 0.7271981356221334236 ) ) ;
#2893 = ORIENTED_EDGE ( 'NONE', *, *, #780, .F. ) ;
#2894 = CARTESIAN_POINT ( 'NONE',  ( 5.195854012807963329, 7.243539798683516828, 18.38606219793908281 ) ) ;
#2895 = CARTESIAN_POINT ( 'NONE',  ( 7.797237569402213353, 6.884002568855079218, 6.137098533480386919 ) ) ;
#2896 = LINE ( 'NONE', #7907, #7475 ) ;
#2897 = AXIS2_PLACEMENT_3D ( 'NONE', #3762, #4700, #2862 ) ;
#2898 = CARTESIAN_POINT ( 'NONE',  ( -6.663312708317899791, 9.074477550202477261, 7.107307067623334973 ) ) ;
#2899 = ORIENTED_EDGE ( 'NONE', *, *, #4022, .F. ) ;
#2900 = ORIENTED_EDGE ( 'NONE', *, *, #7154, .F. ) ;
#2901 = B_SPLINE_CURVE_WITH_KNOTS ( 'NONE', 3,
 ( #738, #212, #5899, #2775, #170, #823, #129, #6558, #5775, #909, #5240, #3957, #2647 ),
 .UNSPECIFIED., .F., .F.,
 ( 4, 3, 3, 3, 4 ),
 ( 0.000000000000000000, 6.913312620944432404E-06, 1.813789438072991366E-05, 4.178924992643360262E-05, 5.868165338465997798E-05 ),
 .UNSPECIFIED. ) ;
#2902 = AXIS2_PLACEMENT_3D ( 'NONE', #569, #5068, #1276 ) ;
#2903 = DIRECTION ( 'NONE',  ( 0.000000000000000000, 0.000000000000000000, 1.000000000000000000 ) ) ;
#2904 = CARTESIAN_POINT ( 'NONE',  ( -4.986494766183310112, 8.110467365123021466, 16.00443463234032038 ) ) ;
#2905 = CARTESIAN_POINT ( 'NONE',  ( -5.739071754409777348, 7.478174883892661384, 18.63557911684709012 ) ) ;
#2906 = CARTESIAN_POINT ( 'NONE',  ( 4.062033147274137335, 5.800000000000000711, 18.88090742590968318 ) ) ;
#2907 = DIRECTION ( 'NONE',  ( 0.000000000000000000, 0.000000000000000000, -1.000000000000000000 ) ) ;
#2908 = ORIENTED_EDGE ( 'NONE', *, *, #4980, .F. ) ;
#2909 = VERTEX_POINT ( 'NONE', #7380 ) ;
#2910 = VERTEX_POINT ( 'NONE', #3025 ) ;
#2911 = DIRECTION ( 'NONE',  ( 0.1529411764705849996, 0.000000000000000000, -0.9882352941176474337 ) ) ;
#2912 = LINE ( 'NONE', #6145, #2814 ) ;
#2913 = CARTESIAN_POINT ( 'NONE',  ( -8.909697753756745442, 11.79999999999999716, 4.188234823490922132 ) ) ;
#2914 = DIRECTION ( 'NONE',  ( -0.1848436207418574784, 0.000000000000000000, -0.9827679460946212586 ) ) ;
#2915 = CARTESIAN_POINT ( 'NONE',  ( 1.249545913410510245, 11.78423760195580527, 9.765380689470738673 ) ) ;
#2916 = CARTESIAN_POINT ( 'NONE',  ( 6.994810473067784251, 10.19548381638287893, 6.928367929306872952 ) ) ;
#2917 = EDGE_LOOP ( 'NONE', ( #4077 ) ) ;
#2918 = CARTESIAN_POINT ( 'NONE',  ( -2.399999999999958611, 6.000000000000000000, 22.14408978155968555 ) ) ;
#2919 = EDGE_LOOP ( 'NONE', ( #5227, #7988, #5845 ) ) ;
#2920 = CARTESIAN_POINT ( 'NONE',  ( 3.911536198507543194, 6.000000000000000000, 18.21917196838693087 ) ) ;
#2921 = CARTESIAN_POINT ( 'NONE',  ( -3.543302186084417826, 6.000000000000000000, 18.67470885673765935 ) ) ;
#2922 = CARTESIAN_POINT ( 'NONE',  ( -7.870373660108498370, 6.577225049289450176, 5.927807374209904445 ) ) ;
#2923 = CARTESIAN_POINT ( 'NONE',  ( -6.797219136243049853, 11.79999999999999716, -7.262968540059311806 ) ) ;
#2924 = ADVANCED_FACE ( 'NONE', ( #6181 ), #3058, .F. ) ;
#2925 = CARTESIAN_POINT ( 'NONE',  ( 6.753344557884045862, 10.80932092604688322, -7.163544109556304385 ) ) ;
#2926 = ADVANCED_FACE ( 'NONE', ( #6759 ), #2307, .T. ) ;
#2928 = ORIENTED_EDGE ( 'NONE', *, *, #5421, .T. ) ;
#2927 = CARTESIAN_POINT ( 'NONE',  ( 5.296891063629110441, 7.336432197503245156, 18.81388908349903843 ) ) ;
#2929 = CARTESIAN_POINT ( 'NONE',  ( 4.903129077849076367, 6.000000000000000000, 21.22168083936475469 ) ) ;
#2930 = VERTEX_POINT ( 'NONE', #491 ) ;
#2931 = FACE_OUTER_BOUND ( 'NONE', #2667, .T. ) ;
#2932 = CARTESIAN_POINT ( 'NONE',  ( 4.682505870953109550, 6.799999999999998934, 21.09243618395246855 ) ) ;
#2933 = EDGE_CURVE ( 'NONE', #2364, #2364, #6689, .T. ) ;
#2934 = CARTESIAN_POINT ( 'NONE',  ( -6.246971661019549593, 10.11034180000366689, 7.410437015366550639 ) ) ;
#2935 = ORIENTED_EDGE ( 'NONE', *, *, #1965, .F. ) ;
#2936 = ORIENTED_EDGE ( 'NONE', *, *, #7595, .T. ) ;
#2937 = AXIS2_PLACEMENT_3D ( 'NONE', #6743, #3005, #4188 ) ;
#2938 = DIRECTION ( 'NONE',  ( 0.8090169943749566661, 0.000000000000000000, 0.5877852522924602585 ) ) ;
#2939 = CARTESIAN_POINT ( 'NONE',  ( -5.379363831155404618, 7.316079911888024867, 17.99060525929019505 ) ) ;
#2940 = CARTESIAN_POINT ( 'NONE',  ( -5.666060265353257464, 7.606518939771342858, 19.62744525028556453 ) ) ;
#2941 = EDGE_CURVE ( 'NONE', #66, #7715, #6871, .T. ) ;
#2942 = CARTESIAN_POINT ( 'NONE',  ( 6.804956195338336400, 9.803382900123787991, 7.293539574615826027 ) ) ;
#2943 = ORIENTED_EDGE ( 'NONE', *, *, #639, .F. ) ;
#2944 = CIRCLE ( 'NONE', #1488, 4.604519503718790929 ) ;
#2945 = VERTEX_POINT ( 'NONE', #733 ) ;
#2946 = CARTESIAN_POINT ( 'NONE',  ( -1.999999999999958478, 5.899999999999999467, 23.39999999999999858 ) ) ;
#2947 = CARTESIAN_POINT ( 'NONE',  ( -4.790856990193059772, 11.77999999999999936, -8.720675965744760560 ) ) ;
#2948 = CARTESIAN_POINT ( 'NONE',  ( 7.405708227478099204, 7.000000000000000000, 22.85064685414014107 ) ) ;
#2949 = AXIS2_PLACEMENT_3D ( 'NONE', #3640, #8041, #5374 ) ;
#2950 = CARTESIAN_POINT ( 'NONE',  ( 5.116604869582703330, 7.000000000000001776, 20.80489097392035447 ) ) ;
#2951 = EDGE_CURVE ( 'NONE', #2485, #4717, #2515, .T. ) ;
#2952 = CARTESIAN_POINT ( 'NONE',  ( 11.08758383676868675, 6.800000000000000711, 20.11905188458655402 ) ) ;
#2953 = CARTESIAN_POINT ( 'NONE',  ( 4.419261828777429457, 5.661653057774513442, 18.63267511938274623 ) ) ;
#2954 = ORIENTED_EDGE ( 'NONE', *, *, #2723, .F. ) ;
#2955 = DIRECTION ( 'NONE',  ( 0.000000000000000000, 1.000000000000000000, 0.000000000000000000 ) ) ;
#2956 = VERTEX_POINT ( 'NONE', #7454 ) ;
#2957 = CARTESIAN_POINT ( 'NONE',  ( 4.082580058558646918, 6.000000000000000000, 18.07186973949994879 ) ) ;
#2958 = CARTESIAN_POINT ( 'NONE',  ( -4.028938717463734775, 6.000000000000000000, 18.11807383304031305 ) ) ;
#2959 = CARTESIAN_POINT ( 'NONE',  ( -7.182815537095080138, 8.170912028620174183, 6.855023859263523534 ) ) ;
#2960 = FACE_BOUND ( 'NONE', #3571, .T. ) ;
#2961 = CARTESIAN_POINT ( 'NONE',  ( 7.237426145628313989, 10.10370533792309722, 6.756177206778853694 ) ) ;
#2963 = ORIENTED_EDGE ( 'NONE', *, *, #4727, .T. ) ;
#2962 = CARTESIAN_POINT ( 'NONE',  ( 4.947326282271232500, 6.800001425441132952, 21.24192218276976263 ) ) ;
#2964 = DIRECTION ( 'NONE',  ( -0.000000000000000000, -1.000000000000000000, -0.000000000000000000 ) ) ;
#2965 = CARTESIAN_POINT ( 'NONE',  ( -7.140192554389259705, 8.320395581174919286, 6.892256576758441611 ) ) ;
#2966 = ORIENTED_EDGE ( 'NONE', *, *, #3757, .T. ) ;
#2967 = CARTESIAN_POINT ( 'NONE',  ( -4.727656843639633344, 10.81342020349678812, -8.635582537895039934 ) ) ;
#2968 = ADVANCED_FACE ( 'NONE', ( #7578 ), #3701, .T. ) ;
#2969 = CARTESIAN_POINT ( 'NONE',  ( 4.065434638894471320, 6.999139485099509450, 19.43606409459863826 ) ) ;
#2970 = AXIS2_PLACEMENT_3D ( 'NONE', #5020, #3175, #5063 ) ;
#2971 = CARTESIAN_POINT ( 'NONE',  ( -7.102017508511572430, 9.286020649414840733, 6.935399054548799569 ) ) ;
#2972 = CIRCLE ( 'NONE', #4695, 16.89999999999999858 ) ;
#2973 = DIRECTION ( 'NONE',  ( -0.9820588696906383808, 0.000000000000000000, -0.1885745912416245951 ) ) ;
#2974 = CIRCLE ( 'NONE', #8092, 11.00000000000000178 ) ;
#2975 = EDGE_LOOP ( 'NONE', ( #1147, #2954, #4868, #4693 ) ) ;
#2976 = ADVANCED_FACE ( 'NONE', ( #2474 ), #3869, .F. ) ;
#2977 = ORIENTED_EDGE ( 'NONE', *, *, #4838, .F. ) ;
#2978 = CARTESIAN_POINT ( 'NONE',  ( 5.271256054450766726, 7.332215316166462493, 18.80555947608376144 ) ) ;
#2979 = CARTESIAN_POINT ( 'NONE',  ( -5.945205517818272334, 9.543372056611749699, 8.769363571294524817 ) ) ;
#2980 = CARTESIAN_POINT ( 'NONE',  ( -5.295923868789962796, 7.540480791856770004, 19.88666059250405027 ) ) ;
#2981 = DIRECTION ( 'NONE',  ( 0.000000000000000000, 0.000000000000000000, 1.000000000000000000 ) ) ;
#2982 = ORIENTED_EDGE ( 'NONE', *, *, #6494, .F. ) ;
#2983 = ORIENTED_EDGE ( 'NONE', *, *, #7908, .T. ) ;
#2984 = CARTESIAN_POINT ( 'NONE',  ( 4.903129077849076367, 6.000000000000000000, 21.22168083936475469 ) ) ;
#2985 = ADVANCED_FACE ( 'NONE', ( #3742, #7533 ), #7740, .F. ) ;
#2986 = AXIS2_PLACEMENT_3D ( 'NONE', #6701, #4961, #4922 ) ;
#2987 = AXIS2_PLACEMENT_3D ( 'NONE', #4036, #5936, #1527 ) ;
#2988 = DIRECTION ( 'NONE',  ( -0.9820588696906381587, 0.000000000000000000, -0.1885745912416257608 ) ) ;
#2989 = DIRECTION ( 'NONE',  ( 0.3090169943749447312, 0.000000000000000000, -0.9510565162951545304 ) ) ;
#2990 = DIRECTION ( 'NONE',  ( 0.9917876792503225181, -0.000000000000000000, 0.1278952668680894411 ) ) ;
#2991 = FACE_OUTER_BOUND ( 'NONE', #4683, .T. ) ;
#2992 = FACE_OUTER_BOUND ( 'NONE', #4269, .T. ) ;
#2993 =( BOUNDED_SURFACE ( )  B_SPLINE_SURFACE ( 3, 3, ( 
 ( #6914, #5188, #3867, #5720, #1441, #6379, #4395, #7086, #1269, #161, #6339, #7574 ),
 ( #3781, #78, #2551, #7702, #3256, #7042, #3950, #4524, #6301, #3301, #2062, #5059 ),
 ( #7662, #6468, #1933, #814, #1397, #123, #5103, #3906, #5847, #4564, #2641, #6960 ),
 ( #6424, #647, #3342, #2680, #203, #730, #3824, #5018, #774, #5765, #5148, #7621 ),
 ( #7531, #1314, #1889, #2024, #5807, #4485, #3172, #2595, #1982, #5678, #7000, #36 ),
 ( #688, #1356, #5395, #2724, #940, #3509, #245, #2766, #4690, #6053, #2227, #3429 ),
 ( #1482, #3383, #7745, #7207, #2895, #5230, #3467, #1523, #284, #4030, #982, #1606 ) ),
 .UNSPECIFIED., .T., .F., .T. ) 
 B_SPLINE_SURFACE_WITH_KNOTS ( ( 4, 3, 4 ),
 ( 4, 2, 2, 2, 2, 4 ),
 ( 0.000000000000000000, 0.5000000000000000000, 1.000000000000000000 ),
 ( 0.000000000000000000, 0.2500000000000000000, 0.5000000000000000000, 0.7500000000000000000, 0.8750000000000000000, 1.000000000000000000 ),
 .UNSPECIFIED. ) 
 GEOMETRIC_REPRESENTATION_ITEM ( )  RATIONAL_B_SPLINE_SURFACE ( (
 ( 1.000000000000000000, 1.000000000000000000, 1.000000000000000000, 1.000000000000000000, 1.000000000000000000, 1.000000000000000000, 1.000000000000000000, 1.000000000000000000, 1.000000000000000000, 1.000000000000000000, 1.000000000000000000, 1.000000000000000000),
 ( 0.3333333333333333703, 0.3333333333333333703, 0.3333333333333333703, 0.3333333333333333703, 0.3333333333333333703, 0.3333333333333333703, 0.3333333333333333703, 0.3333333333333333703, 0.3333333333333333703, 0.3333333333333333703, 0.3333333333333333703, 0.3333333333333333703),
 ( 0.3333333333333333703, 0.3333333333333333703, 0.3333333333333333703, 0.3333333333333333703, 0.3333333333333333703, 0.3333333333333333703, 0.3333333333333333703, 0.3333333333333333703, 0.3333333333333333703, 0.3333333333333333703, 0.3333333333333333703, 0.3333333333333333703),
 ( 1.000000000000000000, 1.000000000000000000, 1.000000000000000000, 1.000000000000000000, 1.000000000000000000, 1.000000000000000000, 1.000000000000000000, 1.000000000000000000, 1.000000000000000000, 1.000000000000000000, 1.000000000000000000, 1.000000000000000000),
 ( 0.3333333333333333703, 0.3333333333333333703, 0.3333333333333333703, 0.3333333333333333703, 0.3333333333333333703, 0.3333333333333333703, 0.3333333333333333703, 0.3333333333333333703, 0.3333333333333333703, 0.3333333333333333703, 0.3333333333333333703, 0.3333333333333333703),
 ( 0.3333333333333333703, 0.3333333333333333703, 0.3333333333333333703, 0.3333333333333333703, 0.3333333333333333703, 0.3333333333333333703, 0.3333333333333333703, 0.3333333333333333703, 0.3333333333333333703, 0.3333333333333333703, 0.3333333333333333703, 0.3333333333333333703),
 ( 1.000000000000000000, 1.000000000000000000, 1.000000000000000000, 1.000000000000000000, 1.000000000000000000, 1.000000000000000000, 1.000000000000000000, 1.000000000000000000, 1.000000000000000000, 1.000000000000000000, 1.000000000000000000, 1.000000000000000000) ) ) 
 REPRESENTATION_ITEM ( '' )  SURFACE ( )  );
#2994 = ORIENTED_EDGE ( 'NONE', *, *, #252, .F. ) ;
#2995 = DIRECTION ( 'NONE',  ( 0.8775480390282801579, 7.964659716357809068E-14, -0.4794887268723013740 ) ) ;
#2996 = ORIENTED_EDGE ( 'NONE', *, *, #6375, .F. ) ;
#2997 = CARTESIAN_POINT ( 'NONE',  ( 3.717825450737131554, 6.000000000000000000, 18.42059138546670738 ) ) ;
#2998 = AXIS2_PLACEMENT_3D ( 'NONE', #3883, #221, #6522 ) ;
#2999 = CARTESIAN_POINT ( 'NONE',  ( -4.606611058641894907, 6.000000000000000000, 17.61780211499398874 ) ) ;
#3000 = CARTESIAN_POINT ( 'NONE',  ( -7.232360682489806791, 7.658808983007950211, 6.547557735861944117 ) ) ;
#3001 = DIRECTION ( 'NONE',  ( -0.9510565162951500895, 0.000000000000000000, 0.3090169943749581649 ) ) ;
#3002 = CARTESIAN_POINT ( 'NONE',  ( 7.310959706025976779, 9.296966656323728984, 6.535978891917175737 ) ) ;
#3003 = DIRECTION ( 'NONE',  ( 0.000000000000000000, -1.000000000000000000, 0.000000000000000000 ) ) ;
#3004 = VECTOR ( 'NONE', #94, 1000.000000000000000 ) ;
#3005 = DIRECTION ( 'NONE',  ( 0.000000000000000000, 1.000000000000000000, 0.000000000000000000 ) ) ;
#3006 = ORIENTED_EDGE ( 'NONE', *, *, #4685, .T. ) ;
#3007 = CARTESIAN_POINT ( 'NONE',  ( 0.000000000000000000, 11.79999999999999716, 0.000000000000000000 ) ) ;
#3008 = CARTESIAN_POINT ( 'NONE',  ( -2.939133998076038701, 6.800000000000000711, 19.79958055990334032 ) ) ;
#3009 = CARTESIAN_POINT ( 'NONE',  ( 7.496811944447649090, 6.800000000000001599, 19.15652337214291023 ) ) ;
#3010 = VECTOR ( 'NONE', #1380, 1000.000000000000000 ) ;
#3011 = CARTESIAN_POINT ( 'NONE',  ( -6.563863727630595335, 9.977132764735987536, 7.336673562735708032 ) ) ;
#3012 = CIRCLE ( 'NONE', #7608, 4.584519503718790467 ) ;
#3013 = AXIS2_PLACEMENT_3D ( 'NONE', #1801, #4306, #5221 ) ;
#3014 = CARTESIAN_POINT ( 'NONE',  ( -3.089133998076035947, 6.800000000000000711, 20.22958055990334003 ) ) ;
#3015 = ORIENTED_EDGE ( 'NONE', *, *, #3489, .F. ) ;
#3016 = ORIENTED_EDGE ( 'NONE', *, *, #5747, .F. ) ;
#3017 = CARTESIAN_POINT ( 'NONE',  ( 8.193791918384345507, 7.000000000000000000, 19.74976501383081740 ) ) ;
#3018 = AXIS2_PLACEMENT_3D ( 'NONE', #4120, #5885, #4644 ) ;
#3019 = CARTESIAN_POINT ( 'NONE',  ( -9.755169040263020008, 10.79999999999999893, 1.855148779988796237 ) ) ;
#3020 = CARTESIAN_POINT ( 'NONE',  ( -4.782008842634107637, 7.151432784913569485, 18.36509864232086642 ) ) ;
#3021 = CARTESIAN_POINT ( 'NONE',  ( 0.6570922415819607787, 6.980000000000000426, 22.91389368417637940 ) ) ;
#3022 = ORIENTED_EDGE ( 'NONE', *, *, #158, .F. ) ;
#3023 = AXIS2_PLACEMENT_3D ( 'NONE', #4939, #7452, #564 ) ;
#3024 = ORIENTED_EDGE ( 'NONE', *, *, #5773, .F. ) ;
#3025 = CARTESIAN_POINT ( 'NONE',  ( -4.903129077849076367, 6.000000000000000000, 21.22168083936475469 ) ) ;
#3026 = CARTESIAN_POINT ( 'NONE',  ( 3.358333241688669535, 6.723960053442490370, 18.42139815762993749 ) ) ;
#3027 = LINE ( 'NONE', #7583, #4983 ) ;
#3028 = CARTESIAN_POINT ( 'NONE',  ( 6.492818480884917420, 7.000000000000000000, 20.41860352370483866 ) ) ;
#3029 = AXIS2_PLACEMENT_3D ( 'NONE', #6470, #1983, #816 ) ;
#3030 = CARTESIAN_POINT ( 'NONE',  ( 2.599999999999963229, 5.899999999999999467, 16.80000000000000071 ) ) ;
#3031 = EDGE_CURVE ( 'NONE', #2956, #2035, #7870, .T. ) ;
#3032 = CARTESIAN_POINT ( 'NONE',  ( -5.211487537578541662, 6.980000000000000426, 23.43858651601436094 ) ) ;
#3033 = EDGE_CURVE ( 'NONE', #7181, #4660, #3226, .T. ) ;
#3034 = VERTEX_POINT ( 'NONE', #1885 ) ;
#3035 = CARTESIAN_POINT ( 'NONE',  ( -2.939133998076038701, 6.800000000000000711, 19.21958055990333847 ) ) ;
#3036 = VERTEX_POINT ( 'NONE', #6216 ) ;
#3037 = DIRECTION ( 'NONE',  ( -0.000000000000000000, -1.000000000000000000, 0.000000000000000000 ) ) ;
#3038 = CYLINDRICAL_SURFACE ( 'NONE', #34, 0.01999999999999965347 ) ;
#3039 = CARTESIAN_POINT ( 'NONE',  ( -4.319896953853001875, 6.000000000000000000, 17.86563720834842073 ) ) ;
#3040 = CARTESIAN_POINT ( 'NONE',  ( -7.172801359328659032, 8.204529648292073318, 6.740062440845495217 ) ) ;
#3041 = FACE_OUTER_BOUND ( 'NONE', #5622, .T. ) ;
#3042 = EDGE_CURVE ( 'NONE', #3514, #7660, #1084, .T. ) ;
#3043 = CARTESIAN_POINT ( 'NONE',  ( 7.113859911883648302, 10.29533309741371916, 6.703374430637885517 ) ) ;
#3044 = TOROIDAL_SURFACE ( 'NONE', #7639, 0.04000000000000000083, 0.02000000000000000042 ) ;
#3045 = CARTESIAN_POINT ( 'NONE',  ( -5.283525734872178248, 7.335114206174332629, 18.81387932095728033 ) ) ;
#3046 = CARTESIAN_POINT ( 'NONE',  ( -7.115806479547041263, 8.333417547606487119, 6.889279433119479101 ) ) ;
#3047 = EDGE_LOOP ( 'NONE', ( #5548, #6867, #3399, #1535 ) ) ;
#3048 = DIRECTION ( 'NONE',  ( 0.000000000000000000, -0.000000000000000000, 1.000000000000000000 ) ) ;
#3049 = DIRECTION ( 'NONE',  ( -0.000000000000000000, -1.000000000000000000, -0.000000000000000000 ) ) ;
#3050 = CARTESIAN_POINT ( 'NONE',  ( 4.068549446611157805, 6.800000000000000711, 18.08399279775765223 ) ) ;
#3051 = ADVANCED_FACE ( 'NONE', ( #1263 ), #1927, .T. ) ;
#3052 = CARTESIAN_POINT ( 'NONE',  ( 0.000000000000000000, 0.000000000000000000, 0.000000000000000000 ) ) ;
#3053 = CARTESIAN_POINT ( 'NONE',  ( 6.816226223554575192, 10.81999999999999851, -7.221077486727792483 ) ) ;
#3054 = EDGE_LOOP ( 'NONE', ( #6663, #2248, #4509, #7004, #6132, #7758 ) ) ;
#3055 = ORIENTED_EDGE ( 'NONE', *, *, #3911, .F. ) ;
#3056 = DIRECTION ( 'NONE',  ( -0.000000000000000000, 0.000000000000000000, -1.000000000000000000 ) ) ;
#3057 = DIRECTION ( 'NONE',  ( 1.000000000000000000, -0.000000000000000000, 0.000000000000000000 ) ) ;
#3058 = PLANE ( 'NONE',  #2178 ) ;
#3059 = ORIENTED_EDGE ( 'NONE', *, *, #4390, .F. ) ;
#3060 = ORIENTED_EDGE ( 'NONE', *, *, #2941, .F. ) ;
#3061 = CARTESIAN_POINT ( 'NONE',  ( 0.000000000000000000, 0.2000000000000000111, 12.50000000000000000 ) ) ;
#3062 = CARTESIAN_POINT ( 'NONE',  ( -4.876018040749211302, 6.999999999999994671, 20.67965301864131433 ) ) ;
#3063 = ADVANCED_FACE ( 'NONE', ( #5591, #597 ), #3878, .T. ) ;
#3064 = CARTESIAN_POINT ( 'NONE',  ( 4.777503397729564227, 11.77999999999999936, -8.702296322504910364 ) ) ;
#3065 = DIRECTION ( 'NONE',  ( 0.000000000000000000, 0.000000000000000000, 1.000000000000000000 ) ) ;
#3066 = CARTESIAN_POINT ( 'NONE',  ( 2.313032830975961129, 6.800000000000000711, 19.64958055990333108 ) ) ;
#3067 = DIRECTION ( 'NONE',  ( 2.168404344971021884E-15, 0.000000000000000000, -1.000000000000000000 ) ) ;
#3068 = FACE_OUTER_BOUND ( 'NONE', #3365, .T. ) ;
#3069 = ORIENTED_EDGE ( 'NONE', *, *, #2941, .T. ) ;
#3070 = DIRECTION ( 'NONE',  ( -0.000000000000000000, -1.000000000000000000, -0.000000000000000000 ) ) ;
#3071 = ORIENTED_EDGE ( 'NONE', *, *, #2831, .T. ) ;
#3072 = CIRCLE ( 'NONE', #960, 0.04999999999999921174 ) ;
#3073 = CARTESIAN_POINT ( 'NONE',  ( -6.747015399636304700, 11.79414188046776069, -7.169505653297189696 ) ) ;
#3074 = EDGE_CURVE ( 'NONE', #6626, #66, #3774, .T. ) ;
#3075 = EDGE_CURVE ( 'NONE', #1445, #645, #5508, .T. ) ;
#3076 = CARTESIAN_POINT ( 'NONE',  ( -5.286741631597337232, 7.172109266377453274, 18.23183961364764727 ) ) ;
#3077 = CARTESIAN_POINT ( 'NONE',  ( -3.924765533759375646, 6.000000000000000000, 20.15245690435102333 ) ) ;
#3078 = DIRECTION ( 'NONE',  ( -0.000000000000000000, -1.000000000000000000, -0.000000000000000000 ) ) ;
#3079 = PLANE ( 'NONE',  #4083 ) ;
#3080 = CARTESIAN_POINT ( 'NONE',  ( 7.308531377894809111, 10.38511518192980176, 6.405651632105493931 ) ) ;
#3081 = CIRCLE ( 'NONE', #7814, 4.584519503718790467 ) ;
#3082 = CARTESIAN_POINT ( 'NONE',  ( -5.271256054450786266, 7.332215316166473151, 18.80555947608376144 ) ) ;
#3083 = CARTESIAN_POINT ( 'NONE',  ( 7.465293160529601124, 6.000000000000000000, 19.00936625668791891 ) ) ;
#3084 = ADVANCED_FACE ( 'NONE', ( #7446, #2467 ), #6831, .F. ) ;
#3085 = EDGE_LOOP ( 'NONE', ( #233, #4277, #1814, #7129 ) ) ;
#3086 = CARTESIAN_POINT ( 'NONE',  ( 1.250000000000082379, 11.77999999999999936, 9.848451654955704626 ) ) ;
#3087 = CARTESIAN_POINT ( 'NONE',  ( -1.248886549066949181, 11.78658014174953905, 9.765465036933466791 ) ) ;
#3088 = CARTESIAN_POINT ( 'NONE',  ( 7.198274917708643805, 6.799999999999998934, 18.40564429643700350 ) ) ;
#3089 = DIRECTION ( 'NONE',  ( 0.000000000000000000, 0.000000000000000000, -1.000000000000000000 ) ) ;
#3090 = DIRECTION ( 'NONE',  ( -1.000000000000000000, 0.000000000000000000, 0.000000000000000000 ) ) ;
#3091 = ORIENTED_EDGE ( 'NONE', *, *, #1484, .T. ) ;
#3092 = CARTESIAN_POINT ( 'NONE',  ( -9.778459715485315229, 10.81957811120963520, 1.839608444420617106 ) ) ;
#3093 = DIRECTION ( 'NONE',  ( 0.000000000000000000, 0.000000000000000000, -1.000000000000000000 ) ) ;
#3094 = CARTESIAN_POINT ( 'NONE',  ( 6.751183836618916523, 11.77999999999999936, -7.165580353619342979 ) ) ;
#3095 = EDGE_LOOP ( 'NONE', ( #6602, #2405, #7955, #3674 ) ) ;
#3096 = FACE_BOUND ( 'NONE', #6792, .T. ) ;
#3097 = CARTESIAN_POINT ( 'NONE',  ( 6.513516654246663151, 6.985958210363779841, 20.43685018341228954 ) ) ;
#3098 = FACE_OUTER_BOUND ( 'NONE', #6315, .T. ) ;
#3099 = DIRECTION ( 'NONE',  ( -0.9510565162951499785, 0.000000000000000000, 0.3090169943749581649 ) ) ;
#3100 = CARTESIAN_POINT ( 'NONE',  ( 4.469530539849012385, 6.033011306411808050, 17.64251566881318922 ) ) ;
#3101 = ORIENTED_EDGE ( 'NONE', *, *, #5796, .T. ) ;
#3102 = ORIENTED_EDGE ( 'NONE', *, *, #6873, .T. ) ;
#3103 = VERTEX_POINT ( 'NONE', #6333 ) ;
#3104 = TOROIDAL_SURFACE ( 'NONE', #6917, 4.604519503718944584, 0.02000000000000000042 ) ;
#3105 = FACE_OUTER_BOUND ( 'NONE', #772, .T. ) ;
#3106 = VERTEX_POINT ( 'NONE', #1144 ) ;
#3107 = CARTESIAN_POINT ( 'NONE',  ( -8.973982539007158366, 11.79999999999999716, 4.251180705356414791 ) ) ;
#3108 = CARTESIAN_POINT ( 'NONE',  ( 6.816226223554575192, 11.77999999999999936, -7.221077486727792483 ) ) ;
#3109 = CARTESIAN_POINT ( 'NONE',  ( -6.034998569554203662, 6.000000000000000000, 17.36439459671891683 ) ) ;
#3110 = CARTESIAN_POINT ( 'NONE',  ( -7.365362674980703517, 7.662927733316766243, 6.653073287689339033 ) ) ;
#3111 = CARTESIAN_POINT ( 'NONE',  ( -1.270000000000081952, 11.79999999999999716, 9.848451654955704626 ) ) ;
#3112 = CARTESIAN_POINT ( 'NONE',  ( 7.195426104207508722, 9.158275788861097055, 6.632740231657551888 ) ) ;
#3113 = EDGE_CURVE ( 'NONE', #885, #5966, #5634, .T. ) ;
#3114 = EDGE_CURVE ( 'NONE', #1963, #4161, #7614, .T. ) ;
#3115 = VERTEX_POINT ( 'NONE', #1845 ) ;
#3116 = CARTESIAN_POINT ( 'NONE',  ( -2.148881772512821975, 11.77999999999999936, -5.050283009462771311 ) ) ;
#3117 = CARTESIAN_POINT ( 'NONE',  ( 7.220545152805438072, 6.000000000000000000, 18.44452050810267707 ) ) ;
#3118 = ORIENTED_EDGE ( 'NONE', *, *, #7759, .T. ) ;
#3119 = CARTESIAN_POINT ( 'NONE',  ( 0.000000000000000000, 9.143764611816989074, 0.000000000000000000 ) ) ;
#3120 = DIRECTION ( 'NONE',  ( 0.000000000000000000, -1.000000000000000000, 0.000000000000000000 ) ) ;
#3121 = CARTESIAN_POINT ( 'NONE',  ( 7.444690196821128758, 6.799999999999999822, 19.90040497395365193 ) ) ;
#3122 = AXIS2_PLACEMENT_3D ( 'NONE', #6488, #305, #5987 ) ;
#3123 = CARTESIAN_POINT ( 'NONE',  ( -6.498925245420168473, 6.999015870261519723, 20.41605893816747397 ) ) ;
#3124 = EDGE_CURVE ( 'NONE', #7929, #5506, #6865, .T. ) ;
#3125 = ADVANCED_FACE ( 'NONE', ( #7781 ), #4668, .T. ) ;
#3126 = CARTESIAN_POINT ( 'NONE',  ( 9.676529431072907528, 10.80039105662954668, 1.813507034474349799 ) ) ;
#3127 = ORIENTED_EDGE ( 'NONE', *, *, #1412, .T. ) ;
#3128 = ORIENTED_EDGE ( 'NONE', *, *, #1076, .T. ) ;
#3129 = CIRCLE ( 'NONE', #7990, 0.02000000000000053124 ) ;
#3130 = CARTESIAN_POINT ( 'NONE',  ( -9.777971374570530116, 10.81731937633739982, 1.841817244817892441 ) ) ;
#3131 = CARTESIAN_POINT ( 'NONE',  ( 0.000000000000000000, 8.444827586206898218, 0.000000000000000000 ) ) ;
#3132 = CARTESIAN_POINT ( 'NONE',  ( 6.424821642706382008, 7.000000000000000000, 23.57836966310849647 ) ) ;
#3133 = CIRCLE ( 'NONE', #6029, 9.930000000000001492 ) ;
#3134 = EDGE_LOOP ( 'NONE', ( #6860, #1185, #529, #3960 ) ) ;
#3135 = AXIS2_PLACEMENT_3D ( 'NONE', #7077, #1304, #116 ) ;
#3136 = CARTESIAN_POINT ( 'NONE',  ( 4.411872446070812970, 7.123429136067808365, 18.62431398453935216 ) ) ;
#3137 = CARTESIAN_POINT ( 'NONE',  ( 5.116067570461749980, 6.800000000000000711, 21.76535597187955418 ) ) ;
#3138 = CARTESIAN_POINT ( 'NONE',  ( -8.193791918384341955, 7.000000000000000000, 19.74976501383081384 ) ) ;
#3139 = LINE ( 'NONE', #2521, #4504 ) ;
#3140 = ADVANCED_FACE ( 'NONE', ( #848 ), #3376, .T. ) ;
#3142 = DIRECTION ( 'NONE',  ( 0.000000000000000000, 0.000000000000000000, -1.000000000000000000 ) ) ;
#3141 = AXIS2_PLACEMENT_3D ( 'NONE', #5819, #3273, #7102 ) ;
#3143 = VERTEX_POINT ( 'NONE', #7736 ) ;
#3144 = FACE_OUTER_BOUND ( 'NONE', #3085, .T. ) ;
#3145 = ORIENTED_EDGE ( 'NONE', *, *, #3568, .F. ) ;
#3146 = ORIENTED_EDGE ( 'NONE', *, *, #3433, .F. ) ;
#3147 = CARTESIAN_POINT ( 'NONE',  ( -0.6570922415819573370, 7.000000000000000000, 22.91389368417637940 ) ) ;
#3148 = ORIENTED_EDGE ( 'NONE', *, *, #3292, .F. ) ;
#3149 = DIRECTION ( 'NONE',  ( 0.000000000000000000, 0.000000000000000000, -1.000000000000000000 ) ) ;
#3150 = AXIS2_PLACEMENT_3D ( 'NONE', #4946, #46, #7539 ) ;
#3151 = FACE_OUTER_BOUND ( 'NONE', #2319, .T. ) ;
#3152 = CARTESIAN_POINT ( 'NONE',  ( -7.488856568799792335, 6.000000000000000000, 19.11885441517247131 ) ) ;
#3153 = FACE_OUTER_BOUND ( 'NONE', #3054, .T. ) ;
#3154 = SPHERICAL_SURFACE ( 'NONE', #7375, 0.02000000000000000042 ) ;
#3155 = CARTESIAN_POINT ( 'NONE',  ( 6.745435776158939412, 9.009897556347036485, 6.995551508879529479 ) ) ;
#3156 = CARTESIAN_POINT ( 'NONE',  ( 2.599999999999963229, 4.100000000000000533, 16.80000000000000071 ) ) ;
#3157 = CARTESIAN_POINT ( 'NONE',  ( 7.530508072113015317, 6.000000000000000000, 19.47210760299726928 ) ) ;
#3158 = EDGE_LOOP ( 'NONE', ( #2137, #1200, #652, #2144 ) ) ;
#3159 = DIRECTION ( 'NONE',  ( -0.9820588696906381587, 0.000000000000000000, -0.1885745912416262604 ) ) ;
#3160 = CARTESIAN_POINT ( 'NONE',  ( 9.001769445372371337, 11.77999999999999936, 4.239179974046939137 ) ) ;
#3161 = EDGE_CURVE ( 'NONE', #7631, #397, #5491, .T. ) ;
#3162 = CARTESIAN_POINT ( 'NONE',  ( 7.100916450226941734, 6.800000000000000711, 18.24768182688766061 ) ) ;
#3163 = CIRCLE ( 'NONE', #403, 0.09999999999999982514 ) ;
#3164 = CARTESIAN_POINT ( 'NONE',  ( 1.269887032745309341, 10.81731937633742113, 9.868556221114342719 ) ) ;
#3165 = CARTESIAN_POINT ( 'NONE',  ( -6.514534028416058220, 6.983064213055408587, 20.44322155877427960 ) ) ;
#3166 = DIRECTION ( 'NONE',  ( -0.000000000000000000, -1.000000000000000000, -0.000000000000000000 ) ) ;
#3167 = ORIENTED_EDGE ( 'NONE', *, *, #755, .T. ) ;
#3168 = ORIENTED_EDGE ( 'NONE', *, *, #7986, .T. ) ;
#3169 = AXIS2_PLACEMENT_3D ( 'NONE', #360, #4639, #2256 ) ;
#3170 = CARTESIAN_POINT ( 'NONE',  ( 5.115184406284740248, 9.543196298175155690, 13.46556118531894874 ) ) ;
#3171 = EDGE_CURVE ( 'NONE', #4787, #2879, #7035, .T. ) ;
#3172 = CARTESIAN_POINT ( 'NONE',  ( 7.451051836458278288, 7.759096554561813797, 6.541219255002930666 ) ) ;
#3173 = ADVANCED_FACE ( 'NONE', ( #3859 ), #6502, .F. ) ;
#3174 = DIRECTION ( 'NONE',  ( -0.9882352941176475447, 0.000000000000000000, 0.1529411764705849996 ) ) ;
#3175 = DIRECTION ( 'NONE',  ( -0.3090169943749447312, 0.000000000000000000, 0.9510565162951545304 ) ) ;
#3176 = ORIENTED_EDGE ( 'NONE', *, *, #1863, .T. ) ;
#3177 = VERTEX_POINT ( 'NONE', #6801 ) ;
#3178 = CARTESIAN_POINT ( 'NONE',  ( -5.521312877482746906, 6.999999999999999112, 20.86726571549235487 ) ) ;
#3179 = ADVANCED_FACE ( 'NONE', ( #3296 ), #5061, .T. ) ;
#3180 = CARTESIAN_POINT ( 'NONE',  ( 6.508934581979421097, 6.992397252521762141, 20.42448371280451980 ) ) ;
#3181 = CARTESIAN_POINT ( 'NONE',  ( -6.816226223554678221, 10.79999999999999893, -7.221077486727693895 ) ) ;
#3182 = LINE ( 'NONE', #5731, #166 ) ;
#3183 = CARTESIAN_POINT ( 'NONE',  ( 4.704710821229572737, 5.592520428141654065, 20.34266418912324070 ) ) ;
#3184 = ORIENTED_EDGE ( 'NONE', *, *, #1190, .F. ) ;
#3185 = FACE_OUTER_BOUND ( 'NONE', #6530, .T. ) ;
#3186 = LINE ( 'NONE', #8121, #4979 ) ;
#3187 = ORIENTED_EDGE ( 'NONE', *, *, #7047, .T. ) ;
#3188 = CARTESIAN_POINT ( 'NONE',  ( -2.939133998076038701, 6.800000000000000711, 19.79958055990334032 ) ) ;
#3189 = CARTESIAN_POINT ( 'NONE',  ( 2.499999999999963585, 4.100000000000000533, 16.71406593262094731 ) ) ;
#3190 = VERTEX_POINT ( 'NONE', #5415 ) ;
#3191 = DIRECTION ( 'NONE',  ( 0.000000000000000000, 1.000000000000000000, 0.000000000000000000 ) ) ;
#3192 = DIRECTION ( 'NONE',  ( 0.8090169943749566661, 0.000000000000000000, 0.5877852522924602585 ) ) ;
#3193 = CARTESIAN_POINT ( 'NONE',  ( -7.005505597428850706, 6.000000000000000000, 18.11662138348714635 ) ) ;
#3194 = DIRECTION ( 'NONE',  ( 0.000000000000000000, 0.000000000000000000, 1.000000000000000000 ) ) ;
#3195 = CARTESIAN_POINT ( 'NONE',  ( 6.775524324476116966, 9.103731412623723429, 7.059443413918427446 ) ) ;
#3196 = B_SPLINE_CURVE_WITH_KNOTS ( 'NONE', 3,
 ( #3252, #5760, #120, #2638, #3902, #6419, #7901, #977, #4559, #3377, #2805, #4643, #5884, #3503, #6583, #6623, #5267, #1478, #2099, #2761, #1516, #5307, #933, #6005, #4065, #3946, #2846, #1600, #4603, #5348, #7200, #362 ),
 .UNSPECIFIED., .F., .F.,
 ( 4, 2, 2, 2, 2, 2, 2, 2, 2, 2, 2, 2, 2, 2, 2, 4 ),
 ( 0.002677524859450552529, 0.002902823755877346947, 0.003128122652304141365, 0.003353421548730936216, 0.003578720445157730634, 0.003804019341584525052, 0.004029318238011319470, 0.004254617134438113887, 0.004479916030864908305, 0.004705214927291702723, 0.004930513823718498008, 0.005155812720145291558, 0.005381111616572085976, 0.005606410512998881261, 0.005831709409425674812, 0.006282307202279266249 ),
 .UNSPECIFIED. ) ;
#3197 = DIRECTION ( 'NONE',  ( 0.000000000000000000, 0.000000000000000000, 1.000000000000000000 ) ) ;
#3198 = VECTOR ( 'NONE', #5321, 1000.000000000000000 ) ;
#3199 = AXIS2_PLACEMENT_3D ( 'NONE', #5615, #7597, #3192 ) ;
#3200 = B_SPLINE_CURVE_WITH_KNOTS ( 'NONE', 3,
 ( #6415, #6460, #5138, #4476, #4600, #4434, #6331, #3856, #24, #3249, #6950, #7119, #6500, #2543, #5800, #3331 ),
 .UNSPECIFIED., .F., .F.,
 ( 4, 3, 3, 3, 3, 4 ),
 ( 0.000000000000000000, 6.675202898540714687E-06, 1.334887914328028283E-05, 2.004671926366040528E-05, 2.679650801738151780E-05, 3.136835858832675178E-05 ),
 .UNSPECIFIED. ) ;
#3201 = CARTESIAN_POINT ( 'NONE',  ( 7.442301759287835772, 6.000000000000000000, 19.90581301123549807 ) ) ;
#3202 = EDGE_LOOP ( 'NONE', ( #1760, #2509, #6926, #683, #5359 ) ) ;
#3203 = CARTESIAN_POINT ( 'NONE',  ( -7.285794671748530682, 6.800000000000003375, 18.56376098193295121 ) ) ;
#3204 = PLANE ( 'NONE',  #7983 ) ;
#3205 = CARTESIAN_POINT ( 'NONE',  ( -7.052832034732567479, 9.099999999999999645, 6.868885301841317848 ) ) ;
#3206 = CARTESIAN_POINT ( 'NONE',  ( 1.250386999874347094, 10.79999999999999893, 9.852750845435711113 ) ) ;
#3207 = TOROIDAL_SURFACE ( 'NONE', #7535, 13.70000000000000107, 0.2000000000000022038 ) ;
#3208 = AXIS2_PLACEMENT_3D ( 'NONE', #3317, #6403, #834 ) ;
#3209 = DIRECTION ( 'NONE',  ( 0.5958301556657751297, 0.000000000000000000, 0.8031104691132461282 ) ) ;
#3210 = CARTESIAN_POINT ( 'NONE',  ( 9.673673548702840463, 10.81715293021752089, 1.828678529662296492 ) ) ;
#3211 = ADVANCED_FACE ( 'NONE', ( #3945 ), #5802, .T. ) ;
#3212 = ORIENTED_EDGE ( 'NONE', *, *, #2310, .F. ) ;
#3213 = ORIENTED_EDGE ( 'NONE', *, *, #7948, .F. ) ;
#3214 = CARTESIAN_POINT ( 'NONE',  ( 4.915866670903086266, 8.505944009775047832, 15.40629495686352612 ) ) ;
#3215 = FACE_OUTER_BOUND ( 'NONE', #4087, .T. ) ;
#3216 = CARTESIAN_POINT ( 'NONE',  ( -1.250000000000081712, 10.81777505168941111, 9.765322575317204823 ) ) ;
#3217 = CARTESIAN_POINT ( 'NONE',  ( -7.417223099929509011, 10.04945879752410853, 6.391401240084828572 ) ) ;
#3218 = ADVANCED_FACE ( 'NONE', ( #7696 ), #6995, .F. ) ;
#3219 = EDGE_CURVE ( 'NONE', #165, #2849, #7044, .T. ) ;
#3220 = ORIENTED_EDGE ( 'NONE', *, *, #5986, .F. ) ;
#3221 = VERTEX_POINT ( 'NONE', #608 ) ;
#3222 = CARTESIAN_POINT ( 'NONE',  ( 5.568461798486543657, 6.692497342972864693, 21.57726467754169164 ) ) ;
#3223 = DIRECTION ( 'NONE',  ( 0.000000000000000000, 0.000000000000000000, 1.000000000000000000 ) ) ;
#3224 = CARTESIAN_POINT ( 'NONE',  ( -8.899825958978029306, 10.80952540632320691, 4.209171284220443177 ) ) ;
#3225 = CARTESIAN_POINT ( 'NONE',  ( 6.264389984882173579, 5.605389988306373361, 20.20527893584335999 ) ) ;
#3226 = CIRCLE ( 'NONE', #7832, 0.02000000000000079492 ) ;
#3227 = AXIS2_PLACEMENT_3D ( 'NONE', #4902, #456, #1114 ) ;
#3228 = EDGE_LOOP ( 'NONE', ( #1108 ) ) ;
#3229 = CARTESIAN_POINT ( 'NONE',  ( 6.816226223554575192, 11.77999999999999936, -7.221077486727792483 ) ) ;
#3230 = EDGE_CURVE ( 'NONE', #3821, #1244, #1901, .T. ) ;
#3231 = CARTESIAN_POINT ( 'NONE',  ( 5.231356120501150286, 6.800000000000000711, 23.44087549234617640 ) ) ;
#3232 = ORIENTED_EDGE ( 'NONE', *, *, #3968, .T. ) ;
#3233 = CARTESIAN_POINT ( 'NONE',  ( -1.999999999999958478, 4.099999999999999645, 22.89999999999999503 ) ) ;
#3234 = AXIS2_PLACEMENT_3D ( 'NONE', #4261, #5627, #1798 ) ;
#3235 = VERTEX_POINT ( 'NONE', #5607 ) ;
#3236 = B_SPLINE_CURVE_WITH_KNOTS ( 'NONE', 3,
 ( #5914, #269, #838, #2793, #3528, #2874, #4132, #1543, #6490, #4053, #5255, #1008, #2915, #3362, #4093, #7269 ),
 .UNSPECIFIED., .F., .F.,
 ( 4, 3, 3, 3, 3, 4 ),
 ( 2.168404344971008868E-19, 6.809599830056767733E-06, 1.362066388327734511E-05, 2.040797263590590093E-05, 2.714308747457570657E-05, 3.136851461184093535E-05 ),
 .UNSPECIFIED. ) ;
#3237 = CARTESIAN_POINT ( 'NONE',  ( -8.909697753756745442, 11.79999999999999716, 4.188234823490922132 ) ) ;
#3238 = DIRECTION ( 'NONE',  ( -0.000000000000000000, -1.000000000000000000, -0.000000000000000000 ) ) ;
#3239 = CARTESIAN_POINT ( 'NONE',  ( -7.461753749538620362, 6.000000000000000000, 19.00926611985798331 ) ) ;
#3240 = FACE_OUTER_BOUND ( 'NONE', #7100, .T. ) ;
#3241 = CARTESIAN_POINT ( 'NONE',  ( 6.703945806990158296, 9.593570868017845754, 7.336118517678700712 ) ) ;
#3242 = AXIS2_PLACEMENT_3D ( 'NONE', #6017, #4078, #2858 ) ;
#3243 = DIRECTION ( 'NONE',  ( 0.000000000000000000, 0.000000000000000000, -1.000000000000000000 ) ) ;
#3244 = CARTESIAN_POINT ( 'NONE',  ( 6.359361108053364298, 6.000000000000000000, 20.96146602261779890 ) ) ;
#3245 = CIRCLE ( 'NONE', #8104, 9.950000000000001066 ) ;
#3246 = ORIENTED_EDGE ( 'NONE', *, *, #3074, .F. ) ;
#3247 = CARTESIAN_POINT ( 'NONE',  ( 2.499999999999963585, -4.348755257721902190, 16.80000000000000071 ) ) ;
#3248 = FACE_OUTER_BOUND ( 'NONE', #7830, .T. ) ;
#3249 = CARTESIAN_POINT ( 'NONE',  ( 8.905094215742515473, 11.79688234426551929, 4.198014055330792083 ) ) ;
#3250 = CARTESIAN_POINT ( 'NONE',  ( 1.253965002667257300, 10.80257653617115388, 9.860404849530223004 ) ) ;
#3251 = CARTESIAN_POINT ( 'NONE',  ( 7.397452463421477553, 9.587797400784262791, 6.496299514575927248 ) ) ;
#3252 = CARTESIAN_POINT ( 'NONE',  ( -7.110841250845967743, 9.196060677739446021, 6.808815000076662294 ) ) ;
#3253 = VERTEX_POINT ( 'NONE', #1125 ) ;
#3254 = ORIENTED_EDGE ( 'NONE', *, *, #2026, .F. ) ;
#3255 = CARTESIAN_POINT ( 'NONE',  ( 5.361897707098305155, 9.763747374330986162, 11.80443405645434574 ) ) ;
#3256 = CARTESIAN_POINT ( 'NONE',  ( 7.699312528771226738, 6.814419997992381184, 6.142215963535562651 ) ) ;
#3257 = LINE ( 'NONE', #2768, #6830 ) ;
#3258 = AXIS2_PLACEMENT_3D ( 'NONE', #2052, #7692, #4433 ) ;
#3259 = AXIS2_PLACEMENT_3D ( 'NONE', #6762, #7885, #8037 ) ;
#3260 = ADVANCED_FACE ( 'NONE', ( #2992 ), #2444, .F. ) ;
#3261 = CARTESIAN_POINT ( 'NONE',  ( -6.841638518657621404, 10.30131976810155692, 6.959060082712214879 ) ) ;
#3262 = VERTEX_POINT ( 'NONE', #3032 ) ;
#3263 = AXIS2_PLACEMENT_3D ( 'NONE', #1413, #1994, #4497 ) ;
#3264 = CARTESIAN_POINT ( 'NONE',  ( 6.181097465769348709, 7.548197806436285795, 19.26675242082944095 ) ) ;
#3265 = CARTESIAN_POINT ( 'NONE',  ( -4.905011019636979164, 8.681125937459267305, 15.50509139071984066 ) ) ;
#3266 = LINE ( 'NONE', #4699, #6119 ) ;
#3267 = ADVANCED_FACE ( 'NONE', ( #3678 ), #3502, .T. ) ;
#3268 = FACE_OUTER_BOUND ( 'NONE', #1582, .T. ) ;
#3269 = AXIS2_PLACEMENT_3D ( 'NONE', #5915, #2749, #1469 ) ;
#3270 = CARTESIAN_POINT ( 'NONE',  ( 6.653581644349985780, 5.794751364237837876, 18.02279786433280862 ) ) ;
#3271 = EDGE_LOOP ( 'NONE', ( #5980, #6355, #1669, #7999 ) ) ;
#3272 = FACE_OUTER_BOUND ( 'NONE', #3286, .T. ) ;
#3273 = DIRECTION ( 'NONE',  ( -0.000000000000000000, -1.000000000000000000, -0.000000000000000000 ) ) ;
#3274 = AXIS2_PLACEMENT_3D ( 'NONE', #6265, #3875, #5566 ) ;
#3275 = CIRCLE ( 'NONE', #2350, 1.229999999999970894 ) ;
#3276 = ORIENTED_EDGE ( 'NONE', *, *, #4525, .T. ) ;
#3277 = CARTESIAN_POINT ( 'NONE',  ( -6.764197283598034183, 10.79999999999999893, -7.153297510024745343 ) ) ;
#3278 = ORIENTED_EDGE ( 'NONE', *, *, #2732, .F. ) ;
#3279 = FACE_OUTER_BOUND ( 'NONE', #5024, .T. ) ;
#3280 = CARTESIAN_POINT ( 'NONE',  ( -2.399999999999961275, 5.899999999999999467, -1.881075265488234943E-15 ) ) ;
#3281 = EDGE_CURVE ( 'NONE', #5367, #1414, #4801, .T. ) ;
#3282 = CARTESIAN_POINT ( 'NONE',  ( -5.922624501919009354, 6.000000000000000000, 17.32670257948852921 ) ) ;
#3283 = CIRCLE ( 'NONE', #1299, 0.1999999999999987899 ) ;
#3284 = EDGE_CURVE ( 'NONE', #2945, #3821, #4007, .T. ) ;
#3285 = CARTESIAN_POINT ( 'NONE',  ( 6.568472901500372885, 9.564250431889512072, 7.360914227273771537 ) ) ;
#3286 = EDGE_LOOP ( 'NONE', ( #1722 ) ) ;
#3287 = LINE ( 'NONE', #7603, #3779 ) ;
#3288 = CIRCLE ( 'NONE', #8015, 0.01999999999999918510 ) ;
#3289 = CARTESIAN_POINT ( 'NONE',  ( 5.090280396544186736, 6.000000000000000000, 17.33513693648085052 ) ) ;
#3290 = VERTEX_POINT ( 'NONE', #1783 ) ;
#3291 = CARTESIAN_POINT ( 'NONE',  ( -6.123838073808721028, 6.800000000000000711, 17.39996615093048860 ) ) ;
#3292 = EDGE_CURVE ( 'NONE', #5974, #5349, #5853, .T. ) ;
#3293 = LINE ( 'NONE', #152, #878 ) ;
#3294 = CARTESIAN_POINT ( 'NONE',  ( -2.399999999999959499, 5.899999999999999467, 16.80000000000000071 ) ) ;
#3295 = DIRECTION ( 'NONE',  ( 0.000000000000000000, 1.000000000000000000, 0.000000000000000000 ) ) ;
#3296 = FACE_OUTER_BOUND ( 'NONE', #6654, .T. ) ;
#3297 = DIRECTION ( 'NONE',  ( 1.297293286543607101E-16, 0.000000000000000000, 1.000000000000000000 ) ) ;
#3298 = CARTESIAN_POINT ( 'NONE',  ( 0.000000000000000000, 0.2000000000000000111, 0.000000000000000000 ) ) ;
#3299 = ORIENTED_EDGE ( 'NONE', *, *, #4626, .T. ) ;
#3300 = CARTESIAN_POINT ( 'NONE',  ( 5.169037455267297965, 7.339590623792748403, 17.81354984643425610 ) ) ;
#3301 = CARTESIAN_POINT ( 'NONE',  ( 7.010374126334322220, 8.379865734464024385, 6.913347294335077109 ) ) ;
#3302 = EDGE_CURVE ( 'NONE', #2352, #2189, #3359, .T. ) ;
#3303 = CARTESIAN_POINT ( 'NONE',  ( -1.263280433880727305, 10.80103081172615909, 9.763613693198958998 ) ) ;
#3304 = CARTESIAN_POINT ( 'NONE',  ( -6.943071066330673169, 10.34622253542503323, 6.814261445850562815 ) ) ;
#3305 = ORIENTED_EDGE ( 'NONE', *, *, #2218, .F. ) ;
#3306 = CARTESIAN_POINT ( 'NONE',  ( 4.483761760867094104, 7.284167388675640176, 19.51470263074018163 ) ) ;
#3307 = CARTESIAN_POINT ( 'NONE',  ( -7.069671557728274713, 9.900000000000000355, 6.827102464871014575 ) ) ;
#3308 = FACE_BOUND ( 'NONE', #1128, .T. ) ;
#3309 = DIRECTION ( 'NONE',  ( -0.000000000000000000, -1.000000000000000000, -0.000000000000000000 ) ) ;
#3310 = CARTESIAN_POINT ( 'NONE',  ( 6.214121273810595092, 6.059312632707773538, 21.19543838641291700 ) ) ;
#3311 = ORIENTED_EDGE ( 'NONE', *, *, #2673, .T. ) ;
#3312 = DIRECTION ( 'NONE',  ( 1.000000000000000000, 0.000000000000000000, -0.000000000000000000 ) ) ;
#3313 = CARTESIAN_POINT ( 'NONE',  ( -5.309596136519068033, 7.335973941154739997, 18.80555947608380052 ) ) ;
#3314 = EDGE_LOOP ( 'NONE', ( #4562, #3778, #4351, #1410, #619 ) ) ;
#3315 = CARTESIAN_POINT ( 'NONE',  ( 7.110841250845967743, 8.599999999999999645, 6.808815000076661406 ) ) ;
#3316 = ORIENTED_EDGE ( 'NONE', *, *, #1062, .F. ) ;
#3317 = CARTESIAN_POINT ( 'NONE',  ( -2.649999999999997691, 6.000000000000000000, 7.192339743785780115 ) ) ;
#3318 = CARTESIAN_POINT ( 'NONE',  ( 3.995762581258110124, 5.804459622164390709, 19.07056458391690512 ) ) ;
#3319 = CARTESIAN_POINT ( 'NONE',  ( -6.503121416986424208, 6.000000000000000000, 20.86441470515548602 ) ) ;
#3320 = CARTESIAN_POINT ( 'NONE',  ( -5.360481247813162931, 6.186948090971708503, 21.79329456885122340 ) ) ;
#3321 = CARTESIAN_POINT ( 'NONE',  ( 7.023879796546584231, 9.619227415455615215, 7.235877966058366084 ) ) ;
#3322 = VERTEX_POINT ( 'NONE', #5568 ) ;
#3323 = LINE ( 'NONE', #882, #1946 ) ;
#3324 = EDGE_CURVE ( 'NONE', #215, #4549, #6112, .T. ) ;
#3325 = CIRCLE ( 'NONE', #815, 0.01999999999999966388 ) ;
#3326 = ADVANCED_FACE ( 'NONE', ( #7464 ), #295, .F. ) ;
#3327 = CARTESIAN_POINT ( 'NONE',  ( 6.193558389118469343, 6.000000000000000000, 17.43128710368499767 ) ) ;
#3328 = ORIENTED_EDGE ( 'NONE', *, *, #5033, .T. ) ;
#3329 = DIRECTION ( 'NONE',  ( 0.000000000000000000, 0.000000000000000000, 1.000000000000000000 ) ) ;
#3330 = CARTESIAN_POINT ( 'NONE',  ( 5.197952778309312905, 7.220156642179024864, 18.40402302126245360 ) ) ;
#3331 = CARTESIAN_POINT ( 'NONE',  ( 8.909697753756802285, 11.79999999999999716, 4.188234823490795122 ) ) ;
#3332 = FACE_OUTER_BOUND ( 'NONE', #486, .T. ) ;
#3333 = CARTESIAN_POINT ( 'NONE',  ( 6.942014890336170474, 10.19258941376898697, 6.981258913757180551 ) ) ;
#3334 = CIRCLE ( 'NONE', #2145, 0.02000000000000006634 ) ;
#3335 = CARTESIAN_POINT ( 'NONE',  ( 1.250000000000082379, 11.77999999999999936, 9.013739512544159282 ) ) ;
#3336 = ADVANCED_FACE ( 'NONE', ( #1823, #2330 ), #2289, .F. ) ;
#3337 = DIRECTION ( 'NONE',  ( 0.000000000000000000, 1.000000000000000000, 0.000000000000000000 ) ) ;
#3338 = ORIENTED_EDGE ( 'NONE', *, *, #6433, .T. ) ;
#3339 = AXIS2_PLACEMENT_3D ( 'NONE', #5001, #708, #2531 ) ;
#3340 = AXIS2_PLACEMENT_3D ( 'NONE', #4793, #4168, #463 ) ;
#3341 = CARTESIAN_POINT ( 'NONE',  ( 5.373797409041640272, 9.365706680185139632, 11.76086855755325011 ) ) ;
#3342 = CARTESIAN_POINT ( 'NONE',  ( 8.232276285542896588, 6.382106980101955429, 5.387026251490114603 ) ) ;
#3343 = CYLINDRICAL_SURFACE ( 'NONE', #5115, 0.9999999999999998890 ) ;
#3344 = CARTESIAN_POINT ( 'NONE',  ( -7.350057682819127969, 9.484574040529443195, 6.642858789428034427 ) ) ;
#3345 = AXIS2_PLACEMENT_3D ( 'NONE', #1910, #7429, #4418 ) ;
#3346 = ORIENTED_EDGE ( 'NONE', *, *, #444, .T. ) ;
#3347 = CARTESIAN_POINT ( 'NONE',  ( 0.000000000000000000, 8.306979899340500850, 0.000000000000000000 ) ) ;
#3348 = CARTESIAN_POINT ( 'NONE',  ( -6.470032044703383889, 9.900000019955603747, 7.448047429053938906 ) ) ;
#3349 = DIRECTION ( 'NONE',  ( 0.000000000000000000, 1.000000000000000000, 0.000000000000000000 ) ) ;
#3350 = CARTESIAN_POINT ( 'NONE',  ( -6.985847202993150873, 9.669465720706380552, 7.237109394026026266 ) ) ;
#3351 = DIRECTION ( 'NONE',  ( 0.000000000000000000, -0.000000000000000000, -1.000000000000000000 ) ) ;
#3352 = ORIENTED_EDGE ( 'NONE', *, *, #7646, .F. ) ;
#3353 = CARTESIAN_POINT ( 'NONE',  ( -1.999999999999958478, 5.899999999999999467, 23.29999999999999716 ) ) ;
#3354 = FACE_OUTER_BOUND ( 'NONE', #7680, .T. ) ;
#3355 = ORIENTED_EDGE ( 'NONE', *, *, #2420, .F. ) ;
#3356 = CARTESIAN_POINT ( 'NONE',  ( -4.777503397729691237, 15.12603551251024570, -8.702296322504841086 ) ) ;
#3357 = CARTESIAN_POINT ( 'NONE',  ( -9.673644911948287017, 10.79999999999999893, 1.828829985957432847 ) ) ;
#3358 = CARTESIAN_POINT ( 'NONE',  ( -7.076450331573938435, 6.000000000000000000, 20.40061995259653926 ) ) ;
#3359 = CIRCLE ( 'NONE', #7957, 0.1999999999999987899 ) ;
#3360 = CARTESIAN_POINT ( 'NONE',  ( -5.366960262365592982, 5.227372635125849598, 18.92389730232827461 ) ) ;
#3361 = AXIS2_PLACEMENT_3D ( 'NONE', #4347, #5513, #6212 ) ;
#3362 = CARTESIAN_POINT ( 'NONE',  ( 1.249846832043207678, 11.78284961658114582, 9.765342184914723944 ) ) ;
#3363 = EDGE_CURVE ( 'NONE', #6724, #6724, #1612, .T. ) ;
#3364 = FACE_OUTER_BOUND ( 'NONE', #7678, .T. ) ;
#3365 = EDGE_LOOP ( 'NONE', ( #6100, #6357, #4954, #1471 ) ) ;
#3366 = CIRCLE ( 'NONE', #7320, 1.201359479792052376 ) ;
#3367 = CARTESIAN_POINT ( 'NONE',  ( 5.209603222581924875, 6.000000000000000000, 17.29934816859800861 ) ) ;
#3368 = ORIENTED_EDGE ( 'NONE', *, *, #1498, .T. ) ;
#3369 = CARTESIAN_POINT ( 'NONE',  ( -4.821437255935534516, 6.800000000000000711, 17.43745398609055997 ) ) ;
#3370 = CARTESIAN_POINT ( 'NONE',  ( 5.339100680099614138, 7.329272197479342665, 18.76061788083266180 ) ) ;
#3371 = CIRCLE ( 'NONE', #68, 0.02000000000000005246 ) ;
#3372 = CARTESIAN_POINT ( 'NONE',  ( -7.113308241454178393, 8.506337453288335126, 6.928781919289829894 ) ) ;
#3373 = FACE_OUTER_BOUND ( 'NONE', #2386, .T. ) ;
#3374 = EDGE_CURVE ( 'NONE', #2849, #3605, #6, .T. ) ;
#3375 = EDGE_CURVE ( 'NONE', #2435, #8154, #5815, .T. ) ;
#3376 = CYLINDRICAL_SURFACE ( 'NONE', #5458, 0.02000000000000005246 ) ;
#3377 = CARTESIAN_POINT ( 'NONE',  ( -7.396332081302389838, 9.961875314725986641, 6.497578607598028633 ) ) ;
#3378 = VECTOR ( 'NONE', #6144, 1000.000000000000000 ) ;
#3379 = CARTESIAN_POINT ( 'NONE',  ( 7.129381902956230199, 8.325363950864256068, 6.892432941109321476 ) ) ;
#3380 = ORIENTED_EDGE ( 'NONE', *, *, #2782, .T. ) ;
#3381 = DIRECTION ( 'NONE',  ( 1.000000000000000000, 0.000000000000000000, -8.673617379884012753E-14 ) ) ;
#3382 = CARTESIAN_POINT ( 'NONE',  ( 5.945205517818272334, 9.543372056611749699, 8.769363571294524817 ) ) ;
#3383 = CARTESIAN_POINT ( 'NONE',  ( 8.459699150651101007, 6.208584552354591501, 5.218745059510665030 ) ) ;
#3384 = DIRECTION ( 'NONE',  ( 1.000000000000000000, 0.000000000000000000, 0.000000000000000000 ) ) ;
#3385 = CIRCLE ( 'NONE', #4821, 9.950000000000001066 ) ;
#3386 = ADVANCED_FACE ( 'NONE', ( #5072 ), #7586, .T. ) ;
#3387 = EDGE_CURVE ( 'NONE', #5983, #5983, #7797, .T. ) ;
#3388 = CARTESIAN_POINT ( 'NONE',  ( -7.331121580650472147, 9.390772102504255869, 6.590026632659103711 ) ) ;
#3389 = VERTEX_POINT ( 'NONE', #7798 ) ;
#3390 = DIRECTION ( 'NONE',  ( 0.5958301556657751297, 0.000000000000000000, -0.8031104691132462392 ) ) ;
#3391 = CIRCLE ( 'NONE', #5967, 0.02000000000000019124 ) ;
#3392 = AXIS2_PLACEMENT_3D ( 'NONE', #3147, #3715, #6890 ) ;
#3393 = LINE ( 'NONE', #4654, #1923 ) ;
#3394 = CARTESIAN_POINT ( 'NONE',  ( -4.926113834077239240, 9.340757905408354489, 13.40421691047430564 ) ) ;
#3395 = CARTESIAN_POINT ( 'NONE',  ( -3.969846734711237168, 6.729816199193649595, 17.99314068055699067 ) ) ;
#3396 = DIRECTION ( 'NONE',  ( -0.000000000000000000, -1.000000000000000000, -0.000000000000000000 ) ) ;
#3397 = FACE_OUTER_BOUND ( 'NONE', #2823, .T. ) ;
#3398 = CARTESIAN_POINT ( 'NONE',  ( 0.000000000000000000, 8.439764705882355500, 0.000000000000000000 ) ) ;
#3399 = ORIENTED_EDGE ( 'NONE', *, *, #5621, .F. ) ;
#3400 = B_SPLINE_CURVE_WITH_KNOTS ( 'NONE', 3,
 ( #6588, #1643, #244, #4147, #6155, #2412, #3466, #7787, #5969, #7866, #5659, #6201, #8088, #3843, #7552, #3076, #6936, #3685, #2573, #1334, #1833, #1208, #6979, #1911, #1871, #58, #544, #5080, #1290, #5041 ),
 .UNSPECIFIED., .F., .F.,
 ( 4, 2, 2, 2, 2, 2, 2, 2, 2, 2, 2, 2, 2, 2, 4 ),
 ( 1.179196385921675077E-15, 8.089940667332386724E-05, 0.0001617988133454685562, 0.0003235976266897578799, 0.0004853964400340472578, 0.0005662958467061961210, 0.0006067455500422700918, 0.0006471952533783440625, 0.0006876449567144181417, 0.0007280946600504921125, 0.0008089940667226475351, 0.0009707928800669589223, 0.001132591693411270310, 0.001213491100083425190, 0.001294390506755580287 ),
 .UNSPECIFIED. ) ;
#3401 = AXIS2_PLACEMENT_3D ( 'NONE', #4229, #6752, #1106 ) ;
#3402 = PLANE ( 'NONE',  #8008 ) ;
#3403 = ORIENTED_EDGE ( 'NONE', *, *, #7995, .T. ) ;
#3404 = CARTESIAN_POINT ( 'NONE',  ( -6.762524066514684407, 10.80039105662954668, -7.154879303266952206 ) ) ;
#3405 = CARTESIAN_POINT ( 'NONE',  ( 7.052832034732567479, 9.099999999999999645, 6.868885301841317848 ) ) ;
#3406 = DIRECTION ( 'NONE',  ( -0.000000000000000000, -1.000000000000000000, -0.000000000000000000 ) ) ;
#3407 = VECTOR ( 'NONE', #3690, 1000.000000000000000 ) ;
#3408 = CARTESIAN_POINT ( 'NONE',  ( -7.382097807902871622, 6.000000000000000000, 20.05215882117805748 ) ) ;
#3409 = EDGE_CURVE ( 'NONE', #5244, #5537, #7559, .T. ) ;
#3410 = CARTESIAN_POINT ( 'NONE',  ( -3.772677368105287865, 6.061192143796254150, 20.04047086479153350 ) ) ;
#3411 = CARTESIAN_POINT ( 'NONE',  ( 4.729463301002176934, 11.78643072530283753, -8.634593338094157744 ) ) ;
#3412 = AXIS2_PLACEMENT_3D ( 'NONE', #2588, #5756, #765 ) ;
#3413 = DIRECTION ( 'NONE',  ( 0.000000000000000000, 1.000000000000000000, 0.000000000000000000 ) ) ;
#3414 = AXIS2_PLACEMENT_3D ( 'NONE', #1953, #6851, #1204 ) ;
#3415 = ADVANCED_BREP_SHAPE_REPRESENTATION ( 'TEAX19C01-8 Space Model', ( #2261, #364 ), #7333 ) ;
#3416 = CARTESIAN_POINT ( 'NONE',  ( 6.353122296828491500, 6.000000000000000000, 17.51595490693198087 ) ) ;
#3417 = ORIENTED_EDGE ( 'NONE', *, *, #7199, .T. ) ;
#3418 = CARTESIAN_POINT ( 'NONE',  ( -4.068515215243209582, 6.800000000000002487, 18.08402218796051741 ) ) ;
#3419 = AXIS2_PLACEMENT_3D ( 'NONE', #745, #4000, #5864 ) ;
#3420 = CARTESIAN_POINT ( 'NONE',  ( -4.397908875388039540, 6.000000000000000000, 20.82221313215167768 ) ) ;
#3421 = CYLINDRICAL_SURFACE ( 'NONE', #626, 0.01999999999999963612 ) ;
#3422 = CARTESIAN_POINT ( 'NONE',  ( 6.492818480884917420, 7.000000000000000000, 20.41860352370483866 ) ) ;
#3423 = CARTESIAN_POINT ( 'NONE',  ( 6.760923477614018573, 10.80103081172616086, -7.156391795765213004 ) ) ;
#3424 = AXIS2_PLACEMENT_3D ( 'NONE', #4988, #7460, #5530 ) ;
#3425 = CARTESIAN_POINT ( 'NONE',  ( 7.088302928546597492, 8.355175127719505213, 6.873568150745598793 ) ) ;
#3426 = ORIENTED_EDGE ( 'NONE', *, *, #5228, .F. ) ;
#3427 = EDGE_CURVE ( 'NONE', #7606, #3940, #543, .T. ) ;
#3428 = CARTESIAN_POINT ( 'NONE',  ( 4.986494766183310112, 8.110467365123021466, 16.00443463234032038 ) ) ;
#3429 = CARTESIAN_POINT ( 'NONE',  ( 7.232831945748592339, 8.599999999999999645, 6.928781967098553096 ) ) ;
#3430 = CARTESIAN_POINT ( 'NONE',  ( 4.065052778090532115, 6.999021401763770633, 19.43566080574123944 ) ) ;
#3431 = CARTESIAN_POINT ( 'NONE',  ( -7.150726830652046395, 9.711389338361405166, 7.138166150058314230 ) ) ;
#3432 = ORIENTED_EDGE ( 'NONE', *, *, #4079, .T. ) ;
#3433 = EDGE_CURVE ( 'NONE', #1787, #4352, #7135, .T. ) ;
#3434 = EDGE_CURVE ( 'NONE', #4549, #2945, #7714, .T. ) ;
#3435 = FACE_OUTER_BOUND ( 'NONE', #3769, .T. ) ;
#3436 = CARTESIAN_POINT ( 'NONE',  ( -5.093161920235430351, 7.631476593558754296, 16.95564622647616559 ) ) ;
#3437 = CYLINDRICAL_SURFACE ( 'NONE', #2612, 9.950000000000001066 ) ;
#3438 = FACE_OUTER_BOUND ( 'NONE', #5710, .T. ) ;
#3439 = CIRCLE ( 'NONE', #4607, 0.04000000000000010492 ) ;
#3440 = DIRECTION ( 'NONE',  ( -0.9510565162951658547, 0.000000000000000000, -0.3090169943749094816 ) ) ;
#3441 = CARTESIAN_POINT ( 'NONE',  ( 2.399999999999964384, 6.000000000000000000, 22.89999999999999503 ) ) ;
#3442 = ORIENTED_EDGE ( 'NONE', *, *, #451, .T. ) ;
#3443 = CARTESIAN_POINT ( 'NONE',  ( 2.313032830975961573, 6.600000000000000533, 19.64958055990333463 ) ) ;
#3444 = EDGE_LOOP ( 'NONE', ( #4114 ) ) ;
#3445 = FACE_OUTER_BOUND ( 'NONE', #4818, .T. ) ;
#3446 = EDGE_CURVE ( 'NONE', #662, #3513, #4357, .T. ) ;
#3447 = CARTESIAN_POINT ( 'NONE',  ( -5.130294372515036727, 5.800000000000000711, 19.67441691220900779 ) ) ;
#3448 = DIRECTION ( 'NONE',  ( 0.8090169943749507819, -0.000000000000000000, 0.5877852522924685852 ) ) ;
#3449 = PLANE ( 'NONE',  #3122 ) ;
#3450 = CARTESIAN_POINT ( 'NONE',  ( -4.048940394645992313, 5.753975867819135281, 18.89203380939522248 ) ) ;
#3451 = CARTESIAN_POINT ( 'NONE',  ( 4.728776792393737161, 11.78284961658114227, -8.634969318982083308 ) ) ;
#3452 = ORIENTED_EDGE ( 'NONE', *, *, #5482, .T. ) ;
#3453 = CARTESIAN_POINT ( 'NONE',  ( -4.728641350681531463, 11.77999999999999936, -8.635043484350543253 ) ) ;
#3454 = ORIENTED_EDGE ( 'NONE', *, *, #1965, .T. ) ;
#3455 = CARTESIAN_POINT ( 'NONE',  ( 6.404304868919229676, 6.000000000000000000, 17.54864598761001560 ) ) ;
#3456 = CARTESIAN_POINT ( 'NONE',  ( -3.531915035924288571, 6.800000000000001599, 18.70069151685482112 ) ) ;
#3457 = CARTESIAN_POINT ( 'NONE',  ( -4.147639864260211695, 6.000000000000000000, 20.50423511840773827 ) ) ;
#3458 = FACE_OUTER_BOUND ( 'NONE', #3987, .T. ) ;
#3459 = DIRECTION ( 'NONE',  ( -0.000000000000000000, -1.000000000000000000, -0.000000000000000000 ) ) ;
#3460 = CARTESIAN_POINT ( 'NONE',  ( 6.765847160977547681, 10.79999999999999893, -7.151736655826486100 ) ) ;
#3462 = EDGE_LOOP ( 'NONE', ( #7015, #5300 ) ) ;
#3461 = DIRECTION ( 'NONE',  ( 0.000000000000000000, -1.000000000000000000, 0.000000000000000000 ) ) ;
#3463 = CARTESIAN_POINT ( 'NONE',  ( 7.180253564557776080, 8.307332170343631361, 6.880538182362366584 ) ) ;
#3464 = ORIENTED_EDGE ( 'NONE', *, *, #4073, .T. ) ;
#3465 = DIRECTION ( 'NONE',  ( 8.673617379884296743E-14, 0.000000000000000000, 1.000000000000000000 ) ) ;
#3466 = CARTESIAN_POINT ( 'NONE',  ( -5.391936030948487613, 7.282376732710715395, 18.55731985398753991 ) ) ;
#3467 = CARTESIAN_POINT ( 'NONE',  ( 7.365362674980703517, 7.662927733316766243, 6.653073287689339033 ) ) ;
#3468 = DIRECTION ( 'NONE',  ( 0.5958301556657751297, 0.000000000000000000, -0.8031104691132462392 ) ) ;
#3469 = AXIS2_PLACEMENT_3D ( 'NONE', #2360, #6099, #7297 ) ;
#3470 = CARTESIAN_POINT ( 'NONE',  ( -6.547959920531661204, 9.045214697761934985, 7.152055658765642754 ) ) ;
#3471 = ADVANCED_FACE ( 'NONE', ( #827 ), #214, .F. ) ;
#3472 = ORIENTED_EDGE ( 'NONE', *, *, #4769, .T. ) ;
#3473 = TOROIDAL_SURFACE ( 'NONE', #4374, 10.98000000000000220, 0.02000000000000000042 ) ;
#3474 = VERTEX_POINT ( 'NONE', #7098 ) ;
#3475 = CARTESIAN_POINT ( 'NONE',  ( -3.781316359474293787, 5.800000000000000711, 18.50366573440388507 ) ) ;
#3476 = CARTESIAN_POINT ( 'NONE',  ( -7.213539517796005107, 9.700000000000001066, 6.966034138962814204 ) ) ;
#3477 = CARTESIAN_POINT ( 'NONE',  ( -2.939133998076038701, 6.600000000000000533, 20.22958055990334003 ) ) ;
#3478 = FACE_OUTER_BOUND ( 'NONE', #6367, .T. ) ;
#3479 = CARTESIAN_POINT ( 'NONE',  ( -6.679875137346327207, 9.668512445436872937, 7.340552051652442955 ) ) ;
#3480 = VECTOR ( 'NONE', #4337, 1000.000000000000000 ) ;
#3481 = ADVANCED_FACE ( 'NONE', ( #4041 ), #1207, .T. ) ;
#3482 = VERTEX_POINT ( 'NONE', #3441 ) ;
#3483 = VERTEX_POINT ( 'NONE', #2115 ) ;
#3484 = VERTEX_POINT ( 'NONE', #2866 ) ;
#3485 = FACE_OUTER_BOUND ( 'NONE', #2361, .T. ) ;
#3486 = DIRECTION ( 'NONE',  ( -0.000000000000000000, -1.000000000000000000, -0.000000000000000000 ) ) ;
#3487 = CARTESIAN_POINT ( 'NONE',  ( -6.376855411983356703, 6.000000000000000000, 20.94993528974181629 ) ) ;
#3488 = CARTESIAN_POINT ( 'NONE',  ( -6.910905920746865050, 5.965914733097093858, 17.84257797673371826 ) ) ;
#3489 = EDGE_CURVE ( 'NONE', #2888, #7426, #3825, .T. ) ;
#3490 = DIRECTION ( 'NONE',  ( -0.000000000000000000, 0.000000000000000000, 1.000000000000000000 ) ) ;
#3491 = B_SPLINE_CURVE_WITH_KNOTS ( 'NONE', 3,
 ( #4346, #3731, #6084, #2967, #2387, #2424, #1139, #592, #7441, #441, #5468, #479, #2345, #1218, #7406, #3582 ),
 .UNSPECIFIED., .F., .F.,
 ( 4, 3, 3, 3, 3, 4 ),
 ( 0.000000000000000000, 6.674844931763174634E-06, 1.334819580725194157E-05, 2.004522600748614858E-05, 2.679446686807750050E-05, 3.137313318925651838E-05 ),
 .UNSPECIFIED. ) ;
#3492 = VERTEX_POINT ( 'NONE', #2780 ) ;
#3493 = CARTESIAN_POINT ( 'NONE',  ( 0.000000000000000000, 8.300000000000002487, 0.000000000000000000 ) ) ;
#3494 = EDGE_LOOP ( 'NONE', ( #6234, #5833, #2963, #1381 ) ) ;
#3495 = PLANE ( 'NONE',  #2810 ) ;
#3496 = CARTESIAN_POINT ( 'NONE',  ( 0.000000000000000000, 0.000000000000000000, 0.000000000000000000 ) ) ;
#3497 = CARTESIAN_POINT ( 'NONE',  ( -3.950615745221396136, 6.000000000000000000, 20.19666500412890286 ) ) ;
#3498 = LINE ( 'NONE', #5920, #4849 ) ;
#3499 = CARTESIAN_POINT ( 'NONE',  ( 4.532105434782654818, 5.840640456292699234, 20.48005400179544822 ) ) ;
#3500 = B_SPLINE_CURVE_WITH_KNOTS ( 'NONE', 3,
 ( #1719, #5507, #6742, #6120, #7281, #2927, #1678, #2384, #4926, #4185, #6704, #4887, #7401, #1758, #7438, #4510 ),
 .UNSPECIFIED., .F., .F.,
 ( 4, 3, 3, 3, 3, 4 ),
 ( 2.602085213965210642E-18, 9.073424180230431360E-06, 1.830079229409440052E-05, 2.510286269691272800E-05, 3.187122239749884791E-05, 4.396224144956090325E-05 ),
 .UNSPECIFIED. ) ;
#3501 = CYLINDRICAL_SURFACE ( 'NONE', #4802, 0.01999999999999918510 ) ;
#3502 = TOROIDAL_SURFACE ( 'NONE', #8087, 1.201359479792052820, 0.02000000000000000042 ) ;
#3504 = ORIENTED_EDGE ( 'NONE', *, *, #5474, .T. ) ;
#3503 = CARTESIAN_POINT ( 'NONE',  ( -7.150029725477479836, 10.19161940170748615, 6.768053956027900497 ) ) ;
#3505 = CARTESIAN_POINT ( 'NONE',  ( -9.671148637125650538, 11.79897052568867366, 1.841986385481450661 ) ) ;
#3506 = ORIENTED_EDGE ( 'NONE', *, *, #6038, .T. ) ;
#3507 = CIRCLE ( 'NONE', #4146, 0.02000000000000079492 ) ;
#3508 = CARTESIAN_POINT ( 'NONE',  ( -1.250000000000082379, 11.77999999999999936, 9.871170143402443031 ) ) ;
#3509 = CARTESIAN_POINT ( 'NONE',  ( 7.603841656361407964, 7.445697789185807380, 6.496318703565822972 ) ) ;
#3510 = DIRECTION ( 'NONE',  ( 0.9820588696906379367, 0.000000000000000000, -0.1885745912416265935 ) ) ;
#3511 = CARTESIAN_POINT ( 'NONE',  ( -6.775524324476116966, 9.103731412623723429, 7.059443413918427446 ) ) ;
#3512 = VECTOR ( 'NONE', #4613, 1000.000000000000000 ) ;
#3513 = VERTEX_POINT ( 'NONE', #5322 ) ;
#3514 = VERTEX_POINT ( 'NONE', #5284 ) ;
#3515 = CARTESIAN_POINT ( 'NONE',  ( -9.778541063641494446, 10.81999999999999851, 1.839194026381413716 ) ) ;
#3516 = AXIS2_PLACEMENT_3D ( 'NONE', #4795, #3490, #4630 ) ;
#3517 = CARTESIAN_POINT ( 'NONE',  ( -5.183776904261877760, 7.145672556172161904, 17.76611789647398254 ) ) ;
#3518 = CARTESIAN_POINT ( 'NONE',  ( -4.910768142738130670, 7.153731212751321067, 18.27492543495683464 ) ) ;
#3519 = CARTESIAN_POINT ( 'NONE',  ( 6.816226223554575192, 10.81999999999999851, -7.221077486727792483 ) ) ;
#3520 = CARTESIAN_POINT ( 'NONE',  ( 9.673470794035475606, 11.78643072530284641, 1.829750810009135531 ) ) ;
#3521 = EDGE_LOOP ( 'NONE', ( #6912, #1351, #3579, #2303 ) ) ;
#3522 = ORIENTED_EDGE ( 'NONE', *, *, #3865, .F. ) ;
#3523 = VERTEX_POINT ( 'NONE', #4088 ) ;
#3524 = DIRECTION ( 'NONE',  ( 0.9917876792503225181, 0.000000000000000000, -0.1278952668680894411 ) ) ;
#3525 = DIRECTION ( 'NONE',  ( -0.9510565162951544194, 0.000000000000000000, -0.3090169943749446757 ) ) ;
#3526 = DIRECTION ( 'NONE',  ( -0.000000000000000000, -1.000000000000000000, -0.000000000000000000 ) ) ;
#3527 = DIRECTION ( 'NONE',  ( 0.000000000000000000, 1.000000000000000000, 0.000000000000000000 ) ) ;
#3528 = CARTESIAN_POINT ( 'NONE',  ( 1.238785806900115194, 11.79810775233106490, 9.766751727910753189 ) ) ;
#3529 = CARTESIAN_POINT ( 'NONE',  ( 6.520862520490380732, 9.728708299005038640, 7.375808328345863529 ) ) ;
#3530 = ORIENTED_EDGE ( 'NONE', *, *, #2603, .T. ) ;
#3531 = DIRECTION ( 'NONE',  ( -1.776356839400250465E-15, 0.000000000000000000, 1.000000000000000000 ) ) ;
#3532 = ORIENTED_EDGE ( 'NONE', *, *, #1462, .F. ) ;
#3533 = CIRCLE ( 'NONE', #614, 0.02000000000000014613 ) ;
#3534 = DIRECTION ( 'NONE',  ( -1.000000000000000000, 0.000000000000000000, 0.000000000000000000 ) ) ;
#3535 = ADVANCED_FACE ( 'NONE', ( #3215 ), #2993, .F. ) ;
#3536 = CARTESIAN_POINT ( 'NONE',  ( -3.890545767730766880, 6.000000000000000000, 18.24301573845666624 ) ) ;
#3537 = CARTESIAN_POINT ( 'NONE',  ( -7.699312528771226738, 6.814419997992381184, 6.142215963535562651 ) ) ;
#3538 = CARTESIAN_POINT ( 'NONE',  ( 4.722071807296765122, 10.80444578712997128, -8.638637788837687737 ) ) ;
#3539 = FACE_OUTER_BOUND ( 'NONE', #2156, .T. ) ;
#3540 = CIRCLE ( 'NONE', #1030, 0.01999999999999963612 ) ;
#3542 = ORIENTED_EDGE ( 'NONE', *, *, #1357, .T. ) ;
#3541 = CARTESIAN_POINT ( 'NONE',  ( -1.272557905337444506, 0.000000000000000000, 9.868287408540714623 ) ) ;
#3543 = CIRCLE ( 'NONE', #4582, 4.604519503718944584 ) ;
#3544 = CARTESIAN_POINT ( 'NONE',  ( -9.671547900631244588, 11.79808186012022908, 1.839888537320898410 ) ) ;
#3545 = ADVANCED_FACE ( 'NONE', ( #2809 ), #2103, .T. ) ;
#3546 = ORIENTED_EDGE ( 'NONE', *, *, #1148, .F. ) ;
#3547 = CARTESIAN_POINT ( 'NONE',  ( 2.313032830975961573, 6.600000000000000533, 19.79958055990334032 ) ) ;
#3548 = CARTESIAN_POINT ( 'NONE',  ( 4.903675705557201780, 6.799999999999999822, 21.22214980652634964 ) ) ;
#3549 = VECTOR ( 'NONE', #1370, 1000.000000000000000 ) ;
#3550 = CARTESIAN_POINT ( 'NONE',  ( -7.023879796546584231, 9.619227415455615215, 7.235877966058366084 ) ) ;
#3551 = ORIENTED_EDGE ( 'NONE', *, *, #5732, .F. ) ;
#3552 = EDGE_LOOP ( 'NONE', ( #5455, #5993, #4123, #6052 ) ) ;
#3553 = ADVANCED_FACE ( 'NONE', ( #5272 ), #6589, .T. ) ;
#3554 = AXIS2_PLACEMENT_3D ( 'NONE', #3131, #5679, #6257 ) ;
#3555 = CARTESIAN_POINT ( 'NONE',  ( -6.505213034913026604E-16, 6.800000000000000711, -4.995798655503515207 ) ) ;
#3556 = CARTESIAN_POINT ( 'NONE',  ( -5.415922573790129313, 7.045223623644044864, 18.59657105284605905 ) ) ;
#3557 = CARTESIAN_POINT ( 'NONE',  ( -7.451426788800562306, 6.727695102815145489, 20.25857940670205792 ) ) ;
#3558 = CARTESIAN_POINT ( 'NONE',  ( -1.999999999999958478, -4.348755257721902190, 22.89999999999999503 ) ) ;
#3559 = ORIENTED_EDGE ( 'NONE', *, *, #8049, .F. ) ;
#3560 = VERTEX_POINT ( 'NONE', #1644 ) ;
#3561 = CARTESIAN_POINT ( 'NONE',  ( 0.000000000000000000, 4.000000000000000000, 12.59999999999999964 ) ) ;
#3562 = DIRECTION ( 'NONE',  ( -0.9882352941176475447, 0.000000000000000000, -0.1529411764705849996 ) ) ;
#3563 = CARTESIAN_POINT ( 'NONE',  ( -2.939133998076038701, 6.600000000000000533, 19.21958055990333847 ) ) ;
#3564 = CIRCLE ( 'NONE', #8153, 0.01999999999999918510 ) ;
#3565 = DIRECTION ( 'NONE',  ( 0.000000000000000000, 0.000000000000000000, 1.000000000000000000 ) ) ;
#3566 = CARTESIAN_POINT ( 'NONE',  ( -1.999999999999958478, 4.000000000000000000, 23.29999999999999716 ) ) ;
#3567 = CARTESIAN_POINT ( 'NONE',  ( 4.855516954444329514, 6.010380685194468775, 17.37218583741454125 ) ) ;
#3568 = EDGE_CURVE ( 'NONE', #5100, #956, #900, .T. ) ;
#3569 = VERTEX_POINT ( 'NONE', #5930 ) ;
#3570 = CARTESIAN_POINT ( 'NONE',  ( 0.000000000000000000, 6.196510050329750996, 0.000000000000000000 ) ) ;
#3571 = EDGE_LOOP ( 'NONE', ( #1010, #91, #7871, #3546, #2408, #3148, #7039, #7997, #2066, #4458, #746, #5447, #7882, #6298, #2182, #5820, #6634, #1979, #965, #6744, #6249, #6971, #6122, #7902, #1773, #7812, #4136, #3896, #4809, #2500 ) ) ;
#3572 = DIRECTION ( 'NONE',  ( 0.000000000000000000, 0.000000000000000000, 1.000000000000000000 ) ) ;
#3573 = CARTESIAN_POINT ( 'NONE',  ( -3.808233999233287204, 6.000000000000000000, 18.32254899105730317 ) ) ;
#3574 = CARTESIAN_POINT ( 'NONE',  ( -7.914916158005569358, 6.710882120235247328, 5.830826617697990599 ) ) ;
#3575 = DIRECTION ( 'NONE',  ( 0.000000000000000000, 1.000000000000000000, 0.000000000000000000 ) ) ;
#3576 = EDGE_CURVE ( 'NONE', #6102, #6102, #162, .T. ) ;
#3577 = ADVANCED_FACE ( 'NONE', ( #5312 ), #6630, .F. ) ;
#3579 = ORIENTED_EDGE ( 'NONE', *, *, #5236, .F. ) ;
#3578 = CARTESIAN_POINT ( 'NONE',  ( 1.230000000000081695, 11.77999999999999936, 9.848451654955704626 ) ) ;
#3580 = CARTESIAN_POINT ( 'NONE',  ( -7.155133425291419158, 8.314201268670245781, 6.890707177493497149 ) ) ;
#3581 = ORIENTED_EDGE ( 'NONE', *, *, #780, .T. ) ;
#3582 = CARTESIAN_POINT ( 'NONE',  ( -4.710943995265160389, 10.79999999999999893, -8.644711196649380369 ) ) ;
#3583 = FACE_OUTER_BOUND ( 'NONE', #3444, .T. ) ;
#3584 = CARTESIAN_POINT ( 'NONE',  ( 4.064329174862325367, 6.998781731843218168, 19.43506299608927179 ) ) ;
#3585 = CARTESIAN_POINT ( 'NONE',  ( -6.518923379807712415, 10.07299484841175286, 7.326974948511909780 ) ) ;
#3586 = EDGE_CURVE ( 'NONE', #5175, #566, #5681, .T. ) ;
#3587 = ORIENTED_EDGE ( 'NONE', *, *, #4356, .T. ) ;
#3588 = ORIENTED_EDGE ( 'NONE', *, *, #3911, .T. ) ;
#3589 = AXIS2_PLACEMENT_3D ( 'NONE', #6547, #6668, #4110 ) ;
#3590 = FACE_OUTER_BOUND ( 'NONE', #1149, .T. ) ;
#3591 = CARTESIAN_POINT ( 'NONE',  ( -5.399669239388104280, 7.244562102420259997, 18.60137399429099148 ) ) ;
#3592 = CARTESIAN_POINT ( 'NONE',  ( -6.179975291509107294, 6.772151432006277894, 21.14900720046875549 ) ) ;
#3593 = CARTESIAN_POINT ( 'NONE',  ( 9.673644911948311886, 11.77999999999999936, 1.828829985957295401 ) ) ;
#3594 = EDGE_LOOP ( 'NONE', ( #3316, #3953, #3184 ) ) ;
#3595 = CIRCLE ( 'NONE', #4364, 0.1000000000000004358 ) ;
#3596 = ORIENTED_EDGE ( 'NONE', *, *, #7445, .T. ) ;
#3597 = CARTESIAN_POINT ( 'NONE',  ( 0.000000000000000000, 8.439764705882355500, -11.09305882352941097 ) ) ;
#3598 = CARTESIAN_POINT ( 'NONE',  ( -4.910085574684206478, 6.810752957584284673, 21.19804438868270680 ) ) ;
#3599 = DIRECTION ( 'NONE',  ( -1.000000000000000000, 0.000000000000000000, 0.000000000000000000 ) ) ;
#3600 = CIRCLE ( 'NONE', #6876, 0.5000000000000004441 ) ;
#3601 = VECTOR ( 'NONE', #5079, 1000.000000000000114 ) ;
#3602 = CARTESIAN_POINT ( 'NONE',  ( -6.813399476130547860, 15.12603551251024570, -7.251212835013462588 ) ) ;
#3603 = CARTESIAN_POINT ( 'NONE',  ( 8.973982539007218762, 11.79999999999999716, 4.251180705356286893 ) ) ;
#3604 = CARTESIAN_POINT ( 'NONE',  ( 5.756151921833404295, 6.221976706491658682, 16.74141623081770192 ) ) ;
#3605 = VERTEX_POINT ( 'NONE', #6011 ) ;
#3606 = DIRECTION ( 'NONE',  ( -0.000000000000000000, -1.000000000000000000, -0.000000000000000000 ) ) ;
#3607 = EDGE_LOOP ( 'NONE', ( #5573, #438, #367, #3559, #2600 ) ) ;
#3608 = CARTESIAN_POINT ( 'NONE',  ( -4.459170032277793183, 6.000000000000000000, 17.74208388763971556 ) ) ;
#3609 = EDGE_CURVE ( 'NONE', #6799, #1445, #7364, .T. ) ;
#3610 = CARTESIAN_POINT ( 'NONE',  ( -8.461565559209832443, 6.376789298981949905, 5.170426596971195998 ) ) ;
#3611 = DIRECTION ( 'NONE',  ( 0.9510565162951544194, -0.000000000000000000, 0.3090169943749447312 ) ) ;
#3612 = CARTESIAN_POINT ( 'NONE',  ( 7.446425922552547760, 9.574074781647125221, 6.247649849982820136 ) ) ;
#3613 = FACE_OUTER_BOUND ( 'NONE', #6260, .T. ) ;
#3614 = CARTESIAN_POINT ( 'NONE',  ( -7.198192968559221860, 8.306181779543578614, 6.864498738908030084 ) ) ;
#3615 = ORIENTED_EDGE ( 'NONE', *, *, #7582, .T. ) ;
#3616 = DIRECTION ( 'NONE',  ( -0.000000000000000000, -1.000000000000000000, -0.000000000000000000 ) ) ;
#3617 = CARTESIAN_POINT ( 'NONE',  ( -1.250000000000081712, 11.78222506763284372, 9.765322575317204823 ) ) ;
#3618 = EDGE_CURVE ( 'NONE', #2615, #1697, #3325, .T. ) ;
#3619 = CARTESIAN_POINT ( 'NONE',  ( 6.135287742441049907, 6.799999999999999822, 17.40498921273346156 ) ) ;
#3620 = TOROIDAL_SURFACE ( 'NONE', #1382, 0.9200000000000002620, 0.02000000000000000042 ) ;
#3621 = CARTESIAN_POINT ( 'NONE',  ( -6.450748129717364776, 9.203499250743643501, 7.282901359657746099 ) ) ;
#3622 = CIRCLE ( 'NONE', #2045, 0.02000000000000005246 ) ;
#3623 = CARTESIAN_POINT ( 'NONE',  ( 4.761323057842067108, 10.79999999999999893, -8.714052027550760471 ) ) ;
#3624 = AXIS2_PLACEMENT_3D ( 'NONE', #2461, #519, #1180 ) ;
#3625 = VERTEX_POINT ( 'NONE', #7367 ) ;
#3626 = ORIENTED_EDGE ( 'NONE', *, *, #6795, .F. ) ;
#3627 = AXIS2_PLACEMENT_3D ( 'NONE', #6951, #7568, #70 ) ;
#3628 = DIRECTION ( 'NONE',  ( -0.9882352941176475447, -0.000000000000000000, -0.1529411764705849996 ) ) ;
#3629 = ADVANCED_FACE ( 'NONE', ( #979 ), #5425, .T. ) ;
#3630 = ADVANCED_FACE ( 'NONE', ( #5510 ), #6008, .T. ) ;
#3631 = DIRECTION ( 'NONE',  ( 0.000000000000000000, 0.000000000000000000, 1.000000000000000000 ) ) ;
#3632 = CARTESIAN_POINT ( 'NONE',  ( -6.567375366081416921, 7.325848677168938394, 18.99623279873734560 ) ) ;
#3633 = CYLINDRICAL_SURFACE ( 'NONE', #5722, 0.5000000000000004441 ) ;
#3634 = ORIENTED_EDGE ( 'NONE', *, *, #1568, .T. ) ;
#3635 = ORIENTED_EDGE ( 'NONE', *, *, #3663, .T. ) ;
#3636 = DIRECTION ( 'NONE',  ( 0.000000000000000000, 0.000000000000000000, 1.000000000000000000 ) ) ;
#3637 = AXIS2_PLACEMENT_3D ( 'NONE', #1949, #3836, #3794 ) ;
#3638 = CARTESIAN_POINT ( 'NONE',  ( 2.875579048770126267, 6.631508508978449790, 18.75948242733883831 ) ) ;
#3639 = DIRECTION ( 'NONE',  ( -0.9820588696906382697, 0.000000000000000000, -0.1885745912416251502 ) ) ;
#3640 = CARTESIAN_POINT ( 'NONE',  ( 0.000000000000000000, 11.79999999999999716, 0.000000000000000000 ) ) ;
#3641 = ORIENTED_EDGE ( 'NONE', *, *, #3292, .T. ) ;
#3642 = DIRECTION ( 'NONE',  ( -0.000000000000000000, -1.000000000000000000, -0.000000000000000000 ) ) ;
#3643 = ORIENTED_EDGE ( 'NONE', *, *, #6804, .F. ) ;
#3644 = CARTESIAN_POINT ( 'NONE',  ( 3.733545141997546501, 6.000000000000000000, 19.79541930151045293 ) ) ;
#3645 = EDGE_CURVE ( 'NONE', #3492, #4287, #4013, .T. ) ;
#3646 = CARTESIAN_POINT ( 'NONE',  ( -6.551856913646002312, 6.820000000002504947, 20.78613535674973889 ) ) ;
#3647 = AXIS2_PLACEMENT_3D ( 'NONE', #5612, #10, #7549 ) ;
#3648 = CARTESIAN_POINT ( 'NONE',  ( -4.119607753780314852, 6.000000000000000000, 18.03999654315948931 ) ) ;
#3649 = CARTESIAN_POINT ( 'NONE',  ( -7.128760313334218779, 8.400485256908226006, 6.912854982492914857 ) ) ;
#3650 = CARTESIAN_POINT ( 'NONE',  ( 22.95142261420438956, 5.800000000000000711, 16.45969987821109015 ) ) ;
#3651 = CARTESIAN_POINT ( 'NONE',  ( 7.378278091851750098, 9.845877992526855138, 6.627661764951261247 ) ) ;
#3652 = DIRECTION ( 'NONE',  ( 0.9820588696906382697, 0.000000000000000000, -0.1885745912416251502 ) ) ;
#3653 = TOROIDAL_SURFACE ( 'NONE', #4965, 27.24579865550350632, 0.05000000000000000278 ) ;
#3654 = CARTESIAN_POINT ( 'NONE',  ( -7.107481538368582541, 8.338652549996144359, 6.886838672730275057 ) ) ;
#3655 = ORIENTED_EDGE ( 'NONE', *, *, #734, .F. ) ;
#3656 = DIRECTION ( 'NONE',  ( 0.000000000000000000, 0.000000000000000000, -1.000000000000000000 ) ) ;
#3657 = DIRECTION ( 'NONE',  ( -0.000000000000000000, -1.000000000000000000, -0.000000000000000000 ) ) ;
#3658 = FACE_OUTER_BOUND ( 'NONE', #6256, .T. ) ;
#3659 = VECTOR ( 'NONE', #1639, 1000.000000000000000 ) ;
#3660 = CARTESIAN_POINT ( 'NONE',  ( -2.509133998076038541, 6.600000000000000533, 19.79958055990334032 ) ) ;
#3661 = AXIS2_PLACEMENT_3D ( 'NONE', #7540, #3832, #4327 ) ;
#3662 = LINE ( 'NONE', #1766, #2881 ) ;
#3663 = EDGE_CURVE ( 'NONE', #957, #957, #5988, .T. ) ;
#3664 = ORIENTED_EDGE ( 'NONE', *, *, #1402, .F. ) ;
#3665 = ORIENTED_EDGE ( 'NONE', *, *, #1247, .F. ) ;
#3666 = CARTESIAN_POINT ( 'NONE',  ( 5.300000000000001599, 6.049999999999999822, 19.38047814307507366 ) ) ;
#3667 = TOROIDAL_SURFACE ( 'NONE', #119, 9.969999999999998863, 0.02000000000000000042 ) ;
#3668 = CARTESIAN_POINT ( 'NONE',  ( 1.250000000000082379, 14.46956620078466216, 9.871170143402443031 ) ) ;
#3669 = FACE_OUTER_BOUND ( 'NONE', #4612, .T. ) ;
#3670 = EDGE_LOOP ( 'NONE', ( #6482 ) ) ;
#3671 = ADVANCED_FACE ( 'NONE', ( #1129 ), #1053, .F. ) ;
#3672 = AXIS2_PLACEMENT_3D ( 'NONE', #2394, #6303, #1851 ) ;
#3673 = ADVANCED_FACE ( 'NONE', ( #5339 ), #3495, .F. ) ;
#3674 = ORIENTED_EDGE ( 'NONE', *, *, #6944, .F. ) ;
#3675 = CARTESIAN_POINT ( 'NONE',  ( -2.599999999999959233, 0.000000000000000000, 16.80000000000000071 ) ) ;
#3676 = CARTESIAN_POINT ( 'NONE',  ( 4.488058023534543750, 6.999999999999999112, 20.29897385599360859 ) ) ;
#3677 = CARTESIAN_POINT ( 'NONE',  ( -1.250000000000082379, 11.77999999999999936, 9.848451654955704626 ) ) ;
#3678 = FACE_OUTER_BOUND ( 'NONE', #7912, .T. ) ;
#3679 = ADVANCED_FACE ( 'NONE', ( #7275 ), #6615, .T. ) ;
#3680 = CARTESIAN_POINT ( 'NONE',  ( -2.509133998076038541, 6.800000000000000711, 19.79958055990334032 ) ) ;
#3681 = EDGE_LOOP ( 'NONE', ( #2118, #330, #1272 ) ) ;
#3682 = DIRECTION ( 'NONE',  ( -0.000000000000000000, -1.000000000000000000, -0.000000000000000000 ) ) ;
#3683 = ORIENTED_EDGE ( 'NONE', *, *, #494, .T. ) ;
#3684 = CARTESIAN_POINT ( 'NONE',  ( -6.745729767307565794, 11.79555664201516230, -7.170715090314356388 ) ) ;
#3685 = CARTESIAN_POINT ( 'NONE',  ( -5.252422040658761837, 7.176979986814414403, 18.25517061274525688 ) ) ;
#3686 = CARTESIAN_POINT ( 'NONE',  ( -4.179981691713023473, 6.000000000000000000, 17.98781119746488599 ) ) ;
#3687 = CARTESIAN_POINT ( 'NONE',  ( -7.221559850775772560, 8.047243050777375117, 6.812969566289054590 ) ) ;
#3688 = FACE_OUTER_BOUND ( 'NONE', #2078, .T. ) ;
#3689 = CARTESIAN_POINT ( 'NONE',  ( 7.350057682819127969, 9.484574040529443195, 6.642858789428034427 ) ) ;
#3690 = DIRECTION ( 'NONE',  ( 0.000000000000000000, 1.000000000000000000, 0.000000000000000000 ) ) ;
#3691 = CARTESIAN_POINT ( 'NONE',  ( 7.498217126520605902, 6.000000000000000000, 19.16390830428051828 ) ) ;
#3692 = EDGE_LOOP ( 'NONE', ( #4289, #4076, #4345, #4995 ) ) ;
#3693 = DIRECTION ( 'NONE',  ( -0.000000000000000000, -1.000000000000000000, -0.000000000000000000 ) ) ;
#3694 = CARTESIAN_POINT ( 'NONE',  ( 7.285809705854409124, 6.800000000000001599, 18.56379031568398830 ) ) ;
#3695 = CARTESIAN_POINT ( 'NONE',  ( -6.493665432073818522, 7.000000000000054179, 20.41790737939177447 ) ) ;
#3696 = CARTESIAN_POINT ( 'NONE',  ( -9.798196422563385966, 11.79999999999999716, 1.842890898796250454 ) ) ;
#3697 = VERTEX_POINT ( 'NONE', #6040 ) ;
#3698 = CARTESIAN_POINT ( 'NONE',  ( -9.767418218371657801, 10.80367459529111329, 1.853723591280201033 ) ) ;
#3699 = CARTESIAN_POINT ( 'NONE',  ( -4.672907905653997496, 5.822342111350364391, 20.56756904943776476 ) ) ;
#3700 = ADVANCED_FACE ( 'NONE', ( #1091 ), #5996, .T. ) ;
#3701 = CYLINDRICAL_SURFACE ( 'NONE', #851, 1.221359479792052838 ) ;
#3702 = ORIENTED_EDGE ( 'NONE', *, *, #4914, .T. ) ;
#3703 = CARTESIAN_POINT ( 'NONE',  ( 5.756335432418783427, 6.585780026425114286, 16.74202005733414467 ) ) ;
#3704 = CARTESIAN_POINT ( 'NONE',  ( -8.973982539007158366, 11.77999999999999936, 4.251180705356414791 ) ) ;
#3705 = ADVANCED_FACE ( 'NONE', ( #970 ), #2530, .F. ) ;
#3706 = DIRECTION ( 'NONE',  ( 0.000000000000000000, 0.000000000000000000, -1.000000000000000000 ) ) ;
#3707 = EDGE_CURVE ( 'NONE', #3730, #1267, #1483, .T. ) ;
#3708 = CARTESIAN_POINT ( 'NONE',  ( -8.892467503436163767, 10.79999999999999893, 4.224694864760273560 ) ) ;
#3709 = AXIS2_PLACEMENT_3D ( 'NONE', #6517, #3309, #2689 ) ;
#3710 = CARTESIAN_POINT ( 'NONE',  ( 4.340868401650573638, 6.045631361252031155, 17.73262561261273973 ) ) ;
#3711 = ORIENTED_EDGE ( 'NONE', *, *, #5342, .F. ) ;
#3712 = DIRECTION ( 'NONE',  ( 0.000000000000000000, 1.000000000000000000, 0.000000000000000000 ) ) ;
#3713 = ORIENTED_EDGE ( 'NONE', *, *, #1112, .T. ) ;
#3714 = EDGE_LOOP ( 'NONE', ( #719, #1734, #5822 ) ) ;
#3715 = DIRECTION ( 'NONE',  ( -0.000000000000000000, -1.000000000000000000, -0.000000000000000000 ) ) ;
#3716 = ORIENTED_EDGE ( 'NONE', *, *, #376, .F. ) ;
#3717 = AXIS2_PLACEMENT_3D ( 'NONE', #3280, #6445, #4048 ) ;
#3718 = CARTESIAN_POINT ( 'NONE',  ( -6.816226223554678221, 10.81999999999999851, -7.221077486727693895 ) ) ;
#3719 = DIRECTION ( 'NONE',  ( 0.000000000000000000, 0.000000000000000000, 1.000000000000000000 ) ) ;
#3720 = EDGE_CURVE ( 'NONE', #8098, #5349, #26, .T. ) ;
#3721 = CARTESIAN_POINT ( 'NONE',  ( -5.986729433978931425, 6.000000000000000000, 17.34729826119611573 ) ) ;
#3722 = EDGE_CURVE ( 'NONE', #95, #4903, #1348, .T. ) ;
#3723 = CARTESIAN_POINT ( 'NONE',  ( -8.388180839670921429, 6.281415485999835013, 5.151870762400548642 ) ) ;
#3724 = CARTESIAN_POINT ( 'NONE',  ( -6.424821642706378455, 6.980000000000000426, 23.57836966310849292 ) ) ;
#3725 = CARTESIAN_POINT ( 'NONE',  ( 7.298193654456184731, 9.723299326810268539, 6.939789030825739502 ) ) ;
#3726 = CIRCLE ( 'NONE', #2028, 0.02000000000000005246 ) ;
#3727 = ORIENTED_EDGE ( 'NONE', *, *, #2867, .F. ) ;
#3728 = CARTESIAN_POINT ( 'NONE',  ( -1.250000000000081934, -27.84586504312624911, 9.765322575317201270 ) ) ;
#3729 = CARTESIAN_POINT ( 'NONE',  ( 7.284684598477281448, 6.000000000000000000, 18.56246307067513968 ) ) ;
#3730 = VERTEX_POINT ( 'NONE', #6892 ) ;
#3731 = CARTESIAN_POINT ( 'NONE',  ( -4.728641350681530575, 10.81777505168941111, -8.635043484350545029 ) ) ;
#3732 = DIRECTION ( 'NONE',  ( 0.000000000000000000, 1.000000000000000000, 0.000000000000000000 ) ) ;
#3733 = CARTESIAN_POINT ( 'NONE',  ( 6.170870100093536870, 6.799999999999999822, 17.42095039147976010 ) ) ;
#3734 = CARTESIAN_POINT ( 'NONE',  ( -6.509962260312756044, 6.991311458803438406, 20.42636752868609662 ) ) ;
#3735 = B_SPLINE_CURVE_WITH_KNOTS ( 'NONE', 3,
 ( #6476, #3479, #5198, #7054, #5814, #2820, #2072, #4658, #4617, #3350, #5979, #6560, #338, #5241, #7096, #4575, #7755, #7134, #1452, #7177, #1492, #911 ),
 .UNSPECIFIED., .T., .F.,
 ( 4, 2, 2, 2, 2, 2, 2, 2, 2, 2, 4 ),
 ( 0.000000000000000000, 0.0001061081723029167070, 0.0002122163446058334139, 0.0003183245169087501074, 0.0003713786030602084947, 0.0004244326892116668279, 0.0004774867753631251610, 0.0005305408615145834400, 0.0006366490338175016242, 0.0007427572061204196999, 0.0008488653784233377757 ),
 .UNSPECIFIED. ) ;
#3736 = CYLINDRICAL_SURFACE ( 'NONE', #5368, 0.02000000000000005246 ) ;
#3737 = VERTEX_POINT ( 'NONE', #6853 ) ;
#3738 = VERTEX_POINT ( 'NONE', #1206 ) ;
#3739 = FACE_OUTER_BOUND ( 'NONE', #6666, .T. ) ;
#3740 = CARTESIAN_POINT ( 'NONE',  ( -9.752705364832102930, 10.79999999999999893, 1.854518284292479224 ) ) ;
#3741 = TOROIDAL_SURFACE ( 'NONE', #1238, 12.59999999999999964, 0.1000000000000000056 ) ;
#3742 = FACE_BOUND ( 'NONE', #6574, .T. ) ;
#3743 = ORIENTED_EDGE ( 'NONE', *, *, #4316, .F. ) ;
#3744 = AXIS2_PLACEMENT_3D ( 'NONE', #2589, #4389, #7612 ) ;
#3745 = CARTESIAN_POINT ( 'NONE',  ( -5.248296019500036991, 7.000000000000000000, 20.84497648052779795 ) ) ;
#3746 = PLANE ( 'NONE',  #7097 ) ;
#3747 = DIRECTION ( 'NONE',  ( 0.000000000000000000, 0.000000000000000000, 1.000000000000000000 ) ) ;
#3748 = CARTESIAN_POINT ( 'NONE',  ( -8.895347937029276508, 10.80114195817273703, 4.218626563135094543 ) ) ;
#3749 = CARTESIAN_POINT ( 'NONE',  ( 7.742401951727972964, 6.136269252482924763, 20.12509020220452882 ) ) ;
#3750 = VERTEX_POINT ( 'NONE', #623 ) ;
#3751 = CARTESIAN_POINT ( 'NONE',  ( 7.209841765926224610, 8.317995947912777410, 6.824762876482134644 ) ) ;
#3752 = EDGE_LOOP ( 'NONE', ( #6919 ) ) ;
#3753 = ORIENTED_EDGE ( 'NONE', *, *, #2662, .T. ) ;
#3754 = AXIS2_PLACEMENT_3D ( 'NONE', #7173, #4198, #2903 ) ;
#3755 = CARTESIAN_POINT ( 'NONE',  ( -2.939133998076038701, 6.600000000000000533, 19.21958055990333847 ) ) ;
#3757 = EDGE_CURVE ( 'NONE', #1024, #7660, #4232, .T. ) ;
#3756 = ORIENTED_EDGE ( 'NONE', *, *, #1819, .F. ) ;
#3758 = CARTESIAN_POINT ( 'NONE',  ( 8.973982539007218762, 10.81999999999999851, 4.251180705356287781 ) ) ;
#3759 = LINE ( 'NONE', #624, #5306 ) ;
#3760 = CIRCLE ( 'NONE', #6396, 12.30000000000000071 ) ;
#3761 = CARTESIAN_POINT ( 'NONE',  ( -7.485887350575673338, 6.000000000000000000, 19.10567081367726416 ) ) ;
#3762 = CARTESIAN_POINT ( 'NONE',  ( 2.399999999999964384, 4.099999999999999645, 22.89999999999999503 ) ) ;
#3763 = DIRECTION ( 'NONE',  ( 0.000000000000000000, 1.000000000000000000, 0.000000000000000000 ) ) ;
#3764 = CARTESIAN_POINT ( 'NONE',  ( 7.408594132299993973, 9.875706402114476035, 6.494133762811520327 ) ) ;
#3765 = DIRECTION ( 'NONE',  ( 0.000000000000000000, 1.000000000000000000, 0.000000000000000000 ) ) ;
#3766 = EDGE_CURVE ( 'NONE', #4645, #3625, #1830, .T. ) ;
#3767 = EDGE_CURVE ( 'NONE', #95, #3482, #7286, .T. ) ;
#3768 = CARTESIAN_POINT ( 'NONE',  ( 7.076450331573938435, 6.000000000000000000, 20.40061995259653926 ) ) ;
#3769 = EDGE_LOOP ( 'NONE', ( #3442, #5369, #4336, #3743 ) ) ;
#3770 = CARTESIAN_POINT ( 'NONE',  ( -6.829954775867980388, 11.77999999999999936, -7.235621449440136743 ) ) ;
#3771 = CARTESIAN_POINT ( 'NONE',  ( -1.270000000000081952, 11.77999999999999936, 9.848451654955704626 ) ) ;
#3772 = CARTESIAN_POINT ( 'NONE',  ( 6.123875071354627053, 6.799999999999998934, 17.39998218623534498 ) ) ;
#3773 = CYLINDRICAL_SURFACE ( 'NONE', #3744, 0.02000000000000005246 ) ;
#3774 = LINE ( 'NONE', #2546, #2436 ) ;
#3775 = CIRCLE ( 'NONE', #371, 4.604519503718944584 ) ;
#3776 = DIRECTION ( 'NONE',  ( 0.000000000000000000, 1.000000000000000000, 0.000000000000000000 ) ) ;
#3777 = EDGE_CURVE ( 'NONE', #1571, #1787, #6754, .T. ) ;
#3778 = ORIENTED_EDGE ( 'NONE', *, *, #7038, .F. ) ;
#3779 = VECTOR ( 'NONE', #3243, 1000.000000000000000 ) ;
#3780 = CARTESIAN_POINT ( 'NONE',  ( 5.788659439945845975, 6.750000000000000888, 21.62796828804830795 ) ) ;
#3781 = CARTESIAN_POINT ( 'NONE',  ( 8.542165966305145020, 6.113065269865995965, 4.931821820108711840 ) ) ;
#3782 = CARTESIAN_POINT ( 'NONE',  ( -2.399999999999959055, 4.000000000000000000, 16.71406593262094731 ) ) ;
#3783 = CARTESIAN_POINT ( 'NONE',  ( 6.994560784028812428, 9.685606802603771825, 7.232963317016825044 ) ) ;
#3784 = CIRCLE ( 'NONE', #6952, 27.24579865550350632 ) ;
#3785 = VERTEX_POINT ( 'NONE', #57 ) ;
#3786 = CIRCLE ( 'NONE', #4974, 9.845000000000000639 ) ;
#3787 = CARTESIAN_POINT ( 'NONE',  ( -4.072324875507366215, 6.999999999999993783, 19.45606775017765244 ) ) ;
#3788 = CARTESIAN_POINT ( 'NONE',  ( -2.939133998076038701, 6.600000000000000533, 19.64958055990333463 ) ) ;
#3789 = FACE_BOUND ( 'NONE', #7124, .T. ) ;
#3790 = CARTESIAN_POINT ( 'NONE',  ( -8.900702532614680251, 10.81357317115932304, 4.207317394164577173 ) ) ;
#3792 = DIRECTION ( 'NONE',  ( 0.000000000000000000, 0.000000000000000000, -1.000000000000000000 ) ) ;
#3791 = AXIS2_PLACEMENT_3D ( 'NONE', #281, #894, #7864 ) ;
#3793 = ORIENTED_EDGE ( 'NONE', *, *, #4523, .F. ) ;
#3794 = DIRECTION ( 'NONE',  ( 0.000000000000000000, 0.000000000000000000, 1.000000000000000000 ) ) ;
#3795 = CARTESIAN_POINT ( 'NONE',  ( 7.182295640433047801, 8.348228118145714305, 6.789222753462738069 ) ) ;
#3796 = EDGE_LOOP ( 'NONE', ( #1997, #3716, #313, #4195, #4473, #2710, #2251, #6715, #1075 ) ) ;
#3797 = EDGE_LOOP ( 'NONE', ( #2631, #3069, #270, #926 ) ) ;
#3798 = CARTESIAN_POINT ( 'NONE',  ( -8.611118227487235544, 11.77999999999999936, -1.504623382887613880 ) ) ;
#3799 = ORIENTED_EDGE ( 'NONE', *, *, #294, .F. ) ;
#3800 = DIRECTION ( 'NONE',  ( 0.000000000000000000, 0.000000000000000000, 1.000000000000000000 ) ) ;
#3801 = AXIS2_PLACEMENT_3D ( 'NONE', #2204, #5450, #2284 ) ;
#3802 = CARTESIAN_POINT ( 'NONE',  ( 2.313032830975961573, 6.600000000000000533, 19.64958055990333463 ) ) ;
#3803 = CARTESIAN_POINT ( 'NONE',  ( -5.827038413420118523, 6.000000000000000000, 17.30075777965344486 ) ) ;
#3804 = CARTESIAN_POINT ( 'NONE',  ( -6.505213034913026604E-16, 6.049999999999999822, -4.995798655503515207 ) ) ;
#3805 = SURFACE_SIDE_STYLE ('',( #5662 ) ) ;
#3806 = CARTESIAN_POINT ( 'NONE',  ( 6.889031946437205178, 9.954808941138560741, 7.224189636800261383 ) ) ;
#3807 = EDGE_CURVE ( 'NONE', #6272, #4287, #7471, .T. ) ;
#3808 = CARTESIAN_POINT ( 'NONE',  ( -4.072324875507366215, 6.999999999999993783, 19.45606775017765244 ) ) ;
#3809 = CARTESIAN_POINT ( 'NONE',  ( 6.655861517899594126, 6.000000000000000000, 20.76603858307881367 ) ) ;
#3810 = ORIENTED_EDGE ( 'NONE', *, *, #4752, .F. ) ;
#3811 = CARTESIAN_POINT ( 'NONE',  ( -7.459594544905649549, 6.800000000000002487, 19.86431614205212171 ) ) ;
#3812 = CARTESIAN_POINT ( 'NONE',  ( 9.758885704719629572, 11.79999999999999716, 1.835497153966437534 ) ) ;
#3813 = CARTESIAN_POINT ( 'NONE',  ( 6.800045883667075408, 11.77999999999999936, -7.232833191773642589 ) ) ;
#3814 = AXIS2_PLACEMENT_3D ( 'NONE', #6449, #3763, #2660 ) ;
#3815 = DIRECTION ( 'NONE',  ( -0.8090169943749492276, 0.000000000000000000, -0.5877852522924705836 ) ) ;
#3816 = EDGE_CURVE ( 'NONE', #7969, #1640, #968, .T. ) ;
#3817 = EDGE_CURVE ( 'NONE', #4057, #428, #6199, .T. ) ;
#3818 = CARTESIAN_POINT ( 'NONE',  ( -16.89999999999999858, 6.000000000000000000, 0.000000000000000000 ) ) ;
#3819 = DIRECTION ( 'NONE',  ( 0.000000000000000000, 0.000000000000000000, 1.000000000000000000 ) ) ;
#3820 = ORIENTED_EDGE ( 'NONE', *, *, #307, .T. ) ;
#3821 = VERTEX_POINT ( 'NONE', #4918 ) ;
#3822 = AXIS2_PLACEMENT_3D ( 'NONE', #2758, #3575, #4219 ) ;
#3823 = CARTESIAN_POINT ( 'NONE',  ( 7.069671557728274713, 9.900000000000000355, 6.827102464871014575 ) ) ;
#3824 = CARTESIAN_POINT ( 'NONE',  ( 7.341706259474041651, 7.708952768784883780, 6.544388495432437836 ) ) ;
#3825 = B_SPLINE_CURVE_WITH_KNOTS ( 'NONE', 3,
 ( #2735, #5243, #4618, #3998, #7136, #870 ),
 .UNSPECIFIED., .F., .F.,
 ( 4, 2, 4 ),
 ( 0.000000000000000000, 0.0005984244084277879705, 0.001196848816855575941 ),
 .UNSPECIFIED. ) ;
#3826 = FACE_OUTER_BOUND ( 'NONE', #6850, .T. ) ;
#3827 = EDGE_CURVE ( 'NONE', #363, #1787, #6935, .T. ) ;
#3828 = CARTESIAN_POINT ( 'NONE',  ( 6.746997111660314239, 11.79416303947169453, -7.169522781649237508 ) ) ;
#3829 = ORIENTED_EDGE ( 'NONE', *, *, #5532, .F. ) ;
#3830 = CARTESIAN_POINT ( 'NONE',  ( 4.853898157430387883, 7.494525295897176420, 19.25548728852170299 ) ) ;
#3831 = SPHERICAL_SURFACE ( 'NONE', #5644, 0.02000000000000000042 ) ;
#3832 = DIRECTION ( 'NONE',  ( -0.9917876792503225181, -2.150596712975200421E-14, -0.1278952668680894411 ) ) ;
#3833 = CARTESIAN_POINT ( 'NONE',  ( -8.899316340395964531, 10.80760235046640538, 4.210248816204672728 ) ) ;
#3834 = CARTESIAN_POINT ( 'NONE',  ( 6.713104846140467430, 6.062071664414939498, 20.84596975260089735 ) ) ;
#3835 = ORIENTED_EDGE ( 'NONE', *, *, #1040, .F. ) ;
#3836 = DIRECTION ( 'NONE',  ( 0.000000000000000000, 1.000000000000000000, 0.000000000000000000 ) ) ;
#3837 = CARTESIAN_POINT ( 'NONE',  ( -1.999999999999958478, 4.099999999999999645, 23.29999999999999716 ) ) ;
#3838 = ORIENTED_EDGE ( 'NONE', *, *, #7071, .F. ) ;
#3839 = CARTESIAN_POINT ( 'NONE',  ( -2.569411764705842316, 4.000000000000000000, 16.60235294117647342 ) ) ;
#3840 = ORIENTED_EDGE ( 'NONE', *, *, #139, .T. ) ;
#3841 = DIRECTION ( 'NONE',  ( -0.000000000000000000, -1.000000000000000000, -0.000000000000000000 ) ) ;
#3842 = AXIS2_PLACEMENT_3D ( 'NONE', #2572, #8048, #3800 ) ;
#3843 = CARTESIAN_POINT ( 'NONE',  ( -5.326207167055643232, 7.178125656045430070, 18.24023926933392303 ) ) ;
#3844 = CARTESIAN_POINT ( 'NONE',  ( -4.623669951541259593, 6.000000000000000000, 17.60422819132748984 ) ) ;
#3845 = UNCERTAINTY_MEASURE_WITH_UNIT (LENGTH_MEASURE( 1.000000000000000082E-05 ), #5705, 'distance_accuracy_value', 'NONE');
#3846 = DIRECTION ( 'NONE',  ( -0.000000000000000000, -1.000000000000000000, -0.000000000000000000 ) ) ;
#3847 = CARTESIAN_POINT ( 'NONE',  ( -4.761323057842192341, 0.000000000000000000, -8.714052027550691193 ) ) ;
#3848 = CARTESIAN_POINT ( 'NONE',  ( 6.826909359712223235, 10.05062184932265801, 7.197451600512374981 ) ) ;
#3849 = LINE ( 'NONE', #7648, #758 ) ;
#3850 = CIRCLE ( 'NONE', #1221, 0.02000000000000079492 ) ;
#3851 = CARTESIAN_POINT ( 'NONE',  ( 7.440107707664477488, 6.000000000000000000, 19.91087683508728290 ) ) ;
#3852 = ORIENTED_EDGE ( 'NONE', *, *, #4079, .F. ) ;
#3853 = CARTESIAN_POINT ( 'NONE',  ( -7.198256587475813539, 6.800000000000001599, 18.40561329242977351 ) ) ;
#3854 = EDGE_CURVE ( 'NONE', #6437, #208, #3726, .T. ) ;
#3855 = CARTESIAN_POINT ( 'NONE',  ( -5.299999999999994493, 6.750000000000000888, 19.38047814307507721 ) ) ;
#3856 = CARTESIAN_POINT ( 'NONE',  ( 8.903558128715772568, 11.79416303947169453, 4.201271187381187211 ) ) ;
#3857 = CARTESIAN_POINT ( 'NONE',  ( 1.250861194537862930, 10.80024761171452141, 9.854506152636192340 ) ) ;
#3858 = AXIS2_PLACEMENT_3D ( 'NONE', #3718, #5614, #542 ) ;
#3859 = FACE_OUTER_BOUND ( 'NONE', #2290, .T. ) ;
#3860 = DIRECTION ( 'NONE',  ( -0.9510565162951544194, 0.000000000000000000, -0.3090169943749447312 ) ) ;
#3861 = CARTESIAN_POINT ( 'NONE',  ( -5.799282471249000537, 6.800000000000000711, 21.67682676946077081 ) ) ;
#3862 = ORIENTED_EDGE ( 'NONE', *, *, #3977, .F. ) ;
#3863 = EDGE_CURVE ( 'NONE', #6592, #3697, #5565, .T. ) ;
#3864 = ORIENTED_EDGE ( 'NONE', *, *, #7782, .T. ) ;
#3865 = EDGE_CURVE ( 'NONE', #3738, #726, #2418, .T. ) ;
#3866 = CARTESIAN_POINT ( 'NONE',  ( 5.179805995492297477, 7.442173881389646972, 18.40551656082277887 ) ) ;
#3867 = CARTESIAN_POINT ( 'NONE',  ( 8.294981142869518820, 6.315518741482493148, 5.465495195127788364 ) ) ;
#3868 = CARTESIAN_POINT ( 'NONE',  ( -1.252944934454002235, 10.80932092604688144, 9.764945259359466334 ) ) ;
#3869 = PLANE ( 'NONE',  #2970 ) ;
#3870 = ORIENTED_EDGE ( 'NONE', *, *, #87, .T. ) ;
#3871 = EDGE_CURVE ( 'NONE', #6733, #7455, #1966, .T. ) ;
#3872 = ADVANCED_FACE ( 'NONE', ( #3966 ), #7142, .T. ) ;
#3873 = CARTESIAN_POINT ( 'NONE',  ( 7.009401077440991834, 7.080607308156388946, 19.62740610271970354 ) ) ;
#3874 = LINE ( 'NONE', #128, #4728 ) ;
#3875 = DIRECTION ( 'NONE',  ( -0.000000000000000000, -1.000000000000000000, -0.000000000000000000 ) ) ;
#3876 = CARTESIAN_POINT ( 'NONE',  ( -8.973982539007158366, 10.79999999999999893, 4.251180705356415679 ) ) ;
#3877 = CARTESIAN_POINT ( 'NONE',  ( 7.036362814072810501, 5.742314949356408071, 19.66461927304607826 ) ) ;
#3878 = TOROIDAL_SURFACE ( 'NONE', #6513, 1.467157287525383769, 0.2999999999999999889 ) ;
#3879 = EDGE_LOOP ( 'NONE', ( #1948 ) ) ;
#3880 = DIRECTION ( 'NONE',  ( 0.000000000000000000, 0.000000000000000000, 1.000000000000000000 ) ) ;
#3881 = DIRECTION ( 'NONE',  ( 0.5877852522925016698, -0.000000000000000000, 0.8090169943749269121 ) ) ;
#3882 = EDGE_LOOP ( 'NONE', ( #7060 ) ) ;
#3883 = CARTESIAN_POINT ( 'NONE',  ( -2.599999999999959233, 4.100000000000000533, 16.80000000000000071 ) ) ;
#3884 = ADVANCED_FACE ( 'NONE', ( #875 ), #6485, .F. ) ;
#3885 = ORIENTED_EDGE ( 'NONE', *, *, #3230, .T. ) ;
#3886 = CARTESIAN_POINT ( 'NONE',  ( 5.788659439945845087, 6.000000000000000000, 21.62796828804830440 ) ) ;
#3887 = FACE_OUTER_BOUND ( 'NONE', #6852, .T. ) ;
#3888 = CARTESIAN_POINT ( 'NONE',  ( -4.623270780948163683, 6.000000000000000000, 17.60454761545875257 ) ) ;
#3889 = LINE ( 'NONE', #6406, #763 ) ;
#3890 = CARTESIAN_POINT ( 'NONE',  ( 6.576546582887030645, 9.516278187353760742, 7.351486703888203245 ) ) ;
#3891 = AXIS2_PLACEMENT_3D ( 'NONE', #3447, #5947, #344 ) ;
#3892 = ORIENTED_EDGE ( 'NONE', *, *, #307, .F. ) ;
#3893 = CARTESIAN_POINT ( 'NONE',  ( -6.843683328181282555, 11.77999999999999936, -7.250165412152578703 ) ) ;
#3894 = CARTESIAN_POINT ( 'NONE',  ( 6.506670013100705141, 6.000000000000000000, 17.61402814896608504 ) ) ;
#3895 = CIRCLE ( 'NONE', #2584, 10.47745039250036037 ) ;
#3896 = ORIENTED_EDGE ( 'NONE', *, *, #2771, .F. ) ;
#3897 = CARTESIAN_POINT ( 'NONE',  ( -7.480659988298475227, 6.800000000000002487, 19.08025244522710651 ) ) ;
#3898 = DIRECTION ( 'NONE',  ( 1.297293286543607101E-16, -0.000000000000000000, 1.000000000000000000 ) ) ;
#3899 = FACE_OUTER_BOUND ( 'NONE', #2210, .T. ) ;
#3900 = CARTESIAN_POINT ( 'NONE',  ( 1.252170839913180345, 10.80114437934704874, 9.857673596274139527 ) ) ;
#3901 = CARTESIAN_POINT ( 'NONE',  ( 2.313032830975961573, 6.600000000000000533, 19.64958055990333463 ) ) ;
#3902 = CARTESIAN_POINT ( 'NONE',  ( -7.328000995478200608, 9.387508603705818189, 6.574646513309827078 ) ) ;
#3903 = CARTESIAN_POINT ( 'NONE',  ( -1.250000000000082379, 10.81999999999999851, 9.013739512544159282 ) ) ;
#3904 = EDGE_LOOP ( 'NONE', ( #7707, #5160, #4313, #478 ) ) ;
#3905 = CARTESIAN_POINT ( 'NONE',  ( 5.353359606364641365, 7.550754024540844433, 17.85211778210684130 ) ) ;
#3906 = CARTESIAN_POINT ( 'NONE',  ( 7.094163176264967063, 8.046929843269509774, 6.700808986260147648 ) ) ;
#3907 = CARTESIAN_POINT ( 'NONE',  ( -1.257401456272123630, 10.80430913857914987, 9.764372491147998545 ) ) ;
#3908 = AXIS2_PLACEMENT_3D ( 'NONE', #6906, #3120, #67 ) ;
#3909 = VECTOR ( 'NONE', #3636, 1000.000000000000000 ) ;
#3910 = CARTESIAN_POINT ( 'NONE',  ( -7.385265084335836505, 9.797902637892276445, 6.617156585099105648 ) ) ;
#3911 = EDGE_CURVE ( 'NONE', #1352, #7942, #1572, .T. ) ;
#3912 = EDGE_LOOP ( 'NONE', ( #110, #8069, #5926, #4877 ) ) ;
#3913 = CONICAL_SURFACE ( 'NONE', #1548, 11.09305882352941097, 0.7737514354620544932 ) ;
#3914 = DIRECTION ( 'NONE',  ( 0.000000000000000000, 0.000000000000000000, -1.000000000000000000 ) ) ;
#3915 = CARTESIAN_POINT ( 'NONE',  ( -5.081643797191621736, 7.812857927111219070, 17.03948661056035974 ) ) ;
#3916 = CARTESIAN_POINT ( 'NONE',  ( -2.499999999999959144, 5.899999999999999467, 16.71406593262094731 ) ) ;
#3917 = LINE ( 'NONE', #6434, #5689 ) ;
#3918 = CIRCLE ( 'NONE', #8126, 4.584519503718790467 ) ;
#3919 = ADVANCED_FACE ( 'NONE', ( #2742, #1375 ), #4542, .F. ) ;
#3920 = CARTESIAN_POINT ( 'NONE',  ( 5.765406412552299464, 5.619796553357590874, 20.55474756965538319 ) ) ;
#3921 = ADVANCED_FACE ( 'NONE', ( #3279 ), #2153, .T. ) ;
#3922 = ORIENTED_EDGE ( 'NONE', *, *, #1104, .F. ) ;
#3923 = DIRECTION ( 'NONE',  ( 0.000000000000000000, 0.000000000000000000, -1.000000000000000000 ) ) ;
#3924 = DIRECTION ( 'NONE',  ( -0.3090169943749582204, 0.000000000000000000, -0.9510565162951500895 ) ) ;
#3925 = VECTOR ( 'NONE', #2670, 1000.000000000000000 ) ;
#3926 = ORIENTED_EDGE ( 'NONE', *, *, #5934, .T. ) ;
#3927 = DIRECTION ( 'NONE',  ( 0.000000000000000000, 1.000000000000000000, 0.000000000000000000 ) ) ;
#3928 = ORIENTED_EDGE ( 'NONE', *, *, #7556, .F. ) ;
#3929 = CARTESIAN_POINT ( 'NONE',  ( -9.950000000000001066, 10.79999999999999893, 0.000000000000000000 ) ) ;
#3930 = DIRECTION ( 'NONE',  ( 0.9820588696906381587, 0.000000000000000000, -0.1885745912416262604 ) ) ;
#3931 = CARTESIAN_POINT ( 'NONE',  ( -7.515216038858825165, 6.000000000000000000, 19.66059456814300432 ) ) ;
#3932 = CIRCLE ( 'NONE', #7092, 0.09999999999999939493 ) ;
#3933 = DIRECTION ( 'NONE',  ( -0.000000000000000000, 0.000000000000000000, 1.000000000000000000 ) ) ;
#3934 = EDGE_CURVE ( 'NONE', #3560, #4797, #7802, .T. ) ;
#3935 = CARTESIAN_POINT ( 'NONE',  ( 6.685544080218680740, 9.168288919275045856, 7.163407104212857313 ) ) ;
#3936 = EDGE_LOOP ( 'NONE', ( #6352, #492, #2038, #7383 ) ) ;
#3937 = CARTESIAN_POINT ( 'NONE',  ( -4.743614665616560977, 11.79982368121207870, -8.626827177045527151 ) ) ;
#3938 = TOROIDAL_SURFACE ( 'NONE', #7365, 22.64579865550351201, 0.05000000000000000278 ) ;
#3939 = CARTESIAN_POINT ( 'NONE',  ( 4.741071998826194900, 6.000000000000000000, 17.51838365526599617 ) ) ;
#3940 = VERTEX_POINT ( 'NONE', #3886 ) ;
#3941 = CARTESIAN_POINT ( 'NONE',  ( -2.939133998076038701, 6.600000000000000533, 19.21958055990333847 ) ) ;
#3942 = FACE_OUTER_BOUND ( 'NONE', #831, .T. ) ;
#3943 = DIRECTION ( 'NONE',  ( 0.000000000000000000, 1.000000000000000000, 0.000000000000000000 ) ) ;
#3944 = LINE ( 'NONE', #5801, #6910 ) ;
#3945 = FACE_OUTER_BOUND ( 'NONE', #3681, .T. ) ;
#3946 = CARTESIAN_POINT ( 'NONE',  ( -6.545789349937788160, 9.503712583085501819, 7.353701975256448975 ) ) ;
#3947 = ORIENTED_EDGE ( 'NONE', *, *, #1809, .T. ) ;
#3948 = CIRCLE ( 'NONE', #7771, 0.02000000000000005246 ) ;
#3949 = CARTESIAN_POINT ( 'NONE',  ( 5.176069787092918872, 8.299547271568702200, 16.09709730148341578 ) ) ;
#3950 = CARTESIAN_POINT ( 'NONE',  ( 7.256017097996467768, 7.612783947539958795, 6.656242528118721857 ) ) ;
#3951 = CARTESIAN_POINT ( 'NONE',  ( 3.323032830975961804, 6.800000000000000711, 19.79958055990334032 ) ) ;
#3952 = CARTESIAN_POINT ( 'NONE',  ( -7.371633467975814646, 9.420629692560494206, 6.466609730663502198 ) ) ;
#3953 = ORIENTED_EDGE ( 'NONE', *, *, #7445, .F. ) ;
#3954 = CARTESIAN_POINT ( 'NONE',  ( 5.295923868789962796, 7.540480791856770004, 19.88666059250405027 ) ) ;
#3955 = ADVANCED_FACE ( 'NONE', ( #7682, #749 ), #6881, .T. ) ;
#3956 = CARTESIAN_POINT ( 'NONE',  ( -5.176069787092918872, 8.299547271568702200, 16.09709730148341578 ) ) ;
#3957 = CARTESIAN_POINT ( 'NONE',  ( 6.552587132049050744, 6.817428641032667436, 20.79110035914183641 ) ) ;
#3958 = CARTESIAN_POINT ( 'NONE',  ( 9.746525024944631355, 11.77999999999999936, 1.873539414618244026 ) ) ;
#3959 = DIRECTION ( 'NONE',  ( 0.000000000000000000, 1.000000000000000000, 0.000000000000000000 ) ) ;
#3960 = ORIENTED_EDGE ( 'NONE', *, *, #5859, .T. ) ;
#3961 = DIRECTION ( 'NONE',  ( 0.9820588696906380477, 0.000000000000000000, -0.1885745912416258163 ) ) ;
#3962 = CARTESIAN_POINT ( 'NONE',  ( -16.25000000000000000, 6.100000000000002309, 0.000000000000000000 ) ) ;
#3963 = ORIENTED_EDGE ( 'NONE', *, *, #7808, .T. ) ;
#3964 = CARTESIAN_POINT ( 'NONE',  ( 9.758885704719627796, 10.81999999999999851, 1.835497153966436867 ) ) ;
#3965 = CARTESIAN_POINT ( 'NONE',  ( 4.761323057842067108, 10.81999999999999851, -8.714052027550760471 ) ) ;
#3966 = FACE_OUTER_BOUND ( 'NONE', #5762, .T. ) ;
#3967 = EDGE_CURVE ( 'NONE', #1385, #5379, #2154, .T. ) ;
#3968 = EDGE_CURVE ( 'NONE', #7631, #8066, #6523, .T. ) ;
#3969 = CARTESIAN_POINT ( 'NONE',  ( -7.456962357087206783, 6.000000000000000000, 19.87000703724064365 ) ) ;
#3970 = CARTESIAN_POINT ( 'NONE',  ( -5.947542506694823317, 5.871102271272927275, 17.56232693517435450 ) ) ;
#3971 = CARTESIAN_POINT ( 'NONE',  ( 6.802671736735216967, 9.197556851382037379, 7.120418629291501489 ) ) ;
#3972 = ORIENTED_EDGE ( 'NONE', *, *, #3807, .F. ) ;
#3973 = DIRECTION ( 'NONE',  ( -0.5877852522924680301, -0.000000000000000000, -0.8090169943749511150 ) ) ;
#3974 = AXIS2_PLACEMENT_3D ( 'NONE', #7404, #4144, #4767 ) ;
#3975 = EDGE_LOOP ( 'NONE', ( #4214, #32, #138, #3665 ) ) ;
#3976 = CARTESIAN_POINT ( 'NONE',  ( 4.384023285027256023, 6.000000000000000000, 17.80855099022371490 ) ) ;
#3977 = EDGE_CURVE ( 'NONE', #8137, #803, #5968, .T. ) ;
#3978 = ORIENTED_EDGE ( 'NONE', *, *, #5329, .T. ) ;
#3979 = DIRECTION ( 'NONE',  ( 0.000000000000000000, 0.000000000000000000, -1.000000000000000000 ) ) ;
#3980 = EDGE_CURVE ( 'NONE', #3737, #5973, #3081, .T. ) ;
#3981 = CARTESIAN_POINT ( 'NONE',  ( -6.816226223554679109, 11.77999999999999936, -7.221077486727694783 ) ) ;
#3982 = DIRECTION ( 'NONE',  ( -1.000000000000000000, 0.000000000000000000, 0.000000000000000000 ) ) ;
#3983 = CARTESIAN_POINT ( 'NONE',  ( 4.827953083600417195, 5.800000000000000711, 20.62761665256642374 ) ) ;
#3984 = B_SPLINE_CURVE_WITH_KNOTS ( 'NONE', 3,
 ( #5981, #5473, #5518, #8028 ),
 .UNSPECIFIED., .F., .F.,
 ( 4, 4 ),
 ( 0.000000000000000000, 0.0002258900522696270698 ),
 .UNSPECIFIED. ) ;
#3985 = CARTESIAN_POINT ( 'NONE',  ( 7.396597649596021284, 9.960557954036874051, 6.497275755948492382 ) ) ;
#3986 = CARTESIAN_POINT ( 'NONE',  ( 8.973982539007216985, 10.81999999999999851, 4.251180705356286005 ) ) ;
#3987 = EDGE_LOOP ( 'NONE', ( #6183, #220, #1077, #905 ) ) ;
#3988 = CARTESIAN_POINT ( 'NONE',  ( 6.470032044703383889, 9.900000019955603747, 7.448047429053938906 ) ) ;
#3989 = CARTESIAN_POINT ( 'NONE',  ( -7.181283997611803471, 8.349341808958087086, 6.787883781320497079 ) ) ;
#3990 = CARTESIAN_POINT ( 'NONE',  ( -1.250381994666557528, 10.81551943269443683, 9.765273698727336082 ) ) ;
#3991 = CARTESIAN_POINT ( 'NONE',  ( -7.310959706025976779, 9.296966656323728984, 6.535978891917175737 ) ) ;
#3992 = ORIENTED_EDGE ( 'NONE', *, *, #139, .F. ) ;
#3993 = EDGE_CURVE ( 'NONE', #2282, #2282, #560, .T. ) ;
#3994 = CARTESIAN_POINT ( 'NONE',  ( 6.678870988176424994, 6.770727489442837310, 20.79961865088624506 ) ) ;
#3995 = CARTESIAN_POINT ( 'NONE',  ( 6.496202248396291346, 6.999690203013187784, 20.41660069399091171 ) ) ;
#3996 = DIRECTION ( 'NONE',  ( -1.000000000000000000, 0.000000000000000000, 0.000000000000000000 ) ) ;
#3997 = CARTESIAN_POINT ( 'NONE',  ( -3.519133998076033887, 6.800000000000000711, 19.79958055990334032 ) ) ;
#3998 = CARTESIAN_POINT ( 'NONE',  ( 4.539577374943619681, 6.970285080255163024, 20.46782434704639542 ) ) ;
#3999 = ORIENTED_EDGE ( 'NONE', *, *, #6994, .F. ) ;
#4000 = DIRECTION ( 'NONE',  ( 0.000000000000000000, 1.000000000000000000, 0.000000000000000000 ) ) ;
#4001 = DIRECTION ( 'NONE',  ( 0.000000000000000000, 0.000000000000000000, -1.000000000000000000 ) ) ;
#4002 = ORIENTED_EDGE ( 'NONE', *, *, #6143, .T. ) ;
#4003 = CARTESIAN_POINT ( 'NONE',  ( -6.760965966105617397, 10.80114195817273703, -7.156351319294040891 ) ) ;
#4004 = CARTESIAN_POINT ( 'NONE',  ( -8.901102426010840674, 11.77999999999999936, 4.206471276695465278 ) ) ;
#4005 = DIRECTION ( 'NONE',  ( 0.000000000000000000, -1.000000000000000000, 0.000000000000000000 ) ) ;
#4006 = DIRECTION ( 'NONE',  ( 0.000000000000000000, 0.000000000000000000, 1.000000000000000000 ) ) ;
#4007 = CIRCLE ( 'NONE', #7430, 0.04999999999999921174 ) ;
#4008 = CARTESIAN_POINT ( 'NONE',  ( -3.116906941521706109, 6.114679975377138810, 18.58984048506355435 ) ) ;
#4009 = FACE_OUTER_BOUND ( 'NONE', #4937, .T. ) ;
#4010 = VECTOR ( 'NONE', #554, 1000.000000000000000 ) ;
#4011 = EDGE_CURVE ( 'NONE', #1768, #4719, #7846, .T. ) ;
#4012 = CARTESIAN_POINT ( 'NONE',  ( 6.539587340866996890, 6.799999397791973266, 20.83830799979977044 ) ) ;
#4013 = B_SPLINE_CURVE_WITH_KNOTS ( 'NONE', 3,
 ( #1759, #4927, #6665, #1602, #4259, #6781, #6166, #6706, #4106, #6625, #3544, #3505, #365, #1023, #1063, #6051 ),
 .UNSPECIFIED., .F., .F.,
 ( 4, 3, 3, 3, 3, 4 ),
 ( 0.000000000000000000, 6.675202898540861223E-06, 1.334887914328057590E-05, 2.004671926365808103E-05, 2.679650801738071481E-05, 3.136835858832839842E-05 ),
 .UNSPECIFIED. ) ;
#4014 = AXIS2_PLACEMENT_3D ( 'NONE', #766, #3295, #5179 ) ;
#4015 = CARTESIAN_POINT ( 'NONE',  ( 4.698230304365352161, 6.000000000000000000, 17.54830018564306471 ) ) ;
#4016 = ORIENTED_EDGE ( 'NONE', *, *, #5430, .F. ) ;
#4017 = CARTESIAN_POINT ( 'NONE',  ( 0.000000000000000000, 8.163233517243998705, 0.000000000000000000 ) ) ;
#4018 = CARTESIAN_POINT ( 'NONE',  ( -7.129161611978902968, 9.321449482431368949, 6.927686762791711139 ) ) ;
#4019 = CARTESIAN_POINT ( 'NONE',  ( -8.213346533494034318, 6.227335931738947394, 5.457319203249362261 ) ) ;
#4020 = CARTESIAN_POINT ( 'NONE',  ( 4.728506156428927909, 10.81715293021752089, -8.635117522091670494 ) ) ;
#4021 = FACE_OUTER_BOUND ( 'NONE', #3271, .T. ) ;
#4022 = EDGE_CURVE ( 'NONE', #3738, #4152, #180, .T. ) ;
#4023 = ADVANCED_FACE ( 'NONE', ( #387, #3485 ), #2203, .F. ) ;
#4024 = CARTESIAN_POINT ( 'NONE',  ( -2.499999999999958256, 5.899999999999998579, 22.89999999999999503 ) ) ;
#4025 = AXIS2_PLACEMENT_3D ( 'NONE', #7006, #4571, #7049 ) ;
#4026 = CARTESIAN_POINT ( 'NONE',  ( 7.078041782216977218, 8.368761769189887900, 6.858381758238575543 ) ) ;
#4027 = EDGE_LOOP ( 'NONE', ( #1239, #2908, #4828, #8011 ) ) ;
#4028 = CARTESIAN_POINT ( 'NONE',  ( 4.321208766340713048, 7.000000000000000000, 20.12537257916093481 ) ) ;
#4029 = CARTESIAN_POINT ( 'NONE',  ( 6.465180984532858943, 9.700000020712348459, 7.453070863683151082 ) ) ;
#4030 = CARTESIAN_POINT ( 'NONE',  ( 7.128760313334218779, 8.400485256908226006, 6.912854982492914857 ) ) ;
#4031 = CARTESIAN_POINT ( 'NONE',  ( 4.061776405420618019, 6.997607489240256662, 19.43639635597434534 ) ) ;
#4032 = CARTESIAN_POINT ( 'NONE',  ( -7.189945764936561012, 9.726372405384731579, 7.095263071436258784 ) ) ;
#4033 = EDGE_CURVE ( 'NONE', #803, #5666, #2821, .T. ) ;
#4034 = ORIENTED_EDGE ( 'NONE', *, *, #7394, .F. ) ;
#4035 = AXIS2_PLACEMENT_3D ( 'NONE', #2039, #833, #2080 ) ;
#4036 = CARTESIAN_POINT ( 'NONE',  ( 0.000000000000000000, 10.81999999999999851, 0.000000000000000000 ) ) ;
#4037 = CARTESIAN_POINT ( 'NONE',  ( 6.495200656894065006, 6.999872404544830395, 20.41696584282520988 ) ) ;
#4038 = CARTESIAN_POINT ( 'NONE',  ( 1.999999999999964029, 4.000000000000000000, 22.89999999999999503 ) ) ;
#4039 = CARTESIAN_POINT ( 'NONE',  ( 0.000000000000000000, 10.81999999999999851, 0.000000000000000000 ) ) ;
#4040 = PLANE ( 'NONE',  #2280 ) ;
#4041 = FACE_OUTER_BOUND ( 'NONE', #5817, .T. ) ;
#4042 = ORIENTED_EDGE ( 'NONE', *, *, #3074, .T. ) ;
#4043 = VECTOR ( 'NONE', #3297, 1000.000000000000000 ) ;
#4044 = CARTESIAN_POINT ( 'NONE',  ( 1.999999999999964029, 4.100000000000000533, 23.29999999999999716 ) ) ;
#4045 = ORIENTED_EDGE ( 'NONE', *, *, #1212, .F. ) ;
#4046 = CARTESIAN_POINT ( 'NONE',  ( -5.231356120501143181, 6.820000000000000284, 23.44087549234617285 ) ) ;
#4047 = CARTESIAN_POINT ( 'NONE',  ( -4.944376372011196175, 6.799999999999999822, 21.24107882589090579 ) ) ;
#4048 = DIRECTION ( 'NONE',  ( -1.000000000000000000, 0.000000000000000000, 1.297293286543591323E-16 ) ) ;
#4049 = AXIS2_PLACEMENT_3D ( 'NONE', #4964, #4383, #4471 ) ;
#4050 = CARTESIAN_POINT ( 'NONE',  ( -6.761008721318179759, 6.000000000000000000, 20.67468392545824329 ) ) ;
#4051 = CARTESIAN_POINT ( 'NONE',  ( -4.670107090621868018, 6.032474908038602202, 21.32185249830665441 ) ) ;
#4052 = AXIS2_PLACEMENT_3D ( 'NONE', #3138, #47, #7584 ) ;
#4053 = CARTESIAN_POINT ( 'NONE',  ( 1.247035245997009101, 11.79047856838149677, 9.765701618176050758 ) ) ;
#4054 = AXIS2_PLACEMENT_3D ( 'NONE', #4039, #1336, #4657 ) ;
#4055 = ORIENTED_EDGE ( 'NONE', *, *, #7844, .F. ) ;
#4056 = CARTESIAN_POINT ( 'NONE',  ( 8.895373302774972402, 10.80103081172615909, 4.218573646260830756 ) ) ;
#4057 = VERTEX_POINT ( 'NONE', #7886 ) ;
#4058 = B_SPLINE_CURVE_WITH_KNOTS ( 'NONE', 3,
 ( #5835, #5999, #5384, #7734, #4599, #4018, #4062, #2799, #2253, #929, #2094, #7118, #2131, #1474 ),
 .UNSPECIFIED., .F., .F.,
 ( 4, 2, 2, 2, 2, 2, 4 ),
 ( 0.000000000000000000, 0.0001082612065147308116, 0.0001623918097720947131, 0.0002165224130294586416, 0.0002706530162868225160, 0.0003247836195441864446, 0.0004330448260589107238 ),
 .UNSPECIFIED. ) ;
#4059 = CARTESIAN_POINT ( 'NONE',  ( 4.483408361254846319, 6.000000000000000000, 17.72128847096739079 ) ) ;
#4060 = CYLINDRICAL_SURFACE ( 'NONE', #4156, 4.584519503718790467 ) ;
#4061 = AXIS2_PLACEMENT_3D ( 'NONE', #3298, #3337, #5804 ) ;
#4062 = CARTESIAN_POINT ( 'NONE',  ( -7.142679970135655587, 9.335382672450808883, 6.923565660974980496 ) ) ;
#4063 = EDGE_CURVE ( 'NONE', #8108, #7091, #7414, .T. ) ;
#4064 = CARTESIAN_POINT ( 'NONE',  ( 4.712938295970314329, 10.79999999999999893, -8.643624400489516191 ) ) ;
#4066 = ORIENTED_EDGE ( 'NONE', *, *, #4980, .T. ) ;
#4065 = CARTESIAN_POINT ( 'NONE',  ( -6.521390868343245550, 9.651242962159765071, 7.375347591601287611 ) ) ;
#4067 = CARTESIAN_POINT ( 'NONE',  ( 7.157518576416980416, 8.313260602976585645, 6.890379342684322950 ) ) ;
#4068 = ORIENTED_EDGE ( 'NONE', *, *, #639, .T. ) ;
#4069 = CARTESIAN_POINT ( 'NONE',  ( 5.141764320540833211, 7.303744481731377469, 17.20996984995398904 ) ) ;
#4070 = EDGE_CURVE ( 'NONE', #1024, #7547, #4707, .T. ) ;
#4071 = CARTESIAN_POINT ( 'NONE',  ( 9.778541063641521092, 0.000000000000000000, 1.839194026381274050 ) ) ;
#4072 = VECTOR ( 'NONE', #2063, 1000.000000000000000 ) ;
#4073 = EDGE_CURVE ( 'NONE', #1887, #6009, #6605, .T. ) ;
#4074 = CARTESIAN_POINT ( 'NONE',  ( 4.062856916873412771, 6.998175921001215549, 19.43508591063359958 ) ) ;
#4075 = CARTESIAN_POINT ( 'NONE',  ( -7.288264657103852073, 9.203153960209577988, 6.479419032337585982 ) ) ;
#4076 = ORIENTED_EDGE ( 'NONE', *, *, #7703, .T. ) ;
#4077 = ORIENTED_EDGE ( 'NONE', *, *, #7453, .F. ) ;
#4078 = DIRECTION ( 'NONE',  ( -0.9510565162951545304, 0.000000000000000000, -0.3090169943749447867 ) ) ;
#4079 = EDGE_CURVE ( 'NONE', #8107, #7536, #5838, .T. ) ;
#4080 = CARTESIAN_POINT ( 'NONE',  ( -5.176305225387292097, 9.364516526442802302, 11.72564322337703402 ) ) ;
#4081 = CARTESIAN_POINT ( 'NONE',  ( -5.809838894945814403, 6.738240141168011732, 21.40822254268724123 ) ) ;
#4082 = DIRECTION ( 'NONE',  ( 0.000000000000000000, 0.000000000000000000, -1.000000000000000000 ) ) ;
#4083 = AXIS2_PLACEMENT_3D ( 'NONE', #5579, #8091, #2456 ) ;
#4084 = CARTESIAN_POINT ( 'NONE',  ( -2.509133998076038541, 6.600000000000000533, 19.64958055990333463 ) ) ;
#4085 = EDGE_LOOP ( 'NONE', ( #5651 ) ) ;
#4086 = LINE ( 'NONE', #5636, #2342 ) ;
#4087 = EDGE_LOOP ( 'NONE', ( #4323, #6035, #3588, #7139 ) ) ;
#4088 = CARTESIAN_POINT ( 'NONE',  ( 2.385244779468109755E-15, 6.800000000000000711, 21.69999999999999574 ) ) ;
#4089 = CARTESIAN_POINT ( 'NONE',  ( 5.300000000000001599, 6.049999999999999822, 19.38047814307507366 ) ) ;
#4090 = CARTESIAN_POINT ( 'NONE',  ( -4.895757551429175791, 6.819999999999998508, 21.16702921574279372 ) ) ;
#4091 = CARTESIAN_POINT ( 'NONE',  ( 5.309596136520894127, 7.335973941154754208, 18.80555947608376144 ) ) ;
#4092 = CARTESIAN_POINT ( 'NONE',  ( -4.867976690035716203, 5.282804637009897775, 19.27336593614029425 ) ) ;
#4093 = CARTESIAN_POINT ( 'NONE',  ( 1.250000000000143219, 11.78142075262612565, 9.765322575317197717 ) ) ;
#4094 = VERTEX_POINT ( 'NONE', #5410 ) ;
#4095 = CARTESIAN_POINT ( 'NONE',  ( -4.731245491106488288, 11.79067960927247860, -8.633617030542469095 ) ) ;
#4096 = ORIENTED_EDGE ( 'NONE', *, *, #4714, .F. ) ;
#4097 = CARTESIAN_POINT ( 'NONE',  ( 3.668537735102472386, 6.000000000000000000, 19.65161876916113215 ) ) ;
#4098 = CARTESIAN_POINT ( 'NONE',  ( -4.100331417357103270, 6.799999999999998934, 18.05670542645761145 ) ) ;
#4099 = CARTESIAN_POINT ( 'NONE',  ( -3.960962332834268018, 6.000000000000000000, 20.21401978803966770 ) ) ;
#4100 = CARTESIAN_POINT ( 'NONE',  ( 2.313032830975961573, 6.800000000000000711, 19.79958055990334032 ) ) ;
#4101 = CARTESIAN_POINT ( 'NONE',  ( -6.424821642706378455, 6.820000000000000284, 23.57836966310849292 ) ) ;
#4102 = DIRECTION ( 'NONE',  ( 0.9510565162951500895, 0.000000000000000000, -0.3090169943749581649 ) ) ;
#4103 = AXIS2_PLACEMENT_3D ( 'NONE', #7839, #5199, #7757 ) ;
#4105 = EDGE_LOOP ( 'NONE', ( #7892 ) ) ;
#4104 = CARTESIAN_POINT ( 'NONE',  ( 0.000000000000000000, 3.900000000000000355, 0.000000000000000000 ) ) ;
#4106 = CARTESIAN_POINT ( 'NONE',  ( -9.672256009070432370, 11.79569196017576793, 1.836162374084284732 ) ) ;
#4107 = VERTEX_POINT ( 'NONE', #7922 ) ;
#4108 = CARTESIAN_POINT ( 'NONE',  ( -6.813399476130547860, 10.81999999999999851, -7.251212835013462588 ) ) ;
#4109 = CARTESIAN_POINT ( 'NONE',  ( 5.180207657965882895, 7.299179733699106443, 17.99796898046349014 ) ) ;
#4110 = DIRECTION ( 'NONE',  ( -1.000000000000000000, 0.000000000000000000, 1.297293286543591323E-16 ) ) ;
#4111 = CARTESIAN_POINT ( 'NONE',  ( 4.063340491244273878, 6.998393316822681953, 19.43488528119777570 ) ) ;
#4112 = CARTESIAN_POINT ( 'NONE',  ( -6.677636049244186189, 10.00639109388933967, 7.290357642077894162 ) ) ;
#4113 = EDGE_CURVE ( 'NONE', #2395, #4827, #4909, .T. ) ;
#4114 = ORIENTED_EDGE ( 'NONE', *, *, #1450, .F. ) ;
#4115 = CIRCLE ( 'NONE', #7805, 10.82109522994251449 ) ;
#4116 = ORIENTED_EDGE ( 'NONE', *, *, #4924, .T. ) ;
#4117 = CARTESIAN_POINT ( 'NONE',  ( 4.083628352822949559, 5.800000000000004263, 19.54143287813160512 ) ) ;
#4118 = CARTESIAN_POINT ( 'NONE',  ( -5.104680043279237189, 7.450095260006286857, 16.87180584239197145 ) ) ;
#4119 = CARTESIAN_POINT ( 'NONE',  ( -5.297046043050201547, 7.135134872240039172, 18.00440581286473929 ) ) ;
#4120 = CARTESIAN_POINT ( 'NONE',  ( 0.000000000000000000, 10.79999999999999893, 0.000000000000000000 ) ) ;
#4121 = CARTESIAN_POINT ( 'NONE',  ( 6.871144963760488444, 9.802966644094150084, 7.269798219296609076 ) ) ;
#4122 = AXIS2_PLACEMENT_3D ( 'NONE', #2451, #3191, #5039 ) ;
#4123 = ORIENTED_EDGE ( 'NONE', *, *, #7925, .F. ) ;
#4124 = EDGE_CURVE ( 'NONE', #2813, #5048, #562, .T. ) ;
#4125 = EDGE_CURVE ( 'NONE', #3235, #6761, #1360, .T. ) ;
#4126 = ORIENTED_EDGE ( 'NONE', *, *, #4274, .T. ) ;
#4127 = CARTESIAN_POINT ( 'NONE',  ( 6.680789776143186032, 9.704501432125191229, 7.339296155538661992 ) ) ;
#4128 = CARTESIAN_POINT ( 'NONE',  ( 0.6570922415819607787, 6.980000000000000426, 22.91389368417637940 ) ) ;
#4129 = FACE_OUTER_BOUND ( 'NONE', #1371, .T. ) ;
#4130 = CARTESIAN_POINT ( 'NONE',  ( 4.072324875507381314, 7.000000000000000888, 19.45606775017769863 ) ) ;
#4131 = CARTESIAN_POINT ( 'NONE',  ( -5.118821951880166310, 6.263334310615152667, 21.96254331506413848 ) ) ;
#4132 = CARTESIAN_POINT ( 'NONE',  ( 1.242569442734824614, 11.79555664201516230, 9.766270843058933337 ) ) ;
#4133 = ADVANCED_FACE ( 'NONE', ( #6103 ), #8002, .T. ) ;
#4134 = ORIENTED_EDGE ( 'NONE', *, *, #7143, .F. ) ;
#4135 = DIRECTION ( 'NONE',  ( 0.5877852522924810197, 0.000000000000000000, -0.8090169943749417891 ) ) ;
#4136 = ORIENTED_EDGE ( 'NONE', *, *, #1308, .T. ) ;
#4137 = CARTESIAN_POINT ( 'NONE',  ( 4.228194338525177898, 6.000000000000000000, 17.94590233798035328 ) ) ;
#4138 = CARTESIAN_POINT ( 'NONE',  ( -4.334294586897873280, 6.000000000000000000, 17.85284117469533527 ) ) ;
#4139 = DIRECTION ( 'NONE',  ( 0.000000000000000000, 1.000000000000000000, 0.000000000000000000 ) ) ;
#4140 = CARTESIAN_POINT ( 'NONE',  ( 3.781316359474297339, 5.800000000000000711, 18.50366573440388862 ) ) ;
#4141 = CARTESIAN_POINT ( 'NONE',  ( -4.321208766340709495, 6.980000000000000426, 20.12537257916093125 ) ) ;
#4143 = VERTEX_POINT ( 'NONE', #4871 ) ;
#4142 = CARTESIAN_POINT ( 'NONE',  ( -5.309596136519068033, 7.335973941154739997, 18.80555947608380052 ) ) ;
#4144 = DIRECTION ( 'NONE',  ( 0.5877852522924685852, 0.000000000000000000, -0.8090169943749507819 ) ) ;
#4145 = ORIENTED_EDGE ( 'NONE', *, *, #4616, .T. ) ;
#4146 = AXIS2_PLACEMENT_3D ( 'NONE', #4153, #3390, #6553 ) ;
#4147 = CARTESIAN_POINT ( 'NONE',  ( -5.357853958845752551, 7.319518417185474135, 18.71099307872449558 ) ) ;
#4148 = DIRECTION ( 'NONE',  ( -0.000000000000000000, -1.000000000000000000, -0.000000000000000000 ) ) ;
#4149 = CARTESIAN_POINT ( 'NONE',  ( -2.399999999999958167, 4.000000000000000000, 22.89999999999999503 ) ) ;
#4150 = CARTESIAN_POINT ( 'NONE',  ( -6.394491141902571840, 9.678805837719625771, 7.399823455747464251 ) ) ;
#4151 = VECTOR ( 'NONE', #1692, 1000.000000000000000 ) ;
#4152 = VERTEX_POINT ( 'NONE', #5984 ) ;
#4153 = CARTESIAN_POINT ( 'NONE',  ( -7.389646018095829660, 6.820000000000000284, 22.86256345725345440 ) ) ;
#4154 = ORIENTED_EDGE ( 'NONE', *, *, #6173, .F. ) ;
#4155 = DIRECTION ( 'NONE',  ( -0.000000000000000000, -1.000000000000000000, -0.000000000000000000 ) ) ;
#4156 = AXIS2_PLACEMENT_3D ( 'NONE', #6353, #7589, #2651 ) ;
#4157 = CARTESIAN_POINT ( 'NONE',  ( -5.200330760611887371, 7.228308768018235853, 18.60237012714701166 ) ) ;
#4158 = CARTESIAN_POINT ( 'NONE',  ( -7.009401077440991834, 7.080607308156388946, 19.62740610271970354 ) ) ;
#4159 = ADVANCED_FACE ( 'NONE', ( #6567 ), #917, .T. ) ;
#4160 = CARTESIAN_POINT ( 'NONE',  ( 6.988251000907635735, 9.738634800557916193, 7.231468274923037676 ) ) ;
#4161 = VERTEX_POINT ( 'NONE', #5025 ) ;
#4162 = ORIENTED_EDGE ( 'NONE', *, *, #5542, .F. ) ;
#4163 = CARTESIAN_POINT ( 'NONE',  ( -5.799282471249000537, 6.049999999999999822, 21.67682676946077081 ) ) ;
#4164 = CIRCLE ( 'NONE', #5751, 16.80000000000000071 ) ;
#4165 = DIRECTION ( 'NONE',  ( -0.5877852522924802425, -0.000000000000000000, -0.8090169943749423442 ) ) ;
#4166 = FACE_OUTER_BOUND ( 'NONE', #6094, .T. ) ;
#4167 = ADVANCED_FACE ( 'NONE', ( #6803 ), #3104, .T. ) ;
#4168 = DIRECTION ( 'NONE',  ( 0.000000000000000000, 1.000000000000000000, 0.000000000000000000 ) ) ;
#4169 = ADVANCED_FACE ( 'NONE', ( #1857 ), #4360, .F. ) ;
#4170 = AXIS2_PLACEMENT_3D ( 'NONE', #2791, #4627, #4006 ) ;
#4171 = CARTESIAN_POINT ( 'NONE',  ( 4.761323057842065332, 11.77999999999999936, -8.714052027550760471 ) ) ;
#4172 = VECTOR ( 'NONE', #1459, 1000.000000000000000 ) ;
#4173 = CARTESIAN_POINT ( 'NONE',  ( 6.013476198230283565, 6.319860660589463386, 16.56119634321859735 ) ) ;
#4174 = ORIENTED_EDGE ( 'NONE', *, *, #5584, .T. ) ;
#4175 = LINE ( 'NONE', #6072, #1288 ) ;
#4176 = ORIENTED_EDGE ( 'NONE', *, *, #7995, .F. ) ;
#4177 = VECTOR ( 'NONE', #1804, 1000.000000000000000 ) ;
#4178 = CARTESIAN_POINT ( 'NONE',  ( 4.229502141234361190, 6.000000000000000000, 20.68905722974732342 ) ) ;
#4179 = ADVANCED_FACE ( 'NONE', ( #6763 ), #7538, .F. ) ;
#4180 = CARTESIAN_POINT ( 'NONE',  ( -3.919597320443613864, 6.000000000000000000, 20.14352290614533914 ) ) ;
#4181 = CARTESIAN_POINT ( 'NONE',  ( -6.992831945748592126, 8.599999999999999645, 6.928781967098553096 ) ) ;
#4182 = CARTESIAN_POINT ( 'NONE',  ( 9.774311931309776824, 10.81999999999999851, 1.861538683308893827 ) ) ;
#4183 = CARTESIAN_POINT ( 'NONE',  ( -3.089133998076035947, 6.600000000000000533, 19.79958055990334032 ) ) ;
#4184 = AXIS2_PLACEMENT_3D ( 'NONE', #631, #2498, #6900 ) ;
#4186 = EDGE_LOOP ( 'NONE', ( #7509 ) ) ;
#4185 = CARTESIAN_POINT ( 'NONE',  ( 5.287138665393669612, 7.335604916775539941, 18.81454604060308355 ) ) ;
#4187 = CIRCLE ( 'NONE', #2891, 0.09999999999999982514 ) ;
#4188 = DIRECTION ( 'NONE',  ( -0.9820588696906381587, 0.000000000000000000, -0.1885745912416260939 ) ) ;
#4189 = ORIENTED_EDGE ( 'NONE', *, *, #1656, .T. ) ;
#4190 = CYLINDRICAL_SURFACE ( 'NONE', #3624, 0.02000000000000019124 ) ;
#4191 = DIRECTION ( 'NONE',  ( 1.000000000000000000, 0.000000000000000000, 0.000000000000000000 ) ) ;
#4192 = CARTESIAN_POINT ( 'NONE',  ( 4.066045851387961818, 6.999298982918267242, 19.43701667571325231 ) ) ;
#4193 = TOROIDAL_SURFACE ( 'NONE', #1435, 1.229999999999970894, 0.02000000000000000042 ) ;
#4194 = CARTESIAN_POINT ( 'NONE',  ( -7.015250875163255628, 9.667198070896953155, 7.244754864539690864 ) ) ;
#4195 = ORIENTED_EDGE ( 'NONE', *, *, #485, .T. ) ;
#4196 = ORIENTED_EDGE ( 'NONE', *, *, #6595, .T. ) ;
#4197 = VECTOR ( 'NONE', #4981, 1000.000000000000000 ) ;
#4198 = DIRECTION ( 'NONE',  ( -1.000000000000000000, 0.000000000000000000, 0.000000000000000000 ) ) ;
#4199 = CARTESIAN_POINT ( 'NONE',  ( -5.125726154035157300, 9.342433229755830126, 13.42811429160694381 ) ) ;
#4200 = CARTESIAN_POINT ( 'NONE',  ( -7.266919677649038789, 6.967978184711484779, 19.44705968799164353 ) ) ;
#4201 = CARTESIAN_POINT ( 'NONE',  ( 9.671538740589097571, 11.79810775233106490, 1.839936949818973932 ) ) ;
#4202 = ORIENTED_EDGE ( 'NONE', *, *, #3871, .F. ) ;
#4203 = ORIENTED_EDGE ( 'NONE', *, *, #6894, .T. ) ;
#4204 = CARTESIAN_POINT ( 'NONE',  ( 0.000000000000000000, 8.427478753541080891, -14.39589235127478517 ) ) ;
#4205 = EDGE_CURVE ( 'NONE', #8154, #75, #610, .T. ) ;
#4206 = CARTESIAN_POINT ( 'NONE',  ( -4.919496654748554576, 6.806850663717432859, 21.21243595787014513 ) ) ;
#4207 = DIRECTION ( 'NONE',  ( -0.000000000000000000, -1.000000000000000000, 0.000000000000000000 ) ) ;
#4208 = VECTOR ( 'NONE', #1337, 1000.000000000000000 ) ;
#4209 = DIRECTION ( 'NONE',  ( -0.8090169943749507819, 0.000000000000000000, -0.5877852522924685852 ) ) ;
#4210 = CARTESIAN_POINT ( 'NONE',  ( 3.116906941521706109, 6.114679975377138810, 18.58984048506355435 ) ) ;
#4211 = ORIENTED_EDGE ( 'NONE', *, *, #1103, .F. ) ;
#4212 = CARTESIAN_POINT ( 'NONE',  ( -6.515052400012061540, 6.980000000000000426, 20.45037550259742787 ) ) ;
#4213 = EDGE_CURVE ( 'NONE', #7314, #3514, #5396, .T. ) ;
#4214 = ORIENTED_EDGE ( 'NONE', *, *, #7131, .T. ) ;
#4215 = TOROIDAL_SURFACE ( 'NONE', #3822, 0.04000000000000000083, 0.02000000000000000042 ) ;
#4216 = CARTESIAN_POINT ( 'NONE',  ( 0.000000000000000000, 6.600000000000000533, 0.000000000000000000 ) ) ;
#4217 = CARTESIAN_POINT ( 'NONE',  ( -3.591739786847459204, 6.000000000000000000, 19.49968247069078231 ) ) ;
#4218 = CARTESIAN_POINT ( 'NONE',  ( -7.112355697299145518, 8.520163905873310739, 6.808781978230904919 ) ) ;
#4219 = DIRECTION ( 'NONE',  ( 0.000000000000000000, 0.000000000000000000, 1.000000000000000000 ) ) ;
#4220 = CARTESIAN_POINT ( 'NONE',  ( 7.434193667124851856, 9.292796544032405848, 6.133358919629272599 ) ) ;
#4221 = DIRECTION ( 'NONE',  ( -0.9827679460946261436, 0.000000000000000000, -0.1848436207418312216 ) ) ;
#4222 = EDGE_CURVE ( 'NONE', #3625, #913, #2479, .T. ) ;
#4223 = ADVANCED_FACE ( 'NONE', ( #7459, #3096 ), #1165, .T. ) ;
#4224 = ORIENTED_EDGE ( 'NONE', *, *, #3993, .T. ) ;
#4225 = CARTESIAN_POINT ( 'NONE',  ( -4.811340560054155446, 6.800000000000000711, 17.13298799810183937 ) ) ;
#4226 = CARTESIAN_POINT ( 'NONE',  ( -1.238834680530709109, 11.79808186012022908, 9.766745479343864389 ) ) ;
#4227 = CARTESIAN_POINT ( 'NONE',  ( 3.643034692307676181, 6.799999999999998046, 18.50149951266784143 ) ) ;
#4228 = CARTESIAN_POINT ( 'NONE',  ( -6.435386688645217568, 9.486941475088801923, 7.370642694342386392 ) ) ;
#4229 = CARTESIAN_POINT ( 'NONE',  ( 4.811340560054161664, 6.049999999999999822, 17.13298799810183581 ) ) ;
#4230 = ORIENTED_EDGE ( 'NONE', *, *, #7157, .F. ) ;
#4231 = ORIENTED_EDGE ( 'NONE', *, *, #6730, .T. ) ;
#4232 = CIRCLE ( 'NONE', #4122, 4.584519503718945899 ) ;
#4233 = CARTESIAN_POINT ( 'NONE',  ( -9.778502033903922808, 10.81978906217681136, 1.839401537870725578 ) ) ;
#4234 = CARTESIAN_POINT ( 'NONE',  ( -4.936655581827056771, 9.139994836987826332, 13.36677001676289933 ) ) ;
#4235 = CARTESIAN_POINT ( 'NONE',  ( -8.223982589424696954, 6.515036628053277212, 19.71754016251787434 ) ) ;
#4236 = DIRECTION ( 'NONE',  ( 0.000000000000000000, 1.000000000000000000, -0.000000000000000000 ) ) ;
#4237 = ORIENTED_EDGE ( 'NONE', *, *, #5225, .F. ) ;
#4238 = VECTOR ( 'NONE', #2403, 1000.000000000000000 ) ;
#4239 = EDGE_CURVE ( 'NONE', #726, #2352, #1660, .T. ) ;
#4240 = ORIENTED_EDGE ( 'NONE', *, *, #4855, .T. ) ;
#4241 = CARTESIAN_POINT ( 'NONE',  ( -3.089133998076035947, 6.600000000000000533, 19.21958055990333847 ) ) ;
#4242 = CARTESIAN_POINT ( 'NONE',  ( -3.519133998076033887, 6.600000000000000533, 19.64958055990333463 ) ) ;
#4243 = DIRECTION ( 'NONE',  ( 8.673617379884087537E-15, 0.000000000000000000, -1.000000000000000000 ) ) ;
#4244 = CARTESIAN_POINT ( 'NONE',  ( 5.656715517061606135, 7.000000000000003553, 20.84974849755590398 ) ) ;
#4245 = DIRECTION ( 'NONE',  ( -4.336808689942006376E-14, 0.000000000000000000, 1.000000000000000000 ) ) ;
#4246 = DIRECTION ( 'NONE',  ( 0.000000000000000000, 1.000000000000000000, 0.000000000000000000 ) ) ;
#4247 = ORIENTED_EDGE ( 'NONE', *, *, #1863, .F. ) ;
#4248 = FACE_OUTER_BOUND ( 'NONE', #3670, .T. ) ;
#4249 = ORIENTED_EDGE ( 'NONE', *, *, #6915, .F. ) ;
#4250 = B_SPLINE_CURVE_WITH_KNOTS ( 'NONE', 3,
 ( #6227, #6842, #3097, #5604, #8116, #2480, #3180, #1858, #4361, #1233, #5647, #5686, #7627, #6431, #1988, #1528, #1490, #6389, #3995, #4037, #1405, #737, #1364, #5196, #5774 ),
 .UNSPECIFIED., .F., .F.,
 ( 4, 3, 3, 3, 3, 3, 3, 3, 4 ),
 ( 0.000000000000000000, 2.215395829778296063E-05, 2.940907287629781981E-05, 3.861982026854977033E-05, 4.159818832329968046E-05, 4.462218283186253825E-05, 4.735017477895540661E-05, 5.055972404048254593E-05, 5.125322879106233392E-05 ),
 .UNSPECIFIED. ) ;
#4251 = CARTESIAN_POINT ( 'NONE',  ( 3.881768556438461193, 6.000000000000000000, 20.07703278842438266 ) ) ;
#4252 = CARTESIAN_POINT ( 'NONE',  ( -3.929934763173271506, 6.000000000000000000, 20.16133958130664539 ) ) ;
#4253 = CARTESIAN_POINT ( 'NONE',  ( -7.335584850927707734, 8.084887288609960976, 6.811771552141529185 ) ) ;
#4254 = CARTESIAN_POINT ( 'NONE',  ( -6.539587320791083513, 6.800000000000000711, 20.83830674260543248 ) ) ;
#4255 = CARTESIAN_POINT ( 'NONE',  ( 7.335224231743773693, 10.16346852604072737, 6.525978288061414112 ) ) ;
#4256 = EDGE_CURVE ( 'NONE', #5409, #5409, #473, .T. ) ;
#4257 = EDGE_LOOP ( 'NONE', ( #1519, #4231, #7046, #6466 ) ) ;
#4258 = CARTESIAN_POINT ( 'NONE',  ( 4.944504552425158295, 6.799999999997650590, 21.24113322490707034 ) ) ;
#4259 = CARTESIAN_POINT ( 'NONE',  ( -9.673299284495275430, 11.78867920919396362, 1.830657394537198668 ) ) ;
#4260 = EDGE_LOOP ( 'NONE', ( #6798 ) ) ;
#4261 = CARTESIAN_POINT ( 'NONE',  ( -2.499999999999958256, -4.348755257721902190, 23.39999999999999858 ) ) ;
#4262 = B_SPLINE_CURVE_WITH_KNOTS ( 'NONE', 3,
 ( #3082, #2419, #8020, #6163, #550, #3045, #6080, #2258, #1177, #6824, #1097, #4765, #1020, #4808, #2341, #4142 ),
 .UNSPECIFIED., .F., .F.,
 ( 4, 3, 3, 3, 3, 4 ),
 ( 0.000000000000000000, 9.017733515204885196E-06, 1.818886561761328630E-05, 2.499138808538328241E-05, 3.175825021485452888E-05, 4.396257836074333422E-05 ),
 .UNSPECIFIED. ) ;
#4263 = CARTESIAN_POINT ( 'NONE',  ( 0.000000000000000000, 4.100000000000000533, 0.000000000000000000 ) ) ;
#4264 = CARTESIAN_POINT ( 'NONE',  ( 7.489587124846407207, 6.799999999999998934, 19.77810268713189856 ) ) ;
#4265 = EDGE_CURVE ( 'NONE', #419, #6272, #5345, .T. ) ;
#4266 = EDGE_CURVE ( 'NONE', #208, #5995, #209, .T. ) ;
#4267 = CARTESIAN_POINT ( 'NONE',  ( -7.032520163665839874, 9.477509049787308015, 7.192958968824716415 ) ) ;
#4268 = CARTESIAN_POINT ( 'NONE',  ( -9.758885704719602927, 10.79999999999999893, 1.835497153966576533 ) ) ;
#4269 = EDGE_LOOP ( 'NONE', ( #1070, #5437, #3091, #7650 ) ) ;
#4270 = VERTEX_POINT ( 'NONE', #7130 ) ;
#4271 = PLANE ( 'NONE',  #2719 ) ;
#4272 = B_SPLINE_CURVE_WITH_KNOTS ( 'NONE', 3,
 ( #3028, #501, #7388, #4283, #1739, #4244, #1704, #1003, #2950, #4910, #6765, #6727, #3676, #7349, #4751, #6806, #6189, #4130 ),
 .UNSPECIFIED., .F., .F.,
 ( 4, 2, 2, 2, 2, 2, 2, 2, 4 ),
 ( 0.002354042752865869240, 0.002759103009001059609, 0.003164163265136249979, 0.003569223521271440783, 0.003974283777406630719, 0.004379344033541821522, 0.004784404289677012326, 0.005189464545812202262, 0.005594524801947393065 ),
 .UNSPECIFIED. ) ;
#4273 = CARTESIAN_POINT ( 'NONE',  ( 6.843683328181176861, 11.79999999999999716, -7.250165412152675515 ) ) ;
#4274 = EDGE_CURVE ( 'NONE', #66, #5805, #3393, .T. ) ;
#4275 = AXIS2_PLACEMENT_3D ( 'NONE', #1730, #3628, #7991 ) ;
#4276 = PLANE ( 'NONE',  #3469 ) ;
#4277 = ORIENTED_EDGE ( 'NONE', *, *, #1604, .T. ) ;
#4278 = ORIENTED_EDGE ( 'NONE', *, *, #2538, .F. ) ;
#4279 = VERTEX_POINT ( 'NONE', #653 ) ;
#4280 = AXIS2_PLACEMENT_3D ( 'NONE', #7816, #971, #5834 ) ;
#4281 = CARTESIAN_POINT ( 'NONE',  ( -6.041953327062032919, 6.999999999999998224, 20.71775691604581127 ) ) ;
#4282 = DIRECTION ( 'NONE',  ( -0.9820588696906379367, 0.000000000000000000, -0.1885745912416265935 ) ) ;
#4283 = CARTESIAN_POINT ( 'NONE',  ( 6.042353298305416232, 7.000000000000007105, 20.71747415528028213 ) ) ;
#4284 = CARTESIAN_POINT ( 'NONE',  ( -7.485077675331096358, 6.096508971871994476, 20.30531008980361918 ) ) ;
#4285 = DIRECTION ( 'NONE',  ( 0.000000000000000000, 0.000000000000000000, 1.000000000000000000 ) ) ;
#4286 = CARTESIAN_POINT ( 'NONE',  ( 7.209617936815201134, 8.311392458294337260, 6.840204502309345180 ) ) ;
#4287 = VERTEX_POINT ( 'NONE', #906 ) ;
#4288 = FACE_OUTER_BOUND ( 'NONE', #6101, .T. ) ;
#4289 = ORIENTED_EDGE ( 'NONE', *, *, #2561, .F. ) ;
#4290 = CARTESIAN_POINT ( 'NONE',  ( -6.741390044918852631, 11.79885841573694805, -7.174795137303156878 ) ) ;
#4291 = CARTESIAN_POINT ( 'NONE',  ( 0.000000000000000000, 6.100000000000000533, 0.000000000000000000 ) ) ;
#4292 = CIRCLE ( 'NONE', #741, 9.950000000000001066 ) ;
#4293 = CIRCLE ( 'NONE', #743, 1.201359479792053042 ) ;
#4294 = CARTESIAN_POINT ( 'NONE',  ( -3.919594730243856073, 6.000000000000000000, 18.21583782572383114 ) ) ;
#4295 = CARTESIAN_POINT ( 'NONE',  ( -7.451051836458278288, 7.759096554561813797, 6.541219255002930666 ) ) ;
#4296 = DIRECTION ( 'NONE',  ( -1.000000000000000000, 0.000000000000000000, 0.000000000000000000 ) ) ;
#4297 = CARTESIAN_POINT ( 'NONE',  ( 7.396393186815686249, 9.656191392111560745, 6.576704645449424902 ) ) ;
#4298 = B_SPLINE_CURVE_WITH_KNOTS ( 'NONE', 3,
 ( #5693, #2833, #1629, #2747 ),
 .UNSPECIFIED., .F., .F.,
 ( 4, 4 ),
 ( 1.851893482493371268E-16, 0.0003737502533675073177 ),
 .UNSPECIFIED. ) ;
#4299 = LINE ( 'NONE', #5582, #3659 ) ;
#4300 = VECTOR ( 'NONE', #1727, 1000.000000000000000 ) ;
#4301 = CARTESIAN_POINT ( 'NONE',  ( 7.492397591705754145, 6.000000000000000000, 19.13530789561468382 ) ) ;
#4302 = ORIENTED_EDGE ( 'NONE', *, *, #7394, .T. ) ;
#4303 = FACE_OUTER_BOUND ( 'NONE', #8123, .T. ) ;
#4304 = ADVANCED_FACE ( 'NONE', ( #3435 ), #5363, .T. ) ;
#4305 = FACE_OUTER_BOUND ( 'NONE', #1029, .T. ) ;
#4306 = DIRECTION ( 'NONE',  ( 0.000000000000000000, 1.000000000000000000, 0.000000000000000000 ) ) ;
#4307 = TOROIDAL_SURFACE ( 'NONE', #238, 9.969999999999998863, 0.02000000000000000042 ) ;
#4308 = CARTESIAN_POINT ( 'NONE',  ( -6.494600000404039619, 6.999939624855601394, 20.41729069087897841 ) ) ;
#4309 = CIRCLE ( 'NONE', #3274, 0.1999999999999987899 ) ;
#4310 = TOROIDAL_SURFACE ( 'NONE', #1292, 0.04000000000000000083, 0.02000000000000000042 ) ;
#4311 = CARTESIAN_POINT ( 'NONE',  ( -2.939133998076038701, 6.600000000000000533, 19.79958055990334032 ) ) ;
#4312 = DIRECTION ( 'NONE',  ( 0.9510565162951404306, 8.249100328989830454E-14, -0.3090169943749879189 ) ) ;
#4313 = ORIENTED_EDGE ( 'NONE', *, *, #3113, .F. ) ;
#4314 = EDGE_CURVE ( 'NONE', #7894, #7376, #289, .T. ) ;
#4315 = ORIENTED_EDGE ( 'NONE', *, *, #7759, .F. ) ;
#4316 = EDGE_CURVE ( 'NONE', #144, #95, #7792, .T. ) ;
#4317 = FACE_OUTER_BOUND ( 'NONE', #3462, .T. ) ;
#4318 = B_SPLINE_CURVE_WITH_KNOTS ( 'NONE', 3,
 ( #7418, #1113, #1074, #528, #4201, #6720, #6137, #6678, #6797, #1771, #1153, #3520, #382, #7954, #7994, #3593 ),
 .UNSPECIFIED., .F., .F.,
 ( 4, 3, 3, 3, 3, 4 ),
 ( 8.673617379884035472E-19, 6.809599830056042673E-06, 1.362066388327529359E-05, 2.040797263590242471E-05, 2.714308747457419208E-05, 3.136851461184111831E-05 ),
 .UNSPECIFIED. ) ;
#4319 = CIRCLE ( 'NONE', #1698, 0.9999999999999998890 ) ;
#4320 = DIRECTION ( 'NONE',  ( -1.297293286543607101E-16, 0.000000000000000000, -1.000000000000000000 ) ) ;
#4321 = CARTESIAN_POINT ( 'NONE',  ( 6.870433901586736170, 9.603971012284665321, 7.279882756051753390 ) ) ;
#4322 = CIRCLE ( 'NONE', #6964, 27.24579865550350632 ) ;
#4323 = ORIENTED_EDGE ( 'NONE', *, *, #6751, .T. ) ;
#4324 = EDGE_CURVE ( 'NONE', #3262, #2692, #1258, .T. ) ;
#4325 = CARTESIAN_POINT ( 'NONE',  ( 3.116956145229397901, 6.688322240930997253, 18.59044029248438790 ) ) ;
#4326 = FACE_OUTER_BOUND ( 'NONE', #705, .T. ) ;
#4327 = DIRECTION ( 'NONE',  ( 0.1278952668680894134, 0.000000000000000000, -0.9917876792503221850 ) ) ;
#4328 = CARTESIAN_POINT ( 'NONE',  ( -8.896266553893893203, 10.80189296267286991, 4.216689578073891553 ) ) ;
#4329 = CARTESIAN_POINT ( 'NONE',  ( 1.270000000000081952, 11.77999999999999936, 9.848451654955704626 ) ) ;
#4330 =( BOUNDED_SURFACE ( )  B_SPLINE_SURFACE ( 3, 3, ( 
 ( #781, #6557, #5153, #7174, #3394, #7710, #2733, #5856, #210, #5729, #2070, #5279, #4655, #7007 ),
 ( #3307, #3348, #7094, #85, #5239, #3265, #7669, #3915, #4532, #5812, #2031, #168, #2774, #7753 ),
 ( #7050, #2687, #822, #5112, #4490, #1447, #3956, #6474, #5898, #2110, #254, #4614, #7132, #2149 ),
 ( #3476, #5364, #5403, #7914, #4199, #5318, #290, #4782, #991, #2357, #2939, #333, #3591, #5442 ),
 ( #7952, #6096, #4698, #7218, #7878, #7257, #2315, #1615, #5976, #2235, #7834, #5478, #3556, #7295 ),
 ( #2195, #4741, #2979, #4080, #4234, #7992, #908, #4118, #1651, #3517, #6636, #4865, #4822, #7378 ),
 ( #2860, #6597, #6018, #379, #947, #6676, #2904, #3436, #2275, #6718, #1072, #5937, #4157, #1033 ) ),
 .UNSPECIFIED., .T., .F., .T. ) 
 B_SPLINE_SURFACE_WITH_KNOTS ( ( 4, 3, 4 ),
 ( 4, 2, 2, 2, 2, 2, 4 ),
 ( 0.000000000000000000, 0.5000000000000000000, 1.000000000000000000 ),
 ( 0.000000000000000000, 0.3070086783423210397, 0.6140173566846420794, 0.7854570399214941823, 0.8711768815399202337, 0.9140368023491332039, 0.9568967231583462851 ),
 .UNSPECIFIED. ) 
 GEOMETRIC_REPRESENTATION_ITEM ( )  RATIONAL_B_SPLINE_SURFACE ( (
 ( 1.000000000000000000, 1.000000000000000000, 1.000000000000000000, 1.000000000000000000, 1.000000000000000000, 1.000000000000000000, 1.000000000000000000, 1.000000000000000000, 1.000000000000000000, 1.000000000000000000, 1.000000000000000000, 1.000000000000000000, 1.000000000000000000, 1.000000000000000000),
 ( 0.3333333333333333703, 0.3333333333333333703, 0.3333333333333333703, 0.3333333333333333703, 0.3333333333333333703, 0.3333333333333333703, 0.3333333333333333703, 0.3333333333333333703, 0.3333333333333333703, 0.3333333333333333703, 0.3333333333333333703, 0.3333333333333333703, 0.3333333333333333703, 0.3333333333333333703),
 ( 0.3333333333333333703, 0.3333333333333333703, 0.3333333333333333703, 0.3333333333333333703, 0.3333333333333333703, 0.3333333333333333703, 0.3333333333333333703, 0.3333333333333333703, 0.3333333333333333703, 0.3333333333333333703, 0.3333333333333333703, 0.3333333333333333703, 0.3333333333333333703, 0.3333333333333333703),
 ( 1.000000000000000000, 1.000000000000000000, 1.000000000000000000, 1.000000000000000000, 1.000000000000000000, 1.000000000000000000, 1.000000000000000000, 1.000000000000000000, 1.000000000000000000, 1.000000000000000000, 1.000000000000000000, 1.000000000000000000, 1.000000000000000000, 1.000000000000000000),
 ( 0.3333333333333333703, 0.3333333333333333703, 0.3333333333333333703, 0.3333333333333333703, 0.3333333333333333703, 0.3333333333333333703, 0.3333333333333333703, 0.3333333333333333703, 0.3333333333333333703, 0.3333333333333333703, 0.3333333333333333703, 0.3333333333333333703, 0.3333333333333333703, 0.3333333333333333703),
 ( 0.3333333333333333703, 0.3333333333333333703, 0.3333333333333333703, 0.3333333333333333703, 0.3333333333333333703, 0.3333333333333333703, 0.3333333333333333703, 0.3333333333333333703, 0.3333333333333333703, 0.3333333333333333703, 0.3333333333333333703, 0.3333333333333333703, 0.3333333333333333703, 0.3333333333333333703),
 ( 1.000000000000000000, 1.000000000000000000, 1.000000000000000000, 1.000000000000000000, 1.000000000000000000, 1.000000000000000000, 1.000000000000000000, 1.000000000000000000, 1.000000000000000000, 1.000000000000000000, 1.000000000000000000, 1.000000000000000000, 1.000000000000000000, 1.000000000000000000) ) ) 
 REPRESENTATION_ITEM ( '' )  SURFACE ( )  );
#4331 = VERTEX_POINT ( 'NONE', #1071 ) ;
#4332 = CARTESIAN_POINT ( 'NONE',  ( -9.778541063641494446, 11.77999999999999936, 1.839194026381413716 ) ) ;
#4333 = ORIENTED_EDGE ( 'NONE', *, *, #4987, .F. ) ;
#4334 = EDGE_LOOP ( 'NONE', ( #7687, #1992, #495, #54, #3532, #4237, #4068, #1931, #6316 ) ) ;
#4335 = DIRECTION ( 'NONE',  ( 0.000000000000000000, 1.000000000000000000, 0.000000000000000000 ) ) ;
#4336 = ORIENTED_EDGE ( 'NONE', *, *, #3722, .F. ) ;
#4337 = DIRECTION ( 'NONE',  ( 0.9510565162951544194, -0.000000000000000000, 0.3090169943749447312 ) ) ;
#4338 = DIRECTION ( 'NONE',  ( -0.000000000000000000, 1.000000000000000000, -0.000000000000000000 ) ) ;
#4339 = CARTESIAN_POINT ( 'NONE',  ( -7.105959438225706748, 6.000000000000000000, 18.25963109106623605 ) ) ;
#4340 = CARTESIAN_POINT ( 'NONE',  ( -7.467239281172376231, 7.437527889051156471, 6.395794929850104005 ) ) ;
#4341 = DIRECTION ( 'NONE',  ( 0.000000000000000000, 1.000000000000000000, 0.000000000000000000 ) ) ;
#4342 = CARTESIAN_POINT ( 'NONE',  ( 7.354793616507618204, 9.768073783472187799, 6.750530451753780525 ) ) ;
#4343 = CARTESIAN_POINT ( 'NONE',  ( -3.089133998076035947, 6.600000000000000533, 20.22958055990334003 ) ) ;
#4344 = CARTESIAN_POINT ( 'NONE',  ( 7.428456992486787591, 6.000000000000000000, 18.89051251160695699 ) ) ;
#4345 = ORIENTED_EDGE ( 'NONE', *, *, #5632, .T. ) ;
#4346 = CARTESIAN_POINT ( 'NONE',  ( -4.728641350681531463, 10.81999999999999851, -8.635043484350545029 ) ) ;
#4347 = CARTESIAN_POINT ( 'NONE',  ( -1.999999999999958478, 4.099999999999999645, 22.89999999999999503 ) ) ;
#4348 = CARTESIAN_POINT ( 'NONE',  ( 7.502730447817275383, 6.800000000000002487, 19.18751602180519100 ) ) ;
#4349 = CARTESIAN_POINT ( 'NONE',  ( -6.495591991138454091, 6.999791325726606672, 20.41684807934301205 ) ) ;
#4350 = LINE ( 'NONE', #5943, #7598 ) ;
#4351 = ORIENTED_EDGE ( 'NONE', *, *, #1713, .T. ) ;
#4352 = VERTEX_POINT ( 'NONE', #3515 ) ;
#4353 = CARTESIAN_POINT ( 'NONE',  ( -5.788659439945829988, 6.000000000000000000, 21.62796828804830795 ) ) ;
#4354 = FACE_OUTER_BOUND ( 'NONE', #7064, .T. ) ;
#4355 = CARTESIAN_POINT ( 'NONE',  ( 6.745750320982146775, 11.79569196017576971, -7.170696003594851042 ) ) ;
#4356 = EDGE_CURVE ( 'NONE', #3235, #215, #8100, .T. ) ;
#4357 = CIRCLE ( 'NONE', #679, 0.09999999999999982514 ) ;
#4358 = ORIENTED_EDGE ( 'NONE', *, *, #3171, .T. ) ;
#4359 = APPLICATION_PROTOCOL_DEFINITION ( 'draft international standard', 'automotive_design', 1998, #5515 ) ;
#4360 = PLANE ( 'NONE',  #6258 ) ;
#4361 = CARTESIAN_POINT ( 'NONE',  ( 6.506120076495233384, 6.995222981182322997, 20.41969458630755696 ) ) ;
#4362 = CARTESIAN_POINT ( 'NONE',  ( -4.057661792336554996, 6.989646914260078781, 19.49626937279302297 ) ) ;
#4363 = CARTESIAN_POINT ( 'NONE',  ( -8.901102426010838897, 10.81999999999999851, 4.206471276695465278 ) ) ;
#4364 = AXIS2_PLACEMENT_3D ( 'NONE', #4451, #699, #2648 ) ;
#4365 = ADVANCED_FACE ( 'NONE', ( #7336 ), #6675, .F. ) ;
#4366 = CARTESIAN_POINT ( 'NONE',  ( 6.396257367953107398, 5.631204869911194066, 18.20301775193190608 ) ) ;
#4367 = ADVANCED_FACE ( 'NONE', ( #1032 ), #5278, .F. ) ;
#4368 = ORIENTED_EDGE ( 'NONE', *, *, #7131, .F. ) ;
#4369 = CARTESIAN_POINT ( 'NONE',  ( 7.210061511681664648, 8.315746238473900931, 6.829684565795532514 ) ) ;
#4370 = EDGE_LOOP ( 'NONE', ( #1266, #420, #353 ) ) ;
#4371 = VERTEX_POINT ( 'NONE', #416 ) ;
#4372 = CYLINDRICAL_SURFACE ( 'NONE', #3414, 4.584519503718946787 ) ;
#4373 = VERTEX_POINT ( 'NONE', #5402 ) ;
#4374 = AXIS2_PLACEMENT_3D ( 'NONE', #750, #2658, #7022 ) ;
#4375 = CIRCLE ( 'NONE', #4908, 0.01999999999999974715 ) ;
#4376 = DIRECTION ( 'NONE',  ( 0.000000000000000000, 1.000000000000000000, 0.000000000000000000 ) ) ;
#4377 = CYLINDRICAL_SURFACE ( 'NONE', #3199, 0.02000000000000034042 ) ;
#4378 = CARTESIAN_POINT ( 'NONE',  ( -7.086097858311585007, 6.000000000000000000, 18.23051846616805349 ) ) ;
#4379 = CARTESIAN_POINT ( 'NONE',  ( -7.797237569402213353, 6.884002568855079218, 6.137098533480386919 ) ) ;
#4380 = DIRECTION ( 'NONE',  ( -0.3090169943749094261, 0.000000000000000000, 0.9510565162951659657 ) ) ;
#4381 = EDGE_CURVE ( 'NONE', #3750, #7091, #7845, .T. ) ;
#4382 = CARTESIAN_POINT ( 'NONE',  ( 7.046508239877988800, 10.39113103997889276, 6.671450772638290339 ) ) ;
#4383 = DIRECTION ( 'NONE',  ( 0.4281148746582327247, -0.000000000000000000, 0.9037243241699128848 ) ) ;
#4384 = CARTESIAN_POINT ( 'NONE',  ( 7.299556698073554450, 6.000000000000000000, 18.59233672587327035 ) ) ;
#4385 = EDGE_LOOP ( 'NONE', ( #1256, #1179, #4499, #6312 ) ) ;
#4386 = CARTESIAN_POINT ( 'NONE',  ( 0.000000000000000000, 10.81999999999999851, 0.000000000000000000 ) ) ;
#4387 = DIRECTION ( 'NONE',  ( 0.9510565162951499785, -0.000000000000000000, -0.3090169943749581649 ) ) ;
#4388 = CARTESIAN_POINT ( 'NONE',  ( 3.499434078216113964, 6.800000000000000711, 18.80988181744070431 ) ) ;
#4389 = DIRECTION ( 'NONE',  ( -0.000000000000000000, -1.000000000000000000, -0.000000000000000000 ) ) ;
#4390 = EDGE_CURVE ( 'NONE', #6624, #2485, #6635, .T. ) ;
#4391 = CARTESIAN_POINT ( 'NONE',  ( -6.502449113210924558, 6.997504502665305104, 20.41696779072128365 ) ) ;
#4392 = CARTESIAN_POINT ( 'NONE',  ( 9.674420320345934243, 10.80760235046640716, 1.824724057513668063 ) ) ;
#4393 = ORIENTED_EDGE ( 'NONE', *, *, #2310, .T. ) ;
#4394 = CARTESIAN_POINT ( 'NONE',  ( -9.756913727490873711, 10.79999999999999893, 1.855478748460630989 ) ) ;
#4395 = CARTESIAN_POINT ( 'NONE',  ( 7.365362674980703517, 7.662927733316766243, 6.653073287689339033 ) ) ;
#4396 = CARTESIAN_POINT ( 'NONE',  ( -4.531589388422719189, 5.840704420210607317, 20.47969665386834492 ) ) ;
#4397 = AXIS2_PLACEMENT_3D ( 'NONE', #6651, #5223, #2247 ) ;
#4398 = CARTESIAN_POINT ( 'NONE',  ( 6.748011645497171251, 11.79241813863553645, -7.168567767151469816 ) ) ;
#4399 = CIRCLE ( 'NONE', #461, 12.53999999999999915 ) ;
#4400 = ORIENTED_EDGE ( 'NONE', *, *, #5474, .F. ) ;
#4401 = VERTEX_POINT ( 'NONE', #1319 ) ;
#4402 = AXIS2_PLACEMENT_3D ( 'NONE', #4435, #4557, #117 ) ;
#4403 = CARTESIAN_POINT ( 'NONE',  ( 4.339983131274530059, 6.755866109327737234, 17.73392533833850138 ) ) ;
#4404 = EDGE_CURVE ( 'NONE', #5805, #5974, #7318, .T. ) ;
#4405 = CARTESIAN_POINT ( 'NONE',  ( -6.816226223554679109, 10.81999999999999851, -7.221077486727694783 ) ) ;
#4406 = DIRECTION ( 'NONE',  ( 0.000000000000000000, 1.000000000000000000, 0.000000000000000000 ) ) ;
#4407 = CARTESIAN_POINT ( 'NONE',  ( 6.800045883667075408, 15.12603551251024214, -7.232833191773642589 ) ) ;
#4408 = CARTESIAN_POINT ( 'NONE',  ( 5.304231815702626918, 5.648859583623385028, 18.01287665417208572 ) ) ;
#4409 = ORIENTED_EDGE ( 'NONE', *, *, #8095, .F. ) ;
#4410 = DIRECTION ( 'NONE',  ( 0.000000000000000000, 0.000000000000000000, 1.000000000000000000 ) ) ;
#4411 = CARTESIAN_POINT ( 'NONE',  ( -5.299999999999994493, 6.049999999999999822, 19.38047814307507721 ) ) ;
#4412 = AXIS2_PLACEMENT_3D ( 'NONE', #8018, #5423, #2380 ) ;
#4413 = ORIENTED_EDGE ( 'NONE', *, *, #6716, .F. ) ;
#4414 = EDGE_LOOP ( 'NONE', ( #4879, #7550, #2751, #1580, #4154 ) ) ;
#4415 = AXIS2_PLACEMENT_3D ( 'NONE', #377, #7874, #1650 ) ;
#4416 = DIRECTION ( 'NONE',  ( 0.000000000000000000, 1.000000000000000000, 0.000000000000000000 ) ) ;
#4417 = EDGE_LOOP ( 'NONE', ( #3022, #4431, #553, #7150 ) ) ;
#4418 = DIRECTION ( 'NONE',  ( 0.000000000000000000, 0.000000000000000000, -1.000000000000000000 ) ) ;
#4419 = ADVANCED_FACE ( 'NONE', ( #3590 ), #7215, .F. ) ;
#4420 = EDGE_CURVE ( 'NONE', #6437, #1126, #2058, .T. ) ;
#4421 = DIRECTION ( 'NONE',  ( -1.000000000000000000, 0.000000000000000000, 0.000000000000000000 ) ) ;
#4422 = CARTESIAN_POINT ( 'NONE',  ( -7.527000766251100039, 6.000000000000000000, 19.53566983765173148 ) ) ;
#4423 = CARTESIAN_POINT ( 'NONE',  ( -16.89999999999999858, 4.100000000000000533, 23.29999999999999716 ) ) ;
#4424 = FILL_AREA_STYLE_COLOUR ( '', #2112 ) ;
#4425 = CARTESIAN_POINT ( 'NONE',  ( 6.764748779699965020, 10.14643464877013557, 7.170675886733146598 ) ) ;
#4426 = CARTESIAN_POINT ( 'NONE',  ( -11.08758383676868320, 6.800000000000000711, 20.11905188458655402 ) ) ;
#4427 = VECTOR ( 'NONE', #6990, 1000.000000000000000 ) ;
#4428 = CIRCLE ( 'NONE', #3647, 0.8999999999999999112 ) ;
#4429 = CARTESIAN_POINT ( 'NONE',  ( 7.435551233318135722, 6.000000000000000000, 19.92102932287737360 ) ) ;
#4430 = EDGE_CURVE ( 'NONE', #3036, #6207, #2396, .T. ) ;
#4431 = ORIENTED_EDGE ( 'NONE', *, *, #41, .F. ) ;
#4432 = CARTESIAN_POINT ( 'NONE',  ( -5.465337081414150866, 6.800000000000000711, 17.26704331563380279 ) ) ;
#4433 = DIRECTION ( 'NONE',  ( 0.000000000000000000, 0.000000000000000000, 1.000000000000000000 ) ) ;
#4434 = CARTESIAN_POINT ( 'NONE',  ( 8.902370771358965484, 11.79067960927247860, 4.203786575986229401 ) ) ;
#4435 = CARTESIAN_POINT ( 'NONE',  ( -12.50000000000000000, 9.629649721936179265E-32, 0.000000000000000000 ) ) ;
#4436 = CARTESIAN_POINT ( 'NONE',  ( -6.497239154589645516, 6.999492072048773217, 20.41624658520978031 ) ) ;
#4437 = AXIS2_PLACEMENT_3D ( 'NONE', #2390, #4895, #6832 ) ;
#4438 = CARTESIAN_POINT ( 'NONE',  ( 9.676953337388670917, 10.79999999999999893, 1.811243844534339731 ) ) ;
#4439 = ORIENTED_EDGE ( 'NONE', *, *, #4070, .T. ) ;
#4440 = ORIENTED_EDGE ( 'NONE', *, *, #6026, .T. ) ;
#4441 = CARTESIAN_POINT ( 'NONE',  ( 5.115629685998088760, 8.519895618096661849, 15.40075069506252703 ) ) ;
#4442 = DIRECTION ( 'NONE',  ( -1.297293286543607101E-16, 0.000000000000000000, -1.000000000000000000 ) ) ;
#4443 = CARTESIAN_POINT ( 'NONE',  ( -7.440957880561455795, 9.857545320856655024, 6.345202350927636736 ) ) ;
#4444 = AXIS2_PLACEMENT_3D ( 'NONE', #3233, #4953, #5121 ) ;
#4445 = ORIENTED_EDGE ( 'NONE', *, *, #694, .T. ) ;
#4446 = VERTEX_POINT ( 'NONE', #1815 ) ;
#4447 = CIRCLE ( 'NONE', #903, 10.98000000000000220 ) ;
#4448 = CARTESIAN_POINT ( 'NONE',  ( 7.266919677649038789, 6.967978184711484779, 19.44705968799164353 ) ) ;
#4449 = DIRECTION ( 'NONE',  ( -0.000000000000000000, -1.000000000000000000, -0.000000000000000000 ) ) ;
#4450 = CARTESIAN_POINT ( 'NONE',  ( -4.065858762442522867, 6.982287415804889541, 19.58194678131917854 ) ) ;
#4451 = CARTESIAN_POINT ( 'NONE',  ( 5.299999999999995381, 7.236435435219250145, 18.80555947608376144 ) ) ;
#4453 = CARTESIAN_POINT ( 'NONE',  ( 5.360481247813162931, 6.186948090971708503, 21.79329456885122340 ) ) ;
#4452 = AXIS2_PLACEMENT_3D ( 'NONE', #7496, #8151, #2514 ) ;
#4454 = ORIENTED_EDGE ( 'NONE', *, *, #4987, .T. ) ;
#4455 = DIRECTION ( 'NONE',  ( 0.000000000000000000, -1.000000000000000000, -0.000000000000000000 ) ) ;
#4456 = CARTESIAN_POINT ( 'NONE',  ( 7.186215569024906102, 8.306643888229624295, 6.875938186748808079 ) ) ;
#4457 = EDGE_CURVE ( 'NONE', #5109, #5407, #2192, .T. ) ;
#4458 = ORIENTED_EDGE ( 'NONE', *, *, #641, .F. ) ;
#4459 = CARTESIAN_POINT ( 'NONE',  ( 4.746314235147817584, 11.79999999999999716, -8.625342090678675078 ) ) ;
#4460 = VERTEX_POINT ( 'NONE', #1769 ) ;
#4461 = CARTESIAN_POINT ( 'NONE',  ( 1.999999999999964029, 5.899999999999999467, 23.29999999999999716 ) ) ;
#4462 = AXIS2_PLACEMENT_3D ( 'NONE', #1358, #7043, #7704 ) ;
#4463 = CARTESIAN_POINT ( 'NONE',  ( -3.089133998076035947, 6.600000000000000533, 19.79958055990334032 ) ) ;
#4464 = B_SPLINE_CURVE_WITH_KNOTS ( 'NONE', 3,
 ( #1188, #6757, #3699, #4396, #6916, #1110, #6872, #5558, #37, #1229 ),
 .UNSPECIFIED., .F., .F.,
 ( 4, 2, 2, 2, 4 ),
 ( 8.673617379884034509E-19, 0.0002502745169024382069, 0.0005005490338048755464, 0.0007508235507073129401, 0.001001098067609750225 ),
 .UNSPECIFIED. ) ;
#4465 = CARTESIAN_POINT ( 'NONE',  ( -7.482477380779778642, 6.000000000000000000, 19.09084789172224461 ) ) ;
#4466 = CARTESIAN_POINT ( 'NONE',  ( -4.305293461728360249, 6.970489281293553496, 20.13748468381273327 ) ) ;
#4467 = DIRECTION ( 'NONE',  ( 0.000000000000000000, -1.000000000000000000, 0.000000000000000000 ) ) ;
#4468 = CARTESIAN_POINT ( 'NONE',  ( 6.935885125418601582, 9.147993900405694490, 6.977532704853058654 ) ) ;
#4469 = EDGE_CURVE ( 'NONE', #7801, #2391, #6658, .T. ) ;
#4470 = VERTEX_POINT ( 'NONE', #6836 ) ;
#4471 = DIRECTION ( 'NONE',  ( 0.9037243241699128848, 0.000000000000000000, -0.4281148746582327802 ) ) ;
#4472 = CARTESIAN_POINT ( 'NONE',  ( 6.255267242079169066, 6.000000000000000000, 21.02734285917309975 ) ) ;
#4473 = ORIENTED_EDGE ( 'NONE', *, *, #3042, .F. ) ;
#4474 = CARTESIAN_POINT ( 'NONE',  ( -6.539587320791083513, 6.800000000000000711, 20.83830674260543248 ) ) ;
#4475 = CARTESIAN_POINT ( 'NONE',  ( -1.272557905337444062, 10.81999999999999851, 9.868287408540712846 ) ) ;
#4476 = CARTESIAN_POINT ( 'NONE',  ( 8.901581990320108773, 11.78658014174953905, 4.205456344990278872 ) ) ;
#4477 = VECTOR ( 'NONE', #1124, 1000.000000000000114 ) ;
#4478 = CARTESIAN_POINT ( 'NONE',  ( 1.265734155813406758, 10.81327651772673981, 9.867991423976233634 ) ) ;
#4479 = DIRECTION ( 'NONE',  ( -0.9820588696906380477, 0.000000000000000000, 0.1885745912416262882 ) ) ;
#4480 = ADVANCED_FACE ( 'NONE', ( #7495 ), #4271, .F. ) ;
#4481 = CARTESIAN_POINT ( 'NONE',  ( -4.305293461728362026, 7.000000000000000000, 20.13748468381273327 ) ) ;
#4482 = ORIENTED_EDGE ( 'NONE', *, *, #3124, .F. ) ;
#4483 = ORIENTED_EDGE ( 'NONE', *, *, #8140, .F. ) ;
#4484 = CARTESIAN_POINT ( 'NONE',  ( 5.081643797191621736, 7.812857927111219070, 17.03948661056035974 ) ) ;
#4485 = CARTESIAN_POINT ( 'NONE',  ( 7.573133827739678914, 7.494248497566637468, 6.390661371989545536 ) ) ;
#4486 = CARTESIAN_POINT ( 'NONE',  ( -1.254321804609038749, 10.80758250467072301, 9.764768395128008649 ) ) ;
#4487 = CARTESIAN_POINT ( 'NONE',  ( 6.744374071995453690, 11.79688234426552107, -7.171990196382111549 ) ) ;
#4488 = ORIENTED_EDGE ( 'NONE', *, *, #6683, .T. ) ;
#4489 = DIRECTION ( 'NONE',  ( 0.1529411764705849996, 0.000000000000000000, 0.9882352941176474337 ) ) ;
#4490 = CARTESIAN_POINT ( 'NONE',  ( -5.115184406284740248, 9.543196298175155690, 13.46556118531894874 ) ) ;
#4491 = DIRECTION ( 'NONE',  ( 0.000000000000000000, 1.000000000000000000, 0.000000000000000000 ) ) ;
#4492 = DIRECTION ( 'NONE',  ( 0.000000000000000000, 0.000000000000000000, 1.000000000000000000 ) ) ;
#4493 = ADVANCED_FACE ( 'NONE', ( #1228 ), #2448, .T. ) ;
#4494 = CARTESIAN_POINT ( 'NONE',  ( 6.462191059488580080, 6.124022195230331533, 17.20188715997615958 ) ) ;
#4495 = VERTEX_POINT ( 'NONE', #1888 ) ;
#4496 = CARTESIAN_POINT ( 'NONE',  ( 5.788659439945845087, 6.800000000000000711, 21.62796828804830440 ) ) ;
#4497 = DIRECTION ( 'NONE',  ( 0.000000000000000000, 0.000000000000000000, -1.000000000000000000 ) ) ;
#4498 = VERTEX_POINT ( 'NONE', #6179 ) ;
#4499 = ORIENTED_EDGE ( 'NONE', *, *, #6191, .F. ) ;
#4500 = DIRECTION ( 'NONE',  ( -1.297293286543607101E-16, -0.000000000000000000, -1.000000000000000000 ) ) ;
#4501 = ORIENTED_EDGE ( 'NONE', *, *, #7350, .F. ) ;
#4502 = DIRECTION ( 'NONE',  ( 0.000000000000000000, 1.000000000000000000, 0.000000000000000000 ) ) ;
#4503 = CARTESIAN_POINT ( 'NONE',  ( 4.062033147274137335, 5.800000000000000711, 18.88090742590968318 ) ) ;
#4504 = VECTOR ( 'NONE', #6392, 1000.000000000000000 ) ;
#4505 = CARTESIAN_POINT ( 'NONE',  ( -6.059204551040714648, 6.000000000000000000, 17.37356135482109565 ) ) ;
#4506 = CYLINDRICAL_SURFACE ( 'NONE', #113, 0.01999999999999918510 ) ;
#4507 = CYLINDRICAL_SURFACE ( 'NONE', #6319, 0.01999999999999918510 ) ;
#4508 = CARTESIAN_POINT ( 'NONE',  ( 6.972409228539748760, 9.811061512422398323, 7.254571604587085609 ) ) ;
#4509 = ORIENTED_EDGE ( 'NONE', *, *, #2367, .F. ) ;
#4510 = CARTESIAN_POINT ( 'NONE',  ( 5.271256054450766726, 7.332215316166462493, 18.80555947608376144 ) ) ;
#4511 = AXIS2_PLACEMENT_3D ( 'NONE', #5489, #4207, #3639 ) ;
#4512 = CARTESIAN_POINT ( 'NONE',  ( 6.138866372022341089, 6.000000000000000000, 17.40641586229945403 ) ) ;
#4513 = EDGE_LOOP ( 'NONE', ( #2344, #6692, #3254, #980 ) ) ;
#4514 = DIRECTION ( 'NONE',  ( 1.000000000000000000, 8.673617379884388882E-14, 0.000000000000000000 ) ) ;
#4515 = EDGE_CURVE ( 'NONE', #1862, #566, #5874, .T. ) ;
#4516 = LINE ( 'NONE', #5670, #3925 ) ;
#4517 = DIRECTION ( 'NONE',  ( 0.000000000000000000, 1.000000000000000000, 0.000000000000000000 ) ) ;
#4518 = CIRCLE ( 'NONE', #967, 0.01999999999999997613 ) ;
#4519 = AXIS2_PLACEMENT_3D ( 'NONE', #1079, #302, #460 ) ;
#4520 = DIRECTION ( 'NONE',  ( -0.5877852522924802425, 0.000000000000000000, -0.8090169943749423442 ) ) ;
#4521 = VERTEX_POINT ( 'NONE', #4353 ) ;
#4522 = CARTESIAN_POINT ( 'NONE',  ( 5.291826806039272135, 7.650290230445957462, 16.94228371276766509 ) ) ;
#4523 = EDGE_CURVE ( 'NONE', #5399, #4352, #2803, .T. ) ;
#4524 = CARTESIAN_POINT ( 'NONE',  ( 7.107534850623838274, 8.009598812944782154, 6.814167580436578220 ) ) ;
#4525 = EDGE_CURVE ( 'NONE', #986, #4270, #4938, .T. ) ;
#4526 = CYLINDRICAL_SURFACE ( 'NONE', #4462, 2.349999999999997868 ) ;
#4527 = CARTESIAN_POINT ( 'NONE',  ( -7.424212698996517368, 9.686012656646331820, 6.440700865904553041 ) ) ;
#4528 = VERTEX_POINT ( 'NONE', #2978 ) ;
#4529 = VECTOR ( 'NONE', #6085, 1000.000000000000000 ) ;
#4530 = CARTESIAN_POINT ( 'NONE',  ( 2.569411764705846757, 5.899999999999999467, 16.60235294117647342 ) ) ;
#4531 = EDGE_CURVE ( 'NONE', #5974, #7715, #2432, .T. ) ;
#4532 = CARTESIAN_POINT ( 'NONE',  ( -5.115947377115090511, 7.677768810399616228, 17.35342514311215467 ) ) ;
#4533 = LINE ( 'NONE', #3916, #7875 ) ;
#4534 = DIRECTION ( 'NONE',  ( -0.000000000000000000, 1.000000000000000000, -0.000000000000000000 ) ) ;
#4535 = CARTESIAN_POINT ( 'NONE',  ( 5.238298124167153347, 5.223893947116379444, 19.01400724612782156 ) ) ;
#4536 = ORIENTED_EDGE ( 'NONE', *, *, #7211, .T. ) ;
#4537 = FACE_OUTER_BOUND ( 'NONE', #1849, .T. ) ;
#4538 = VERTEX_POINT ( 'NONE', #7451 ) ;
#4539 = CARTESIAN_POINT ( 'NONE',  ( -9.950000000000001066, 10.79999999999999893, 0.000000000000000000 ) ) ;
#4540 = CIRCLE ( 'NONE', #7962, 4.584519503718945899 ) ;
#4541 = ORIENTED_EDGE ( 'NONE', *, *, #1190, .T. ) ;
#4542 = PLANE ( 'NONE',  #3208 ) ;
#4543 = DIRECTION ( 'NONE',  ( 0.5877852522924685852, 0.000000000000000000, -0.8090169943749507819 ) ) ;
#4544 = CARTESIAN_POINT ( 'NONE',  ( -6.570960665061903683, 6.000000000000000000, 20.81648520850079009 ) ) ;
#4545 = CARTESIAN_POINT ( 'NONE',  ( 0.000000000000000000, 8.300000000000002487, 0.000000000000000000 ) ) ;
#4546 = CARTESIAN_POINT ( 'NONE',  ( 6.609389235906399485, 9.881272355786846262, 7.346952473624531521 ) ) ;
#4547 = VECTOR ( 'NONE', #1614, 1000.000000000000000 ) ;
#4548 = AXIS2_PLACEMENT_3D ( 'NONE', #4101, #1513, #2176 ) ;
#4549 = VERTEX_POINT ( 'NONE', #5477 ) ;
#4550 = CARTESIAN_POINT ( 'NONE',  ( -4.729625888245897691, 11.78658014174953905, -8.634504268181499853 ) ) ;
#4551 = CARTESIAN_POINT ( 'NONE',  ( 4.637829509816226548, 6.000000000000000000, 17.59320784756879874 ) ) ;
#4552 = VECTOR ( 'NONE', #7810, 1000.000000000000000 ) ;
#4553 = ORIENTED_EDGE ( 'NONE', *, *, #1498, .F. ) ;
#4554 = CARTESIAN_POINT ( 'NONE',  ( -6.135256074539656268, 6.800000000000000711, 17.40497525601543671 ) ) ;
#4555 = DIRECTION ( 'NONE',  ( 8.881784197001252323E-16, 0.000000000000000000, 1.000000000000000000 ) ) ;
#4556 = CARTESIAN_POINT ( 'NONE',  ( -8.901102426010838897, -27.84586504312624911, 4.206471276695464390 ) ) ;
#4557 = DIRECTION ( 'NONE',  ( 0.000000000000000000, 1.000000000000000000, 0.000000000000000000 ) ) ;
#4558 = DIRECTION ( 'NONE',  ( -0.000000000000000000, 1.000000000000000000, -0.000000000000000000 ) ) ;
#4559 = CARTESIAN_POINT ( 'NONE',  ( -7.416359480618616828, 9.813312732140603956, 6.474709883311903447 ) ) ;
#4560 = EDGE_CURVE ( 'NONE', #3750, #7931, #8148, .T. ) ;
#4561 = DIRECTION ( 'NONE',  ( -0.000000000000000000, -0.000000000000000000, -1.000000000000000000 ) ) ;
#4562 = ORIENTED_EDGE ( 'NONE', *, *, #4881, .F. ) ;
#4563 = CARTESIAN_POINT ( 'NONE',  ( 5.382838504353961717, 7.162917889299830421, 17.75725388218629064 ) ) ;
#4564 = CARTESIAN_POINT ( 'NONE',  ( 7.006428357982713351, 8.401678998130346798, 6.795215304273367174 ) ) ;
#4565 = CARTESIAN_POINT ( 'NONE',  ( -1.261162774755162586, 10.80191945183063496, 9.763887395857425489 ) ) ;
#4566 = CARTESIAN_POINT ( 'NONE',  ( -7.195426104207508722, 9.158275788861097055, 6.632740231657551888 ) ) ;
#4567 = ADVANCED_FACE ( 'NONE', ( #4864, #488 ), #1808, .T. ) ;
#4568 = ADVANCED_FACE ( 'NONE', ( #3739, #4317 ), #6401, .F. ) ;
#4569 = ORIENTED_EDGE ( 'NONE', *, *, #3434, .T. ) ;
#4570 = CIRCLE ( 'NONE', #1027, 0.02000000000000053818 ) ;
#4571 = DIRECTION ( 'NONE',  ( 0.9510565162951404306, 3.350368966363164500E-15, -0.3090169943749879189 ) ) ;
#4572 = DIRECTION ( 'NONE',  ( 0.000000000000000000, -1.000000000000000000, 0.000000000000000000 ) ) ;
#4573 = B_SPLINE_SURFACE_WITH_KNOTS ( 'NONE', 5, 5, ( 
 ( #5254, #4008, #2124, #7725, #7849, #796, #2166, #7109, #4629, #7148, #2832, #1502 ),
 ( #6526, #5211, #5375, #3450, #7186, #226, #2086, #879, #2872, #3970, #5827, #184 ),
 ( #3410, #2702, #7890, #4591, #4092, #5913, #3360, #6571, #1466, #268, #6489, #3488 ),
 ( #2206, #2245, #306, #837, #7231, #5991, #5872, #1588, #5950, #4753, #2746, #7268 ),
 ( #4051, #2792, #4711, #1628, #347, #920, #5293, #7809, #4669, #1541, #6608, #962 ),
 ( #4131, #3320, #2443, #502, #8006, #2371, #6728, #7389, #4284, #426, #5567, #6069 ) ),
 .UNSPECIFIED., .F., .F., .F.,
 ( 6, 6 ),
 ( 6, 3, 3, 6 ),
 ( -1.806972432973497966, 2.104004904571083578 ),
 ( -1.961967137433842767, -0.4868031346405872206, 0.2985908393837826136, 1.869378787432521616 ),
 .UNSPECIFIED. ) ;
#4574 = CARTESIAN_POINT ( 'NONE',  ( -3.800358953048246669, 6.953523268889880704, 19.05257146161228832 ) ) ;
#4575 = CARTESIAN_POINT ( 'NONE',  ( -6.904807279993102398, 9.796743390071227964, 7.257854182831290579 ) ) ;
#4576 = AXIS2_PLACEMENT_3D ( 'NONE', #6453, #3973, #5793 ) ;
#4577 = DIRECTION ( 'NONE',  ( 0.8090169943749423442, 0.000000000000000000, -0.5877852522924802425 ) ) ;
#4578 = ORIENTED_EDGE ( 'NONE', *, *, #5081, .T. ) ;
#4579 = DIRECTION ( 'NONE',  ( 0.000000000000000000, 0.000000000000000000, 1.000000000000000000 ) ) ;
#4580 = ADVANCED_FACE ( 'NONE', ( #511 ), #3038, .T. ) ;
#4581 = DIRECTION ( 'NONE',  ( -0.000000000000000000, -1.000000000000000000, -0.000000000000000000 ) ) ;
#4582 = AXIS2_PLACEMENT_3D ( 'NONE', #1973, #2715, #7694 ) ;
#4583 = EDGE_CURVE ( 'NONE', #4094, #2435, #283, .T. ) ;
#4584 = VERTEX_POINT ( 'NONE', #2139 ) ;
#4585 = CARTESIAN_POINT ( 'NONE',  ( -6.800045883667180213, 15.12603551251024570, -7.232833191773544002 ) ) ;
#4586 = CARTESIAN_POINT ( 'NONE',  ( 4.164368546225968970, 5.800000000000000711, 19.93323595731152054 ) ) ;
#4587 = CARTESIAN_POINT ( 'NONE',  ( 7.110841241351263164, 8.523919169490117298, 6.808815009992414957 ) ) ;
#4588 = CARTESIAN_POINT ( 'NONE',  ( -4.288816568726178780, 5.800000000000010481, 19.99775644125409002 ) ) ;
#4589 = FACE_BOUND ( 'NONE', #1744, .T. ) ;
#4590 = AXIS2_PLACEMENT_3D ( 'NONE', #3837, #7590, #6887 ) ;
#4591 = CARTESIAN_POINT ( 'NONE',  ( -4.497655255904279059, 5.500817347012952219, 19.53272462615276339 ) ) ;
#4592 = CARTESIAN_POINT ( 'NONE',  ( 6.580967913057728325, 9.232804652459641659, 7.252896191273966231 ) ) ;
#4593 = EDGE_LOOP ( 'NONE', ( #7382, #4730, #7904, #6318 ) ) ;
#4594 = PLANE ( 'NONE',  #3269 ) ;
#4595 = CIRCLE ( 'NONE', #1044, 0.01999999999999918510 ) ;
#4596 = CARTESIAN_POINT ( 'NONE',  ( 4.428464625608337535, 6.000000000000000000, 17.76931422026901330 ) ) ;
#4597 = EDGE_LOOP ( 'NONE', ( #6958, #1648, #7510, #4176 ) ) ;
#4598 = CARTESIAN_POINT ( 'NONE',  ( -3.861368346042445943, 6.800000000000001599, 20.04043723016113532 ) ) ;
#4599 = CARTESIAN_POINT ( 'NONE',  ( -7.105872029190166472, 9.293922119969892037, 6.929510811286023753 ) ) ;
#4600 = CARTESIAN_POINT ( 'NONE',  ( 8.901896931340790076, 11.78867920919396362, 4.204789717378974778 ) ) ;
#4601 = DIRECTION ( 'NONE',  ( 0.2588190451025150218, 0.000000000000000000, 0.9659258262890698665 ) ) ;
#4602 = CARTESIAN_POINT ( 'NONE',  ( 6.545620547491603602, 9.504389379071398025, 7.353851978262390787 ) ) ;
#4603 = CARTESIAN_POINT ( 'NONE',  ( -6.688740514714777596, 9.272466842125266950, 7.224221925940490507 ) ) ;
#4604 = CARTESIAN_POINT ( 'NONE',  ( -2.939133998076038701, 6.800000000000000711, 19.64958055990333463 ) ) ;
#4605 = VERTEX_POINT ( 'NONE', #5541 ) ;
#4606 = CARTESIAN_POINT ( 'NONE',  ( 1.999999999999964029, 6.000000000000000000, 23.29999999999999716 ) ) ;
#4607 = AXIS2_PLACEMENT_3D ( 'NONE', #3111, #6982, #1251 ) ;
#4608 = CARTESIAN_POINT ( 'NONE',  ( 5.379101198111877480, 7.458576087519534603, 18.40159080395482150 ) ) ;
#4609 = CARTESIAN_POINT ( 'NONE',  ( -7.189032572726926418, 8.342747225638806441, 6.793274812561927334 ) ) ;
#4610 = CARTESIAN_POINT ( 'NONE',  ( -3.519133998076033887, 6.800000000000000711, 19.79958055990334032 ) ) ;
#4611 = CARTESIAN_POINT ( 'NONE',  ( -7.120958317115934300, 10.42108576098441297, 6.581689970136294754 ) ) ;
#4612 = EDGE_LOOP ( 'NONE', ( #2079 ) ) ;
#4613 = DIRECTION ( 'NONE',  ( -0.000000000000000000, 1.000000000000000000, -0.000000000000000000 ) ) ;
#4614 = CARTESIAN_POINT ( 'NONE',  ( -5.379101198111877480, 7.458576087519534603, 18.40159080395482150 ) ) ;
#4615 = CARTESIAN_POINT ( 'NONE',  ( -2.399999999999959055, 4.000000000000000000, 16.80000000000000071 ) ) ;
#4616 = EDGE_CURVE ( 'NONE', #6177, #2180, #5840, .T. ) ;
#4617 = CARTESIAN_POINT ( 'NONE',  ( -6.963072012766607699, 9.644083166773841143, 7.246547383153105315 ) ) ;
#4618 = CARTESIAN_POINT ( 'NONE',  ( 4.735834627977714817, 6.917955453112249131, 20.81132226844742306 ) ) ;
#4619 = ORIENTED_EDGE ( 'NONE', *, *, #1898, .T. ) ;
#4620 = DIRECTION ( 'NONE',  ( 4.336808689942006376E-14, 0.000000000000000000, 1.000000000000000000 ) ) ;
#4621 = EDGE_LOOP ( 'NONE', ( #7690, #7271, #2446, #7212 ) ) ;
#4622 = CARTESIAN_POINT ( 'NONE',  ( -4.286871910510722472, 10.81999999999999851, -8.027000013882782170 ) ) ;
#4623 = DIRECTION ( 'NONE',  ( 0.8775480390283332266, 0.000000000000000000, 0.4794887268722042850 ) ) ;
#4624 = CARTESIAN_POINT ( 'NONE',  ( 7.136275710941285766, 8.377266658801593380, 6.782152606468653033 ) ) ;
#4625 = CARTESIAN_POINT ( 'NONE',  ( 6.309414396448116413, 15.12603551251024214, -6.557536883151575680 ) ) ;
#4626 = EDGE_CURVE ( 'NONE', #6533, #5256, #3400, .T. ) ;
#4627 = DIRECTION ( 'NONE',  ( -0.000000000000000000, -1.000000000000000000, -0.000000000000000000 ) ) ;
#4628 = ADVANCED_FACE ( 'NONE', ( #2452 ), #4377, .F. ) ;
#4629 = CARTESIAN_POINT ( 'NONE',  ( -5.241503369039645754, 6.057532098141797050, 17.10185600601589329 ) ) ;
#4630 = DIRECTION ( 'NONE',  ( 1.000000000000000000, 8.673617379884012753E-14, 0.000000000000000000 ) ) ;
#4631 = ORIENTED_EDGE ( 'NONE', *, *, #297, .F. ) ;
#4632 = CARTESIAN_POINT ( 'NONE',  ( -7.405708227478093875, 6.820000000000000284, 22.85064685414014107 ) ) ;
#4633 = CARTESIAN_POINT ( 'NONE',  ( 4.376346933359892333, 6.000000000000000000, 17.81535857338104023 ) ) ;
#4634 = EDGE_LOOP ( 'NONE', ( #2450 ) ) ;
#4635 = CARTESIAN_POINT ( 'NONE',  ( -5.017575820159517974, 6.799999999999999822, 17.33983317535879820 ) ) ;
#4636 = ADVANCED_FACE ( 'NONE', ( #14 ), #5560, .T. ) ;
#4637 = CARTESIAN_POINT ( 'NONE',  ( 5.227403291406600871, 7.307330379969650735, 18.71117922143999479 ) ) ;
#4638 = CARTESIAN_POINT ( 'NONE',  ( -8.386314431111948409, 6.113210739372478386, 5.200189224940017674 ) ) ;
#4639 = DIRECTION ( 'NONE',  ( 0.000000000000000000, -1.000000000000000000, 0.000000000000000000 ) ) ;
#4640 = DIRECTION ( 'NONE',  ( 0.000000000000000000, -0.000000000000000000, 1.000000000000000000 ) ) ;
#4641 = VECTOR ( 'NONE', #88, 1000.000000000000000 ) ;
#4642 = AXIS2_PLACEMENT_3D ( 'NONE', #4291, #6893, #6817 ) ;
#4643 = CARTESIAN_POINT ( 'NONE',  ( -7.299913688468763873, 10.13612915193080255, 6.605937804964302273 ) ) ;
#4644 = DIRECTION ( 'NONE',  ( 0.000000000000000000, 0.000000000000000000, 1.000000000000000000 ) ) ;
#4645 = VERTEX_POINT ( 'NONE', #1248 ) ;
#4646 = CARTESIAN_POINT ( 'NONE',  ( -0.6570922415819573370, 6.800000000000000711, 22.91389368417637940 ) ) ;
#4647 = CIRCLE ( 'NONE', #3340, 9.969999999999998863 ) ;
#4648 = AXIS2_PLACEMENT_3D ( 'NONE', #1460, #5869, #2160 ) ;
#4649 = CARTESIAN_POINT ( 'NONE',  ( 5.944762878569087583, 9.743667551389703974, 8.770075143709123111 ) ) ;
#4650 = CARTESIAN_POINT ( 'NONE',  ( -7.210308946950830133, 8.316397851441275080, 6.827890567751887296 ) ) ;
#4651 = CARTESIAN_POINT ( 'NONE',  ( 4.063491766093092039, 6.998456652853995763, 19.43487148122702024 ) ) ;
#4652 = CARTESIAN_POINT ( 'NONE',  ( -7.111565067244526084, 9.207171054108085784, 6.829017776160334563 ) ) ;
#4653 = ORIENTED_EDGE ( 'NONE', *, *, #3374, .F. ) ;
#4654 = CARTESIAN_POINT ( 'NONE',  ( 6.813399476130444832, 11.77999999999999936, -7.251212835013563840 ) ) ;
#4655 = CARTESIAN_POINT ( 'NONE',  ( -5.200330760611887371, 7.228308768018235853, 18.60237012714701166 ) ) ;
#4656 = CARTESIAN_POINT ( 'NONE',  ( -4.339983131274530059, 6.755866109327737234, 17.73392533833850138 ) ) ;
#4657 = DIRECTION ( 'NONE',  ( 0.000000000000000000, 0.000000000000000000, 1.000000000000000000 ) ) ;
#4658 = CARTESIAN_POINT ( 'NONE',  ( -6.948898437532665007, 9.634223458378880167, 7.251942459177350031 ) ) ;
#4659 = DIRECTION ( 'NONE',  ( -0.000000000000000000, -1.000000000000000000, -0.000000000000000000 ) ) ;
#4660 = VERTEX_POINT ( 'NONE', #582 ) ;
#4661 = PLANE ( 'NONE',  #2098 ) ;
#4662 = ORIENTED_EDGE ( 'NONE', *, *, #849, .F. ) ;
#4663 = CARTESIAN_POINT ( 'NONE',  ( -6.754224559376408976, 10.80760235046640716, -7.162714361351289583 ) ) ;
#4664 = ADVANCED_FACE ( 'NONE', ( #3151 ), #2410, .F. ) ;
#4665 = CARTESIAN_POINT ( 'NONE',  ( -2.509133998076038541, 6.800000000000000711, 19.64958055990333463 ) ) ;
#4666 = CARTESIAN_POINT ( 'NONE',  ( -4.034580349725631621, 5.799999999999999822, 19.29564747868221275 ) ) ;
#4667 = CARTESIAN_POINT ( 'NONE',  ( -4.903129077849076367, 6.000000000000000000, 21.22168083936475469 ) ) ;
#4668 = TOROIDAL_SURFACE ( 'NONE', #4397, 9.930000000000001492, 0.02000000000000000042 ) ;
#4669 = CARTESIAN_POINT ( 'NONE',  ( -7.036362814072810501, 5.742314949356408071, 19.66461927304607826 ) ) ;
#4670 = B_SPLINE_CURVE_WITH_KNOTS ( 'NONE', 3,
 ( #4686, #1438, #6465, #7784 ),
 .UNSPECIFIED., .F., .F.,
 ( 4, 4 ),
 ( 3.469446951953614189E-18, 0.0005942897569134141227 ),
 .UNSPECIFIED. ) ;
#4671 = CARTESIAN_POINT ( 'NONE',  ( 4.730225183946221712, 11.78857071385585442, -8.634176052688797398 ) ) ;
#4672 = AXIS2_PLACEMENT_3D ( 'NONE', #3007, #5512, #5549 ) ;
#4673 = ORIENTED_EDGE ( 'NONE', *, *, #3124, .T. ) ;
#4674 = FACE_BOUND ( 'NONE', #7750, .T. ) ;
#4675 = EDGE_CURVE ( 'NONE', #998, #998, #6875, .T. ) ;
#4676 = ADVANCED_FACE ( 'NONE', ( #2493 ), #7641, .F. ) ;
#4677 = CARTESIAN_POINT ( 'NONE',  ( 4.344521577037975923, 6.000000000000000000, 17.84370328598725663 ) ) ;
#4678 = CARTESIAN_POINT ( 'NONE',  ( -3.972473733416153063, 6.800000000000001599, 20.23472487683419985 ) ) ;
#4679 = CARTESIAN_POINT ( 'NONE',  ( 5.214990519057507434, 7.197849101480689349, 18.32898119030523887 ) ) ;
#4680 = DIRECTION ( 'NONE',  ( 0.000000000000000000, 0.000000000000000000, 1.000000000000000000 ) ) ;
#4681 = CARTESIAN_POINT ( 'NONE',  ( 4.727059027770559752, 10.81143326696420282, -8.635909873684418869 ) ) ;
#4683 = EDGE_LOOP ( 'NONE', ( #6886, #2613, #828, #468 ) ) ;
#4682 = CARTESIAN_POINT ( 'NONE',  ( 4.922514435001404287, 6.805472594859633517, 21.21739503660511161 ) ) ;
#4684 = CIRCLE ( 'NONE', #1399, 9.969999999999998863 ) ;
#4685 = EDGE_CURVE ( 'NONE', #5955, #2485, #6277, .T. ) ;
#4686 = CARTESIAN_POINT ( 'NONE',  ( -4.040135404576809641, 5.813325431609214888, 19.46959156069295460 ) ) ;
#4687 = EDGE_LOOP ( 'NONE', ( #5009, #3641, #714, #4096 ) ) ;
#4688 = DIRECTION ( 'NONE',  ( -0.9820588696906379367, 0.000000000000000000, -0.1885745912416261771 ) ) ;
#4689 = CARTESIAN_POINT ( 'NONE',  ( -6.540729241212408063, 6.800000000000009592, 20.83664662289422864 ) ) ;
#4690 = CARTESIAN_POINT ( 'NONE',  ( 7.298347679152111134, 8.203964314976461836, 6.854270269304440610 ) ) ;
#4691 = DIRECTION ( 'NONE',  ( -0.8031104691132103790, 0.000000000000000000, -0.5958301556658232023 ) ) ;
#4692 = CARTESIAN_POINT ( 'NONE',  ( -7.346552799685236224, 9.816045549667062886, 6.759792228914576206 ) ) ;
#4693 = ORIENTED_EDGE ( 'NONE', *, *, #5430, .T. ) ;
#4694 = ORIENTED_EDGE ( 'NONE', *, *, #5747, .T. ) ;
#4695 = AXIS2_PLACEMENT_3D ( 'NONE', #6862, #2305, #1303 ) ;
#4696 = VECTOR ( 'NONE', #1996, 1000.000000000000000 ) ;
#4697 = DIRECTION ( 'NONE',  ( 0.000000000000000000, 0.000000000000000000, 1.000000000000000000 ) ) ;
#4698 = CARTESIAN_POINT ( 'NONE',  ( -6.134824906530563560, 9.542705290342999191, 8.834857433925007442 ) ) ;
#4699 = CARTESIAN_POINT ( 'NONE',  ( -9.752705364832102930, 14.88303627697546538, 1.854518284292479224 ) ) ;
#4700 = DIRECTION ( 'NONE',  ( 0.000000000000000000, 0.000000000000000000, -1.000000000000000000 ) ) ;
#4701 = DIRECTION ( 'NONE',  ( -0.000000000000000000, -1.000000000000000000, 0.000000000000000000 ) ) ;
#4702 = ORIENTED_EDGE ( 'NONE', *, *, #4265, .T. ) ;
#4703 = TOROIDAL_SURFACE ( 'NONE', #7869, 0.9200000000000002620, 0.02000000000000000042 ) ;
#4704 = FACE_OUTER_BOUND ( 'NONE', #5611, .T. ) ;
#4705 = EDGE_LOOP ( 'NONE', ( #6255, #518, #7356, #1205 ) ) ;
#4706 = CARTESIAN_POINT ( 'NONE',  ( 1.272557905337444062, 11.77999999999999936, 9.868287408540712846 ) ) ;
#4707 = LINE ( 'NONE', #1624, #312 ) ;
#4708 = DIRECTION ( 'NONE',  ( 0.8031104691132103790, 0.000000000000000000, -0.5958301556658232023 ) ) ;
#4709 = AXIS2_PLACEMENT_3D ( 'NONE', #3893, #5623, #6245 ) ;
#4710 = CARTESIAN_POINT ( 'NONE',  ( 6.626508882650550269, 6.800000000000000711, 21.25940714233214379 ) ) ;
#4711 = CARTESIAN_POINT ( 'NONE',  ( -5.153425682487864812, 5.803103079041269652, 20.98335500588078872 ) ) ;
#4712 = AXIS2_PLACEMENT_3D ( 'NONE', #86, #4491, #3065 ) ;
#4713 = CARTESIAN_POINT ( 'NONE',  ( -2.499999999999959144, 5.899999999999999467, 16.80000000000000071 ) ) ;
#4714 = EDGE_CURVE ( 'NONE', #5805, #8098, #6749, .T. ) ;
#4715 = AXIS2_PLACEMENT_3D ( 'NONE', #3804, #6323, #3194 ) ;
#4716 = PRODUCT_DEFINITION_SHAPE ( 'NONE', 'NONE',  #1687 ) ;
#4717 = VERTEX_POINT ( 'NONE', #1957 ) ;
#4718 = CARTESIAN_POINT ( 'NONE',  ( -4.730272514762550173, 11.78867920919396362, -8.634150072802331266 ) ) ;
#4719 = VERTEX_POINT ( 'NONE', #6321 ) ;
#4720 = CARTESIAN_POINT ( 'NONE',  ( 4.312458341028928999, 6.000000000000000000, 17.87236110522132648 ) ) ;
#4721 = DIRECTION ( 'NONE',  ( 0.000000000000000000, 0.000000000000000000, 1.000000000000000000 ) ) ;
#4722 = CIRCLE ( 'NONE', #4856, 0.01999999999999963612 ) ;
#4723 = CARTESIAN_POINT ( 'NONE',  ( 5.365441432677241274, 7.313883501850860114, 18.68510843482962969 ) ) ;
#4724 = CARTESIAN_POINT ( 'NONE',  ( -7.128760313334218779, 8.400485256908226006, 6.912854982492914857 ) ) ;
#4725 = DIRECTION ( 'NONE',  ( 0.000000000000000000, 0.000000000000000000, 1.000000000000000000 ) ) ;
#4726 = DIRECTION ( 'NONE',  ( -0.7957652306173444989, 0.000000000000000000, -0.6056052325901125633 ) ) ;
#4727 = EDGE_CURVE ( 'NONE', #4521, #8137, #3072, .T. ) ;
#4728 = VECTOR ( 'NONE', #2646, 1000.000000000000000 ) ;
#4730 = ORIENTED_EDGE ( 'NONE', *, *, #1157, .F. ) ;
#4729 = DIRECTION ( 'NONE',  ( 1.000000000000000000, 0.000000000000000000, -1.297293286543591323E-16 ) ) ;
#4731 = FACE_OUTER_BOUND ( 'NONE', #4788, .T. ) ;
#4732 = ORIENTED_EDGE ( 'NONE', *, *, #600, .T. ) ;
#4733 = CARTESIAN_POINT ( 'NONE',  ( 4.995730090261728762, 7.939582795914769342, 15.89975686303590585 ) ) ;
#4734 = DIRECTION ( 'NONE',  ( -0.000000000000000000, -1.000000000000000000, -0.000000000000000000 ) ) ;
#4735 = CARTESIAN_POINT ( 'NONE',  ( 4.062678424167098790, 6.998089718844055618, 19.43522233307208325 ) ) ;
#4736 = EDGE_CURVE ( 'NONE', #6024, #8112, #7513, .T. ) ;
#4737 = CARTESIAN_POINT ( 'NONE',  ( -6.889031946437205178, 9.954808941138560741, 7.224189636800261383 ) ) ;
#4738 = ORIENTED_EDGE ( 'NONE', *, *, #2880, .F. ) ;
#4739 = ORIENTED_EDGE ( 'NONE', *, *, #6133, .F. ) ;
#4740 = CARTESIAN_POINT ( 'NONE',  ( 4.015765022693237540, 5.800000000000005151, 19.04299342559313502 ) ) ;
#4741 = CARTESIAN_POINT ( 'NONE',  ( -6.460329924362335774, 9.500000021469093170, 7.458094298312364145 ) ) ;
#4742 = CARTESIAN_POINT ( 'NONE',  ( -6.382868254929890739, 7.156750332048444463, 18.18471308002692766 ) ) ;
#4743 = EDGE_CURVE ( 'NONE', #4789, #4789, #7938, .T. ) ;
#4744 = SPHERICAL_SURFACE ( 'NONE', #384, 0.02000000000000000042 ) ;
#4745 = CARTESIAN_POINT ( 'NONE',  ( -2.509133998076038541, 6.600000000000000533, 19.79958055990334032 ) ) ;
#4746 = ORIENTED_EDGE ( 'NONE', *, *, #1743, .T. ) ;
#4747 = ORIENTED_EDGE ( 'NONE', *, *, #5642, .T. ) ;
#4748 = CARTESIAN_POINT ( 'NONE',  ( 0.000000000000000000, 8.163233517243998705, -10.47745039250036037 ) ) ;
#4749 = DIRECTION ( 'NONE',  ( 0.000000000000000000, -1.000000000000000000, 0.000000000000000000 ) ) ;
#4750 = LINE ( 'NONE', #8003, #5389 ) ;
#4751 = CARTESIAN_POINT ( 'NONE',  ( 4.268666884684330753, 7.000000000000005329, 19.95925893310556276 ) ) ;
#4752 = EDGE_CURVE ( 'NONE', #3034, #7854, #3759, .T. ) ;
#4753 = CARTESIAN_POINT ( 'NONE',  ( -6.844972229211402137, 5.657537364585040862, 18.84370856868942923 ) ) ;
#4754 = CARTESIAN_POINT ( 'NONE',  ( 6.688341973924273098, 9.272793740004615870, 7.224591477311431476 ) ) ;
#4755 = B_SPLINE_CURVE_WITH_KNOTS ( 'NONE', 3,
 ( #3453, #7151, #5336, #4550, #4718, #4095, #2706, #966, #145, #2664, #5216, #1505, #1425, #3937, #6492, #799 ),
 .UNSPECIFIED., .F., .F.,
 ( 4, 3, 3, 3, 3, 4 ),
 ( 0.000000000000000000, 6.675202898540913739E-06, 1.334887914328080460E-05, 2.004671926365856214E-05, 2.679650801738073514E-05, 3.136835858832821546E-05 ),
 .UNSPECIFIED. ) ;
#4756 = ORIENTED_EDGE ( 'NONE', *, *, #755, .F. ) ;
#4757 = CARTESIAN_POINT ( 'NONE',  ( 7.052832034732567479, 9.179184621573270420, 6.868885301841317848 ) ) ;
#4758 = ORIENTED_EDGE ( 'NONE', *, *, #7256, .F. ) ;
#4759 = CARTESIAN_POINT ( 'NONE',  ( 3.811325635365887532, 6.000000000000000000, 19.94803358049088970 ) ) ;
#4760 = DIRECTION ( 'NONE',  ( 0.000000000000000000, 0.000000000000000000, 1.000000000000000000 ) ) ;
#4761 = CARTESIAN_POINT ( 'NONE',  ( -8.542165966305145020, 6.113065269865995965, 4.931821820108711840 ) ) ;
#4762 = DIRECTION ( 'NONE',  ( -0.000000000000000000, -1.000000000000000000, -0.000000000000000000 ) ) ;
#4763 = CARTESIAN_POINT ( 'NONE',  ( -1.270000000000081952, 0.000000000000000000, 9.848451654955704626 ) ) ;
#4764 = AXIS2_PLACEMENT_3D ( 'NONE', #5356, #5970, #2140 ) ;
#4766 = ORIENTED_EDGE ( 'NONE', *, *, #1610, .F. ) ;
#4765 = CARTESIAN_POINT ( 'NONE',  ( -5.297650509973780508, 7.336428717887440776, 18.81350333925990981 ) ) ;
#4767 = DIRECTION ( 'NONE',  ( -0.8090169943749492276, 0.000000000000000000, -0.5877852522924705836 ) ) ;
#4768 = ORIENTED_EDGE ( 'NONE', *, *, #5023, .T. ) ;
#4769 = EDGE_CURVE ( 'NONE', #5973, #3697, #2083, .T. ) ;
#4770 = CARTESIAN_POINT ( 'NONE',  ( 5.195497750391110614, 7.103259198108545114, 17.95959103353147057 ) ) ;
#4771 = CARTESIAN_POINT ( 'NONE',  ( -7.162548666029462829, 8.362194106334424504, 6.782609401782580427 ) ) ;
#4772 = CARTESIAN_POINT ( 'NONE',  ( 4.947326282271232500, 6.800001425441132952, 21.24192218276976263 ) ) ;
#4773 = CIRCLE ( 'NONE', #3709, 0.04000000000000010492 ) ;
#4774 = CARTESIAN_POINT ( 'NONE',  ( -6.576546582887030645, 9.516278187353760742, 7.351486703888203245 ) ) ;
#4775 = ORIENTED_EDGE ( 'NONE', *, *, #5023, .F. ) ;
#4776 = CIRCLE ( 'NONE', #6350, 0.1999999999999987899 ) ;
#4777 = AXIS2_PLACEMENT_3D ( 'NONE', #5412, #389, #1627 ) ;
#4778 = ADVANCED_FACE ( 'NONE', ( #3887, #1999 ), #3473, .T. ) ;
#4779 = VERTEX_POINT ( 'NONE', #266 ) ;
#4780 = ADVANCED_FACE ( 'NONE', ( #2828 ), #1418, .T. ) ;
#4781 = DIRECTION ( 'NONE',  ( 1.000000000000000000, 0.000000000000000000, 0.000000000000000000 ) ) ;
#4782 = CARTESIAN_POINT ( 'NONE',  ( -5.291826806039272135, 7.650290230445957462, 16.94228371276766509 ) ) ;
#4783 = CARTESIAN_POINT ( 'NONE',  ( -5.327084702027270247, 6.628056886431032524, 21.74630681239614205 ) ) ;
#4784 = DIRECTION ( 'NONE',  ( 0.9820588696906382697, 0.000000000000000000, 0.1885745912416255110 ) ) ;
#4785 = CARTESIAN_POINT ( 'NONE',  ( -6.424821642706378455, 6.980000000000000426, 23.57836966310849292 ) ) ;
#4786 = AXIS2_PLACEMENT_3D ( 'NONE', #4831, #1041, #5488 ) ;
#4787 = VERTEX_POINT ( 'NONE', #1376 ) ;
#4788 = EDGE_LOOP ( 'NONE', ( #4997 ) ) ;
#4789 = VERTEX_POINT ( 'NONE', #5370 ) ;
#4790 = ADVANCED_FACE ( 'NONE', ( #5291 ), #5251, .T. ) ;
#4791 = CARTESIAN_POINT ( 'NONE',  ( -4.947328415728339479, 6.800000000000000711, 21.24192674964312033 ) ) ;
#4792 = FACE_OUTER_BOUND ( 'NONE', #855, .T. ) ;
#4793 = CARTESIAN_POINT ( 'NONE',  ( 0.000000000000000000, 11.79999999999999716, 0.000000000000000000 ) ) ;
#4794 = CARTESIAN_POINT ( 'NONE',  ( 4.164368546225968970, 5.839926581748344780, 19.93323595731152054 ) ) ;
#4795 = CARTESIAN_POINT ( 'NONE',  ( -4.761323057842192341, 10.81999999999999851, -8.714052027550691193 ) ) ;
#4796 = CARTESIAN_POINT ( 'NONE',  ( 5.241503369039645754, 6.057532098141797050, 17.10185600601589329 ) ) ;
#4797 = VERTEX_POINT ( 'NONE', #5824 ) ;
#4798 = DIRECTION ( 'NONE',  ( 0.000000000000000000, 0.000000000000000000, -1.000000000000000000 ) ) ;
#4799 = ORIENTED_EDGE ( 'NONE', *, *, #7916, .F. ) ;
#4800 = DIRECTION ( 'NONE',  ( 0.000000000000000000, -1.000000000000000000, -0.000000000000000000 ) ) ;
#4801 = CIRCLE ( 'NONE', #1237, 1.249999999999971578 ) ;
#4802 = AXIS2_PLACEMENT_3D ( 'NONE', #4763, #2844, #1638 ) ;
#4803 = CARTESIAN_POINT ( 'NONE',  ( -3.575689306079121277, 6.000000000000000000, 18.60067228950260798 ) ) ;
#4804 = CARTESIAN_POINT ( 'NONE',  ( -6.993308292483057187, 8.493467777614389647, 6.929734353328146135 ) ) ;
#4805 = CARTESIAN_POINT ( 'NONE',  ( -9.100000000000001421, 11.79999999999999716, 0.000000000000000000 ) ) ;
#4806 = CARTESIAN_POINT ( 'NONE',  ( -4.770912832379638147, 10.81999999999999851, -8.731602988331255588 ) ) ;
#4807 = AXIS2_PLACEMENT_3D ( 'NONE', #2817, #868, #3996 ) ;
#4809 = ORIENTED_EDGE ( 'NONE', *, *, #2219, .T. ) ;
#4808 = CARTESIAN_POINT ( 'NONE',  ( -5.303355615044777593, 7.336446164540955550, 18.81083319993209102 ) ) ;
#4810 = CARTESIAN_POINT ( 'NONE',  ( 5.575439806182467706, 6.000000000000000000, 21.30325731582804494 ) ) ;
#4811 = ORIENTED_EDGE ( 'NONE', *, *, #6915, .T. ) ;
#4812 = DIRECTION ( 'NONE',  ( -0.000000000000000000, -1.000000000000000000, -0.000000000000000000 ) ) ;
#4813 = LINE ( 'NONE', #4853, #6768 ) ;
#4814 = CARTESIAN_POINT ( 'NONE',  ( 3.972439288555371650, 6.800000000000000711, 20.23466762383019102 ) ) ;
#4815 = CARTESIAN_POINT ( 'NONE',  ( -6.473126157281554605, 10.16885447971590928, 7.316426581831033893 ) ) ;
#4816 = EDGE_CURVE ( 'NONE', #6207, #5325, #5446, .T. ) ;
#4817 = AXIS2_PLACEMENT_3D ( 'NONE', #6717, #7294, #4697 ) ;
#4818 = EDGE_LOOP ( 'NONE', ( #5554, #5215, #2200, #3522 ) ) ;
#4819 = ORIENTED_EDGE ( 'NONE', *, *, #1854, .F. ) ;
#4820 = DIRECTION ( 'NONE',  ( 0.5877852522924685852, -0.000000000000000000, -0.8090169943749507819 ) ) ;
#4821 = AXIS2_PLACEMENT_3D ( 'NONE', #1411, #133, #5118 ) ;
#4822 = CARTESIAN_POINT ( 'NONE',  ( -5.216584095013913291, 7.028970289242019831, 18.59756718570208633 ) ) ;
#4823 = CARTESIAN_POINT ( 'NONE',  ( -4.242384664407821582, 7.111696915830715504, 19.68374476559463560 ) ) ;
#4824 = LINE ( 'NONE', #4745, #64 ) ;
#4825 = EDGE_CURVE ( 'NONE', #6878, #6878, #4115, .T. ) ;
#4826 = ADVANCED_FACE ( 'NONE', ( #140 ), #2789, .F. ) ;
#4827 = VERTEX_POINT ( 'NONE', #3357 ) ;
#4828 = ORIENTED_EDGE ( 'NONE', *, *, #6739, .F. ) ;
#4829 = CARTESIAN_POINT ( 'NONE',  ( 0.000000000000000000, 11.81999999999999673, 11.00000000000000178 ) ) ;
#4830 = CIRCLE ( 'NONE', #2336, 12.06000000000000050 ) ;
#4831 = CARTESIAN_POINT ( 'NONE',  ( -2.399999999999958167, 5.899999999999999467, 22.89999999999999503 ) ) ;
#4832 = CARTESIAN_POINT ( 'NONE',  ( -16.89999999999999858, 4.000000000000000000, 0.000000000000000000 ) ) ;
#4833 = CARTESIAN_POINT ( 'NONE',  ( -9.001769445372302059, 10.81999999999999851, 4.239179974047064370 ) ) ;
#4834 = CARTESIAN_POINT ( 'NONE',  ( -5.788659439945830876, 6.750000000000000888, 21.62796828804831151 ) ) ;
#4835 = CIRCLE ( 'NONE', #1274, 0.02000000000000053818 ) ;
#4836 = ADVANCED_FACE ( 'NONE', ( #7766 ), #5165, .T. ) ;
#4837 = DIRECTION ( 'NONE',  ( 0.9659258262890697555, 0.000000000000000000, -0.2588190451025151329 ) ) ;
#4838 = EDGE_CURVE ( 'NONE', #350, #5586, #340, .T. ) ;
#4839 = VERTEX_POINT ( 'NONE', #7145 ) ;
#4840 = CARTESIAN_POINT ( 'NONE',  ( -0.6570922415819573370, 6.820000000000000284, 22.91389368417637940 ) ) ;
#4841 = ORIENTED_EDGE ( 'NONE', *, *, #87, .F. ) ;
#4842 = AXIS2_PLACEMENT_3D ( 'NONE', #4426, #1214, #6942 ) ;
#4843 = CARTESIAN_POINT ( 'NONE',  ( 3.843072501301501909, 6.000000000000000000, 20.00704363394753216 ) ) ;
#4844 = CARTESIAN_POINT ( 'NONE',  ( -4.583858071395047418, 6.000000000000000000, 17.63628898388458310 ) ) ;
#4845 = CARTESIAN_POINT ( 'NONE',  ( -8.314796120132012192, 6.186041673017721898, 5.133314927829902174 ) ) ;
#4846 = DIRECTION ( 'NONE',  ( 0.000000000000000000, -1.000000000000000000, 0.000000000000000000 ) ) ;
#4847 = CARTESIAN_POINT ( 'NONE',  ( 7.181428748477300061, 10.32526812433898122, 6.606789583590198411 ) ) ;
#4848 = DIRECTION ( 'NONE',  ( 0.000000000000000000, 1.000000000000000000, 0.000000000000000000 ) ) ;
#4849 = VECTOR ( 'NONE', #7277, 1000.000000000000000 ) ;
#4850 = CARTESIAN_POINT ( 'NONE',  ( -7.209364794939254750, 8.311616712929273731, 6.839958634564680118 ) ) ;
#4851 = ORIENTED_EDGE ( 'NONE', *, *, #1800, .F. ) ;
#4852 = FACE_OUTER_BOUND ( 'NONE', #7824, .T. ) ;
#4853 = CARTESIAN_POINT ( 'NONE',  ( 2.499999999999964473, -4.348755257721902190, 22.89999999999999503 ) ) ;
#4854 = FACE_BOUND ( 'NONE', #5445, .T. ) ;
#4855 = EDGE_CURVE ( 'NONE', #3262, #1024, #7280, .T. ) ;
#4856 = AXIS2_PLACEMENT_3D ( 'NONE', #8081, #5652, #538 ) ;
#4857 = CARTESIAN_POINT ( 'NONE',  ( -6.527173843282835008, 8.951407465116259843, 7.097388903701422613 ) ) ;
#4858 = CARTESIAN_POINT ( 'NONE',  ( -2.939133998076038701, 6.600000000000000533, 19.64958055990333463 ) ) ;
#4859 = PLANE ( 'NONE',  #6902 ) ;
#4860 = ORIENTED_EDGE ( 'NONE', *, *, #3427, .F. ) ;
#4861 = ORIENTED_EDGE ( 'NONE', *, *, #250, .T. ) ;
#4862 = VECTOR ( 'NONE', #1779, 1000.000000000000000 ) ;
#4863 = B_SPLINE_CURVE_WITH_KNOTS ( 'NONE', 3,
 ( #2122, #303, #5910, #7184, #7265, #4090 ),
 .UNSPECIFIED., .F., .F.,
 ( 4, 2, 4 ),
 ( 8.673617379884035472E-19, 0.0005983264777774282336, 0.001196652955554855600 ),
 .UNSPECIFIED. ) ;
#4864 = FACE_BOUND ( 'NONE', #1735, .T. ) ;
#4865 = CARTESIAN_POINT ( 'NONE',  ( -5.211902030123631846, 7.044905715977388461, 18.36660783505538319 ) ) ;
#4866 = DIRECTION ( 'NONE',  ( 0.000000000000000000, 1.000000000000000000, 0.000000000000000000 ) ) ;
#4867 = DIRECTION ( 'NONE',  ( 0.000000000000000000, 1.000000000000000000, 0.000000000000000000 ) ) ;
#4868 = ORIENTED_EDGE ( 'NONE', *, *, #3766, .F. ) ;
#4869 = EDGE_LOOP ( 'NONE', ( #6577 ) ) ;
#4870 = CARTESIAN_POINT ( 'NONE',  ( 0.000000000000000000, 7.755172413793101072, -13.56206896551724128 ) ) ;
#4871 = CARTESIAN_POINT ( 'NONE',  ( 1.250000000000082379, 11.77999999999999936, 9.765322575317203047 ) ) ;
#4872 = EDGE_CURVE ( 'NONE', #4401, #4401, #6223, .T. ) ;
#4873 = LINE ( 'NONE', #7963, #390 ) ;
#4874 = CARTESIAN_POINT ( 'NONE',  ( 0.000000000000000000, 8.377266658801596932, 0.000000000000000000 ) ) ;
#4875 = CARTESIAN_POINT ( 'NONE',  ( -6.765847160977648933, 10.79999999999999893, -7.151736655826383071 ) ) ;
#4876 = DIRECTION ( 'NONE',  ( -0.2124606260634139265, 0.000000000000000000, 0.9771696282492319252 ) ) ;
#4877 = ORIENTED_EDGE ( 'NONE', *, *, #452, .T. ) ;
#4878 = CARTESIAN_POINT ( 'NONE',  ( 7.052879657862014540, 9.203248166202651959, 6.896537023623502627 ) ) ;
#4879 = ORIENTED_EDGE ( 'NONE', *, *, #4515, .F. ) ;
#4880 = CARTESIAN_POINT ( 'NONE',  ( 4.336348405599972367, 6.000000000000000000, 17.85100521815690300 ) ) ;
#4881 = EDGE_CURVE ( 'NONE', #3103, #5048, #4863, .T. ) ;
#4882 = EDGE_CURVE ( 'NONE', #2654, #4660, #5372, .T. ) ;
#4883 = CARTESIAN_POINT ( 'NONE',  ( -3.904713996746777660, 6.000000000000000000, 20.11760166373667502 ) ) ;
#4884 = CARTESIAN_POINT ( 'NONE',  ( -7.474708251964941041, 7.713071519093571027, 6.649904047259957096 ) ) ;
#4885 = FACE_OUTER_BOUND ( 'NONE', #298, .T. ) ;
#4886 = CARTESIAN_POINT ( 'NONE',  ( 7.156618968127529179, 10.05886160031773358, 6.921429778054739579 ) ) ;
#4887 = CARTESIAN_POINT ( 'NONE',  ( 5.282763771360539096, 7.334959925280892357, 18.81348727396577658 ) ) ;
#4888 = CARTESIAN_POINT ( 'NONE',  ( -7.075130075753221170, 8.377266658801596932, 6.845915527610038076 ) ) ;
#4889 = ADVANCED_FACE ( 'NONE', ( #388, #4129, #1625 ), #462, .F. ) ;
#4890 = ORIENTED_EDGE ( 'NONE', *, *, #7986, .F. ) ;
#4891 = DIRECTION ( 'NONE',  ( 1.000000000000000000, 0.000000000000000000, 0.000000000000000000 ) ) ;
#4892 = DIRECTION ( 'NONE',  ( 0.000000000000000000, 0.000000000000000000, 1.000000000000000000 ) ) ;
#4893 = CARTESIAN_POINT ( 'NONE',  ( 6.096124212657832331, 6.800000000000001599, 17.38822094844786648 ) ) ;
#4894 = CARTESIAN_POINT ( 'NONE',  ( -6.706347230600321119, 9.262096200783950906, 7.218090790499934073 ) ) ;
#4895 = DIRECTION ( 'NONE',  ( 0.000000000000000000, 1.000000000000000000, 0.000000000000000000 ) ) ;
#4896 = ORIENTED_EDGE ( 'NONE', *, *, #5083, .T. ) ;
#4897 = ORIENTED_EDGE ( 'NONE', *, *, #5881, .F. ) ;
#4898 = AXIS2_PLACEMENT_3D ( 'NONE', #4329, #4246, #1198 ) ;
#4899 = CARTESIAN_POINT ( 'NONE',  ( 6.465180984532858943, 9.700000020712348459, 7.453070863683151082 ) ) ;
#4900 = CARTESIAN_POINT ( 'NONE',  ( 4.728641350681406230, 11.77999999999999936, -8.635043484350610754 ) ) ;
#4901 = CARTESIAN_POINT ( 'NONE',  ( 6.680789776143186032, 9.704501432125193006, 7.339296155538661992 ) ) ;
#4902 = CARTESIAN_POINT ( 'NONE',  ( 0.000000000000000000, 7.760235294117645566, 0.000000000000000000 ) ) ;
#4903 = VERTEX_POINT ( 'NONE', #7304 ) ;
#4904 = VECTOR ( 'NONE', #2326, 1000.000000000000000 ) ;
#4905 = ORIENTED_EDGE ( 'NONE', *, *, #3934, .T. ) ;
#4906 = CARTESIAN_POINT ( 'NONE',  ( -1.230000000000081695, 11.79999999999999716, 9.013739512544159282 ) ) ;
#4907 = CARTESIAN_POINT ( 'NONE',  ( -5.299999999999994493, 6.000000000000000000, 19.38047814307507721 ) ) ;
#4908 = AXIS2_PLACEMENT_3D ( 'NONE', #6105, #2990, #1123 ) ;
#4909 = CIRCLE ( 'NONE', #7020, 9.845000000000000639 ) ;
#4910 = CARTESIAN_POINT ( 'NONE',  ( 4.876159564859991136, 7.000000000000000000, 20.67958650905827156 ) ) ;
#4911 = DIRECTION ( 'NONE',  ( -0.000000000000000000, -1.000000000000000000, -0.000000000000000000 ) ) ;
#4912 = CARTESIAN_POINT ( 'NONE',  ( -5.299999999999995381, 6.980000000000000426, 19.38047814307508077 ) ) ;
#4913 = DIRECTION ( 'NONE',  ( 0.000000000000000000, 1.000000000000000000, 0.000000000000000000 ) ) ;
#4914 = EDGE_CURVE ( 'NONE', #6761, #1862, #2146, .T. ) ;
#4915 = ORIENTED_EDGE ( 'NONE', *, *, #2867, .T. ) ;
#4916 = DIRECTION ( 'NONE',  ( 0.000000000000000000, 0.000000000000000000, -1.000000000000000000 ) ) ;
#4917 = EDGE_LOOP ( 'NONE', ( #6562 ) ) ;
#4918 = CARTESIAN_POINT ( 'NONE',  ( -4.811340560054155446, 6.000000000000000000, 17.13298799810183937 ) ) ;
#4919 = CARTESIAN_POINT ( 'NONE',  ( 5.200330760611887371, 7.228308768018235853, 18.60237012714701166 ) ) ;
#4920 = CARTESIAN_POINT ( 'NONE',  ( -4.507646690231899456, 6.000000000000000000, 17.70049305429507314 ) ) ;
#4921 = CARTESIAN_POINT ( 'NONE',  ( -7.821348122532693736, 6.635111793375411793, 5.834165023809444683 ) ) ;
#4922 = DIRECTION ( 'NONE',  ( 0.000000000000000000, 0.000000000000000000, 1.000000000000000000 ) ) ;
#4923 = CARTESIAN_POINT ( 'NONE',  ( 7.120958317115934300, 10.42108576098441297, 6.581689970136294754 ) ) ;
#4924 = EDGE_CURVE ( 'NONE', #2654, #3290, #5436, .T. ) ;
#4925 = ORIENTED_EDGE ( 'NONE', *, *, #3722, .T. ) ;
#4926 = CARTESIAN_POINT ( 'NONE',  ( 5.289356242684132958, 7.335892515370394662, 18.81488803613533278 ) ) ;
#4927 = CARTESIAN_POINT ( 'NONE',  ( -9.673644911948287017, 11.78222506763284372, 1.828829985957433069 ) ) ;
#4928 = EDGE_LOOP ( 'NONE', ( #7544 ) ) ;
#4929 = LINE ( 'NONE', #6211, #4010 ) ;
#4930 = DIRECTION ( 'NONE',  ( -0.000000000000000000, -1.000000000000000000, -0.000000000000000000 ) ) ;
#4931 = CARTESIAN_POINT ( 'NONE',  ( 6.895618112174528136, 6.800000000000000711, 17.95390224180405170 ) ) ;
#4932 = AXIS2_PLACEMENT_3D ( 'NONE', #156, #237, #4479 ) ;
#4933 = CARTESIAN_POINT ( 'NONE',  ( -6.505665847984559491, 6.995444480185462943, 20.41951014037322665 ) ) ;
#4934 = VECTOR ( 'NONE', #4640, 1000.000000000000000 ) ;
#4935 = ADVANCED_FACE ( 'NONE', ( #1001 ), #1738, .F. ) ;
#4936 = CARTESIAN_POINT ( 'NONE',  ( -2.939133998076038701, 6.800000000000000711, 19.21958055990333847 ) ) ;
#4937 = EDGE_LOOP ( 'NONE', ( #6713, #2281, #5269 ) ) ;
#4938 = LINE ( 'NONE', #8070, #727 ) ;
#4939 = CARTESIAN_POINT ( 'NONE',  ( -6.424821642706378455, 7.000000000000000000, 23.57836966310849292 ) ) ;
#4940 = VECTOR ( 'NONE', #1109, 1000.000000000000000 ) ;
#4941 = CARTESIAN_POINT ( 'NONE',  ( 6.903902664719338667, 9.611166538156986405, 7.268409509120003165 ) ) ;
#4942 = ORIENTED_EDGE ( 'NONE', *, *, #8010, .F. ) ;
#4943 = VERTEX_POINT ( 'NONE', #7457 ) ;
#4944 = CIRCLE ( 'NONE', #3637, 27.24579865550350632 ) ;
#4945 = DIRECTION ( 'NONE',  ( 0.000000000000000000, -0.000000000000000000, 1.000000000000000000 ) ) ;
#4946 = CARTESIAN_POINT ( 'NONE',  ( 0.000000000000000000, 8.163233517243998705, 0.000000000000000000 ) ) ;
#4947 = FACE_OUTER_BOUND ( 'NONE', #1156, .T. ) ;
#4948 = CARTESIAN_POINT ( 'NONE',  ( -5.211487537578541662, 7.000000000000000000, 23.43858651601436094 ) ) ;
#4949 = CARTESIAN_POINT ( 'NONE',  ( -6.505213034913026604E-16, 6.000000000000000000, -4.995798655503515207 ) ) ;
#4950 = CARTESIAN_POINT ( 'NONE',  ( 7.194763297610601072, 8.337932025306987072, 6.797122541868723111 ) ) ;
#4951 = ORIENTED_EDGE ( 'NONE', *, *, #3302, .T. ) ;
#4952 = EDGE_LOOP ( 'NONE', ( #6497, #4775, #7225, #6386 ) ) ;
#4953 = DIRECTION ( 'NONE',  ( 0.000000000000000000, 1.000000000000000000, 0.000000000000000000 ) ) ;
#4954 = ORIENTED_EDGE ( 'NONE', *, *, #8094, .T. ) ;
#4955 = CARTESIAN_POINT ( 'NONE',  ( 5.231356120501150286, 6.820000000000000284, 23.44087549234617640 ) ) ;
#4956 = DIRECTION ( 'NONE',  ( -0.000000000000000000, -1.000000000000000000, -0.000000000000000000 ) ) ;
#4957 = TOROIDAL_SURFACE ( 'NONE', #8113, 2.299999999999998490, 0.05000000000000000278 ) ;
#4958 = AXIS2_PLACEMENT_3D ( 'NONE', #5572, #663, #4996 ) ;
#4959 = CARTESIAN_POINT ( 'NONE',  ( -3.532468221216943594, 6.000000000000000000, 19.26089600271836133 ) ) ;
#4960 = DIRECTION ( 'NONE',  ( -1.084202172485548610E-14, 0.000000000000000000, 1.000000000000000000 ) ) ;
#4961 = DIRECTION ( 'NONE',  ( 0.000000000000000000, 1.000000000000000000, 0.000000000000000000 ) ) ;
#4962 = CARTESIAN_POINT ( 'NONE',  ( 7.236788025942304081, 10.22943585959372470, 6.626820526484296536 ) ) ;
#4963 = ORIENTED_EDGE ( 'NONE', *, *, #3757, .F. ) ;
#4964 = CARTESIAN_POINT ( 'NONE',  ( -9.010131511973954233, 11.77999999999999936, 4.268305300342743358 ) ) ;
#4965 = AXIS2_PLACEMENT_3D ( 'NONE', #2675, #725, #6297 ) ;
#4966 = CARTESIAN_POINT ( 'NONE',  ( 6.272470893473908404, 6.000000000000000000, 21.01691464653064756 ) ) ;
#4967 = EDGE_LOOP ( 'NONE', ( #1657, #1619, #7374, #5770 ) ) ;
#4968 = DIRECTION ( 'NONE',  ( -0.000000000000000000, -1.000000000000000000, -0.000000000000000000 ) ) ;
#4969 = CARTESIAN_POINT ( 'NONE',  ( -1.247054757629092459, 11.79067960927247860, 9.765699225281467832 ) ) ;
#4970 = EDGE_CURVE ( 'NONE', #5674, #4152, #4776, .T. ) ;
#4971 = CARTESIAN_POINT ( 'NONE',  ( 6.288375729446722850, 6.799999999999998934, 17.47646112834396703 ) ) ;
#4972 = CIRCLE ( 'NONE', #1426, 0.02000000000000053818 ) ;
#4973 = DIRECTION ( 'NONE',  ( 0.000000000000000000, 0.000000000000000000, -1.000000000000000000 ) ) ;
#4974 = AXIS2_PLACEMENT_3D ( 'NONE', #69, #1475, #1925 ) ;
#4975 = CYLINDRICAL_SURFACE ( 'NONE', #5097, 0.02000000000000005246 ) ;
#4976 = ORIENTED_EDGE ( 'NONE', *, *, #2674, .F. ) ;
#4977 = ORIENTED_EDGE ( 'NONE', *, *, #5236, .T. ) ;
#4978 = CARTESIAN_POINT ( 'NONE',  ( -9.778541063641494446, 10.81999999999999851, 1.839194026381413716 ) ) ;
#4979 = VECTOR ( 'NONE', #5694, 1000.000000000000000 ) ;
#4980 = EDGE_CURVE ( 'NONE', #1697, #8098, #2912, .T. ) ;
#4981 = DIRECTION ( 'NONE',  ( -0.000000000000000000, 1.000000000000000000, -0.000000000000000000 ) ) ;
#4982 = CARTESIAN_POINT ( 'NONE',  ( -7.449221061335780547, 9.715825875682696733, 6.301909302479550945 ) ) ;
#4983 = VECTOR ( 'NONE', #2558, 1000.000000000000000 ) ;
#4984 = EDGE_LOOP ( 'NONE', ( #7770 ) ) ;
#4985 = CARTESIAN_POINT ( 'NONE',  ( 0.000000000000000000, 3.900000000000000355, 12.50000000000000000 ) ) ;
#4986 = CARTESIAN_POINT ( 'NONE',  ( 5.241298232002693958, 6.744717922586260350, 17.10271288679027890 ) ) ;
#4987 = EDGE_CURVE ( 'NONE', #2654, #430, #3850, .T. ) ;
#4988 = CARTESIAN_POINT ( 'NONE',  ( -6.816226223554678221, 10.81999999999999851, -7.221077486727693895 ) ) ;
#4989 = CARTESIAN_POINT ( 'NONE',  ( -4.067354907576603118, 6.999625210767205452, 19.43923354495350253 ) ) ;
#4990 = CARTESIAN_POINT ( 'NONE',  ( 9.758885704719629572, 11.77999999999999936, 1.835497153966437534 ) ) ;
#4991 = CARTESIAN_POINT ( 'NONE',  ( 7.485077675331096358, 6.096508971871994476, 20.30531008980361918 ) ) ;
#4992 = EDGE_LOOP ( 'NONE', ( #187 ) ) ;
#4993 = CARTESIAN_POINT ( 'NONE',  ( 7.208796657115873252, 8.320597769849884529, 6.819980582695380100 ) ) ;
#4994 = ORIENTED_EDGE ( 'NONE', *, *, #2829, .T. ) ;
#4995 = ORIENTED_EDGE ( 'NONE', *, *, #1755, .T. ) ;
#4996 = DIRECTION ( 'NONE',  ( -0.9820588696906380477, 0.000000000000000000, 0.1885745912416260384 ) ) ;
#4997 = ORIENTED_EDGE ( 'NONE', *, *, #7582, .F. ) ;
#4998 = TOROIDAL_SURFACE ( 'NONE', #1718, 1.201359479792052820, 0.02000000000000000042 ) ;
#4999 = DIRECTION ( 'NONE',  ( 0.000000000000000000, 0.000000000000000000, 1.000000000000000000 ) ) ;
#5000 = EDGE_CURVE ( 'NONE', #430, #530, #8063, .T. ) ;
#5001 = CARTESIAN_POINT ( 'NONE',  ( 5.300000000000001599, 6.750000000000000888, 19.38047814307507366 ) ) ;
#5002 = CARTESIAN_POINT ( 'NONE',  ( -5.330957371609858164, 6.000000000000000000, 17.28115485929756900 ) ) ;
#5003 = CARTESIAN_POINT ( 'NONE',  ( -8.150641676167410310, 6.293924170358408787, 5.378850259611829721 ) ) ;
#5004 = CYLINDRICAL_SURFACE ( 'NONE', #271, 0.01999999999999965347 ) ;
#5005 = CARTESIAN_POINT ( 'NONE',  ( 7.226102290709689235, 9.252111326955668957, 6.697214890498924156 ) ) ;
#5006 = ORIENTED_EDGE ( 'NONE', *, *, #470, .T. ) ;
#5007 = CARTESIAN_POINT ( 'NONE',  ( 4.305293461728365578, 7.000000000000000000, 20.13748468381273327 ) ) ;
#5008 = CARTESIAN_POINT ( 'NONE',  ( 7.504885709066743793, 6.000000000000000000, 19.19957333545766787 ) ) ;
#5009 = ORIENTED_EDGE ( 'NONE', *, *, #4404, .T. ) ;
#5010 = DIRECTION ( 'NONE',  ( 0.000000000000000000, 1.000000000000000000, 0.000000000000000000 ) ) ;
#5011 = DIRECTION ( 'NONE',  ( -0.000000000000000000, -1.000000000000000000, -0.000000000000000000 ) ) ;
#5012 = CARTESIAN_POINT ( 'NONE',  ( 5.384221682010374543, 6.800000000000001599, 17.27343145190149798 ) ) ;
#5013 = CARTESIAN_POINT ( 'NONE',  ( -7.339931166705556009, 6.820470654176856051, 18.45519355455315136 ) ) ;
#5014 = CARTESIAN_POINT ( 'NONE',  ( 8.992057025490618472, 0.000000000000000000, 4.259743002849451621 ) ) ;
#5015 = ADVANCED_FACE ( 'NONE', ( #5411 ), #3938, .T. ) ;
#5016 = EDGE_LOOP ( 'NONE', ( #7602 ) ) ;
#5017 = CARTESIAN_POINT ( 'NONE',  ( -9.778414121931145786, 10.81936722625686365, 1.839814667281558513 ) ) ;
#5018 = CARTESIAN_POINT ( 'NONE',  ( 7.208188176416903126, 8.084574081102037013, 6.699610972112686191 ) ) ;
#5019 = LINE ( 'NONE', #2473, #4197 ) ;
#5020 = CARTESIAN_POINT ( 'NONE',  ( 8.186304456623528125, 14.88303627697544940, 3.974219337614097292 ) ) ;
#5021 = EDGE_CURVE ( 'NONE', #6210, #7919, #1042, .T. ) ;
#5022 = AXIS2_PLACEMENT_3D ( 'NONE', #3758, #4999, #7594 ) ;
#5023 = EDGE_CURVE ( 'NONE', #4161, #3560, #4750, .T. ) ;
#5024 = EDGE_LOOP ( 'NONE', ( #7865, #6694, #6014, #6479 ) ) ;
#5025 = CARTESIAN_POINT ( 'NONE',  ( -2.509133998076038541, 6.600000000000000533, 19.64958055990333463 ) ) ;
#5026 = DIRECTION ( 'NONE',  ( 0.000000000000000000, 0.000000000000000000, -1.000000000000000000 ) ) ;
#5027 = FACE_OUTER_BOUND ( 'NONE', #458, .T. ) ;
#5028 = CARTESIAN_POINT ( 'NONE',  ( -9.386130789984020950, 10.79999999999999893, 1.735410984786129207 ) ) ;
#5029 = AXIS2_PLACEMENT_3D ( 'NONE', #2778, #2113, #5282 ) ;
#5030 = CARTESIAN_POINT ( 'NONE',  ( 9.752705364832129575, 14.88303627697544940, 1.854518284292341113 ) ) ;
#5031 = EDGE_LOOP ( 'NONE', ( #2549, #8085, #4553, #3922 ) ) ;
#5032 = CARTESIAN_POINT ( 'NONE',  ( -6.551856913646002312, 6.820000000002504947, 20.78613535674973889 ) ) ;
#5033 = EDGE_CURVE ( 'NONE', #1571, #2395, #4873, .T. ) ;
#5034 = CARTESIAN_POINT ( 'NONE',  ( 7.164764650359416009, 8.361002530326398841, 6.782451338170807809 ) ) ;
#5035 = ORIENTED_EDGE ( 'NONE', *, *, #5534, .F. ) ;
#5036 = VERTEX_POINT ( 'NONE', #6726 ) ;
#5037 = CARTESIAN_POINT ( 'NONE',  ( -7.110841250845967743, 8.599999999999999645, 6.808815000076661406 ) ) ;
#5038 = ORIENTED_EDGE ( 'NONE', *, *, #5621, .T. ) ;
#5039 = DIRECTION ( 'NONE',  ( 0.9820588696906379367, 0.000000000000000000, -0.1885745912416261771 ) ) ;
#5040 = B_SPLINE_CURVE_WITH_KNOTS ( 'NONE', 3,
 ( #1944, #4450, #1322, #4362, #7628, #5113, #1989, #8117, #4989, #5648, #6348, #698 ),
 .UNSPECIFIED., .F., .F.,
 ( 4, 2, 2, 2, 2, 4 ),
 ( 0.000000000000000000, 0.0001038751638199471273, 0.0001558127457299258002, 0.0001817815366849151503, 0.0001947659321624103945, 0.0002077503276399056387 ),
 .UNSPECIFIED. ) ;
#5041 = CARTESIAN_POINT ( 'NONE',  ( -5.271256054450786266, 7.332215316166473151, 18.80555947608376144 ) ) ;
#5042 = CARTESIAN_POINT ( 'NONE',  ( -7.521949527024990978, 6.000000000000000000, 19.27262194376326576 ) ) ;
#5043 = CARTESIAN_POINT ( 'NONE',  ( 5.299999999999998934, 7.000000000000000000, 19.38047814307508077 ) ) ;
#5044 = PLANE ( 'NONE',  #5657 ) ;
#5045 = CARTESIAN_POINT ( 'NONE',  ( 6.473126157281554605, 10.16885447971590928, 7.316426581831033893 ) ) ;
#5046 = CARTESIAN_POINT ( 'NONE',  ( 4.793683737617064899, 11.79999999999999716, -8.690540617459062034 ) ) ;
#5047 = CARTESIAN_POINT ( 'NONE',  ( 7.336708039777668944, 6.000000000000000000, 20.09677630629685297 ) ) ;
#5048 = VERTEX_POINT ( 'NONE', #7387 ) ;
#5049 = CARTESIAN_POINT ( 'NONE',  ( -7.229728515176132575, 6.800000000000000711, 18.45985978312573650 ) ) ;
#5050 = DIRECTION ( 'NONE',  ( -0.000000000000000000, -1.000000000000000000, 0.000000000000000000 ) ) ;
#5051 = CARTESIAN_POINT ( 'NONE',  ( -6.751183836619019552, -27.84586504312624911, -7.165580353619246168 ) ) ;
#5052 = CARTESIAN_POINT ( 'NONE',  ( 1.271928413619298315, 10.81936722625685476, 9.868358468385444837 ) ) ;
#5053 = CARTESIAN_POINT ( 'NONE',  ( -7.062151397510073814, 8.449228088074413279, 6.859328757208225547 ) ) ;
#5054 = CARTESIAN_POINT ( 'NONE',  ( 6.440961423339579994, 9.109723498248703422, 7.239142549930510206 ) ) ;
#5055 = LINE ( 'NONE', #8145, #6808 ) ;
#5056 = ORIENTED_EDGE ( 'NONE', *, *, #2125, .T. ) ;
#5057 = EDGE_LOOP ( 'NONE', ( #2009 ) ) ;
#5058 = CARTESIAN_POINT ( 'NONE',  ( 5.093161920235430351, 7.631476593558754296, 16.95564622647616559 ) ) ;
#5059 = CARTESIAN_POINT ( 'NONE',  ( 6.992831945748592126, 8.599999999999999645, 6.928781967098553096 ) ) ;
#5060 = FACE_OUTER_BOUND ( 'NONE', #1416, .T. ) ;
#5061 = TOROIDAL_SURFACE ( 'NONE', #1774, 4.604519503718944584, 0.02000000000000000042 ) ;
#5062 = ADVANCED_FACE ( 'NONE', ( #4166 ), #1832, .T. ) ;
#5063 = DIRECTION ( 'NONE',  ( 0.9510565162951544194, 0.000000000000000000, 0.3090169943749446757 ) ) ;
#5064 = VECTOR ( 'NONE', #6507, 1000.000000000000000 ) ;
#5065 = ORIENTED_EDGE ( 'NONE', *, *, #4073, .F. ) ;
#5066 =( LENGTH_UNIT ( ) NAMED_UNIT ( * ) SI_UNIT ( .MILLI., .METRE. ) );
#5067 = CARTESIAN_POINT ( 'NONE',  ( -4.152350391876767688, 6.999999999998763656, 19.71297681495267895 ) ) ;
#5068 = DIRECTION ( 'NONE',  ( 0.000000000000000000, -1.000000000000000000, 0.000000000000000000 ) ) ;
#5069 = ADVANCED_FACE ( 'NONE', ( #4792 ), #6685, .F. ) ;
#5070 = FACE_BOUND ( 'NONE', #1047, .T. ) ;
#5071 = CARTESIAN_POINT ( 'NONE',  ( -8.901102426010869095, 10.81858051027425915, 4.206471276695409323 ) ) ;
#5072 = FACE_OUTER_BOUND ( 'NONE', #6336, .T. ) ;
#5073 = ORIENTED_EDGE ( 'NONE', *, *, #1968, .F. ) ;
#5074 = DIRECTION ( 'NONE',  ( 0.4281148746582327247, -0.000000000000000000, -0.9037243241699128848 ) ) ;
#5075 = CARTESIAN_POINT ( 'NONE',  ( 7.206301837171707803, 8.308148378920327204, 6.851306070452888086 ) ) ;
#5076 = ORIENTED_EDGE ( 'NONE', *, *, #6458, .T. ) ;
#5077 = CARTESIAN_POINT ( 'NONE',  ( -3.089133998076035947, 6.800000000000000711, 20.22958055990334003 ) ) ;
#5078 = VERTEX_POINT ( 'NONE', #6104 ) ;
#5079 = DIRECTION ( 'NONE',  ( 0.9510565162951499785, 0.000000000000000000, -0.3090169943749581649 ) ) ;
#5080 = CARTESIAN_POINT ( 'NONE',  ( -5.243758219026910083, 7.320021267426490397, 18.76018910375133331 ) ) ;
#5081 = EDGE_CURVE ( 'NONE', #4779, #6626, #3027, .T. ) ;
#5082 = CARTESIAN_POINT ( 'NONE',  ( -7.469547027152930951, 6.000000000000000000, 19.03893950139625701 ) ) ;
#5083 = EDGE_CURVE ( 'NONE', #4521, #3821, #2767, .T. ) ;
#5084 = CARTESIAN_POINT ( 'NONE',  ( -4.090556076836502797, 6.973606916399367250, 19.71074145684179868 ) ) ;
#5085 = DIRECTION ( 'NONE',  ( 0.000000000000000000, -0.000000000000000000, -1.000000000000000000 ) ) ;
#5086 = CARTESIAN_POINT ( 'NONE',  ( 6.535643858966883712, 9.708142529443533064, 7.380660347771671681 ) ) ;
#5087 = DIRECTION ( 'NONE',  ( 0.000000000000000000, -1.000000000000000000, 0.000000000000000000 ) ) ;
#5088 = AXIS2_PLACEMENT_3D ( 'NONE', #2120, #3927, #6442 ) ;
#5089 = CARTESIAN_POINT ( 'NONE',  ( 7.387976491315591865, 6.000000000000000000, 20.01337047636243938 ) ) ;
#5090 = ORIENTED_EDGE ( 'NONE', *, *, #3409, .F. ) ;
#5091 = LINE ( 'NONE', #3247, #598 ) ;
#5092 = CARTESIAN_POINT ( 'NONE',  ( 0.000000000000000000, 11.77999999999999936, 0.000000000000000000 ) ) ;
#5093 = CARTESIAN_POINT ( 'NONE',  ( -5.299999999999994493, 6.800000000000000711, 19.38047814307507721 ) ) ;
#5094 = PLANE ( 'NONE',  #4402 ) ;
#5095 = DIRECTION ( 'NONE',  ( 1.297293286543607101E-16, 0.000000000000000000, 1.000000000000000000 ) ) ;
#5096 = CARTESIAN_POINT ( 'NONE',  ( -6.508579281599482513, 6.992974326316153899, 20.42332864131729053 ) ) ;
#5097 = AXIS2_PLACEMENT_3D ( 'NONE', #914, #484, #1184 ) ;
#5098 = DIRECTION ( 'NONE',  ( -1.000000000000000000, 0.000000000000000000, 0.000000000000000000 ) ) ;
#5099 = VERTEX_POINT ( 'NONE', #1321 ) ;
#5100 = VERTEX_POINT ( 'NONE', #3 ) ;
#5101 = AXIS2_PLACEMENT_3D ( 'NONE', #3493, #3642, #1087 ) ;
#5102 = CARTESIAN_POINT ( 'NONE',  ( 5.200330760611887371, 7.228308768018236741, 18.80555947608375789 ) ) ;
#5103 = CARTESIAN_POINT ( 'NONE',  ( 7.232360682489806791, 7.658808983007950211, 6.547557735861944117 ) ) ;
#5104 = EDGE_CURVE ( 'NONE', #6272, #6840, #2104, .T. ) ;
#5105 = CARTESIAN_POINT ( 'NONE',  ( -1.268474932181034465, 10.79999999999986215, 9.762940064940428542 ) ) ;
#5106 = AXIS2_PLACEMENT_3D ( 'NONE', #782, #3349, #7754 ) ;
#5107 = VECTOR ( 'NONE', #6991, 1000.000000000000000 ) ;
#5108 = CARTESIAN_POINT ( 'NONE',  ( 6.751183836618918299, 11.78222506763284372, -7.165580353619344756 ) ) ;
#5109 = VERTEX_POINT ( 'NONE', #3064 ) ;
#5110 = VECTOR ( 'NONE', #1518, 1000.000000000000000 ) ;
#5111 = CARTESIAN_POINT ( 'NONE',  ( 7.339931166705556009, 6.820470654176856051, 18.45519355455315136 ) ) ;
#5112 = CARTESIAN_POINT ( 'NONE',  ( -5.361897707098305155, 9.763747374330986162, 11.80443405645434574 ) ) ;
#5113 = CARTESIAN_POINT ( 'NONE',  ( -4.058265067055942588, 6.994511522760809896, 19.45327531904333895 ) ) ;
#5114 = DIRECTION ( 'NONE',  ( 0.000000000000000000, 0.000000000000000000, 1.000000000000000000 ) ) ;
#5116 = CARTESIAN_POINT ( 'NONE',  ( 7.999726228124851346, 6.203778334611071088, 19.94487031460543491 ) ) ;
#5115 = AXIS2_PLACEMENT_3D ( 'NONE', #163, #689, #2681 ) ;
#5117 = ORIENTED_EDGE ( 'NONE', *, *, #7761, .T. ) ;
#5118 = DIRECTION ( 'NONE',  ( 8.881784197001252323E-16, 0.000000000000000000, 1.000000000000000000 ) ) ;
#5119 = CARTESIAN_POINT ( 'NONE',  ( 0.000000000000000000, 8.439764705882355500, 0.000000000000000000 ) ) ;
#5120 = EDGE_LOOP ( 'NONE', ( #5163, #4653, #1368, #3145 ) ) ;
#5121 = DIRECTION ( 'NONE',  ( 0.000000000000000000, 0.000000000000000000, 1.000000000000000000 ) ) ;
#5123 = ADVANCED_FACE ( 'NONE', ( #533 ), #3831, .T. ) ;
#5122 = EDGE_LOOP ( 'NONE', ( #4249 ) ) ;
#5124 = CARTESIAN_POINT ( 'NONE',  ( -8.905927007143807472, 11.79810775233106490, 4.196247577711711862 ) ) ;
#5125 = CIRCLE ( 'NONE', #6178, 0.9200000000000004841 ) ;
#5126 = DIRECTION ( 'NONE',  ( 0.000000000000000000, 1.000000000000000000, 0.000000000000000000 ) ) ;
#5127 = CARTESIAN_POINT ( 'NONE',  ( -7.425625463694004225, 6.000000000000000000, 18.89043240214301278 ) ) ;
#5128 = DIRECTION ( 'NONE',  ( 0.000000000000000000, 0.000000000000000000, 1.000000000000000000 ) ) ;
#5129 = CARTESIAN_POINT ( 'NONE',  ( 7.207756373064385436, 9.536684933529459229, 7.044003995958656894 ) ) ;
#5130 = VERTEX_POINT ( 'NONE', #8077 ) ;
#5131 = CARTESIAN_POINT ( 'NONE',  ( 2.385244779468109755E-15, 4.000000000000000000, 19.94999999999999574 ) ) ;
#5132 = ADVANCED_FACE ( 'NONE', ( #4326, #7503 ), #6703, .F. ) ;
#5133 = ADVANCED_FACE ( 'NONE', ( #1895 ), #3746, .F. ) ;
#5134 = CARTESIAN_POINT ( 'NONE',  ( 6.097381820577079559, 6.000000000000000000, 17.38879975688072577 ) ) ;
#5135 = ORIENTED_EDGE ( 'NONE', *, *, #4743, .T. ) ;
#5136 = CARTESIAN_POINT ( 'NONE',  ( -7.533517238182165343, 6.800000000000001599, 19.39976897632149999 ) ) ;
#5137 = FACE_OUTER_BOUND ( 'NONE', #6167, .T. ) ;
#5138 = CARTESIAN_POINT ( 'NONE',  ( 8.901267009164458344, 11.78448080680738208, 4.206123057554249201 ) ) ;
#5139 = TOROIDAL_SURFACE ( 'NONE', #1844, 14.55000000000000071, 0.2000000000000035638 ) ;
#5140 = CARTESIAN_POINT ( 'NONE',  ( 1.267796393787391729, 10.81526259632765807, 9.868441643518933049 ) ) ;
#5141 = CARTESIAN_POINT ( 'NONE',  ( 6.678527123577330471, 10.11231584566059283, 7.233690048965859098 ) ) ;
#5142 = B_SPLINE_CURVE_WITH_KNOTS ( 'NONE', 3,
 ( #2756, #6580, #5262, #3420, #7776, #972, #3457, #358, #5919, #5343, #7857, #2213, #4099, #3497, #2883, #4252, #3077, #4180, #5577, #6156, #4883, #6114, #2378, #4217, #4959, #7396, #7316, #432, #399, #2295, #2921, #4803, #1791, #1132, #512, #3573, #6735, #3536, #4294, #1015, #6818, #1674, #8016, #1714, #2958, #546, #3648, #3686, #2337, #6699, #1054, #7973, #1092, #6075, #6042, #3039, #1636, #5501, #2454, #1173, #6774, #5543, #8051, #8089, #5459, #4138, #2413, #1749, #3608, #4920, #6656, #6202, #7433, #4844, #7360, #471, #2999, #5420, #7934, #5617, #2620, #1335, #3888, #3844, #6362, #6322, #8129, #5002, #7023, #709, #667, #141, #3803, #1209, #3282, #1377, #3721, #6405, #752, #3109, #2494, #2000, #4505, #7473, #5703, #102, #7514, #1872, #1291, #2659, #6980, #15, #3193, #6240, #4378, #4339, #59, #7642, #1834, #2575, #6279, #583, #5789, #5744, #6895, #5127, #6854, #5660, #3239, #5082, #7599, #2532, #1958, #4465, #1249, #3761, #625, #3152, #7553, #5042, #1914, #4422, #6938, #3931, #1539, #5167, #6525, #2123, #183, #1420, #2043, #5871, #7724, #3969, #6447, #1586, #7807, #3408, #6607, #3358, #7185, #224, #4050, #5911, #2701, #4544, #836, #3319, #2830, #5210, #5949, #346, #2085, #3487, #1463, #7684, #7147, #4667 ),
 .UNSPECIFIED., .T., .F.,
 ( 4, 3, 3, 3, 3, 3, 3, 3, 3, 3, 3, 3, 3, 3, 3, 3, 3, 3, 3, 3, 3, 3, 3, 3, 3, 3, 3, 3, 3, 3, 3, 3, 3, 3, 3, 3, 3, 3, 3, 3, 3, 3, 3, 3, 3, 3, 3, 3, 3, 3, 3, 3, 3, 3, 3, 3, 3, 3, 3, 4 ),
 ( 0.000000000000000000, 0.01694915254237288130, 0.03389830508474576259, 0.05084745762711864736, 0.06779661016949152519, 0.08474576271186440302, 0.1016949152542372947, 0.1186440677966101725, 0.1355932203389830504, 0.1525423728813559421, 0.1694915254237288060, 0.1864406779661016977, 0.2033898305084745894, 0.2203389830508474534, 0.2372881355932203451, 0.2542372881355932090, 0.2711864406779661008, 0.2881355932203389925, 0.3050847457627118842, 0.3220338983050847204, 0.3389830508474576121, 0.3559322033898305038, 0.3728813559322033955, 0.3898305084745762872, 0.4067796610169491789, 0.4237288135593220151, 0.4406779661016949068, 0.4576271186440677985, 0.4745762711864406902, 0.4915254237288135819, 0.5084745762711864181, 0.5254237288135593653, 0.5423728813559322015, 0.5593220338983050377, 0.5762711864406779849, 0.5932203389830508211, 0.6101694915254237683, 0.6271186440677966045, 0.6440677966101694407, 0.6610169491525423879, 0.6779661016949152241, 0.6949152542372881713, 0.7118644067796610075, 0.7288135593220338437, 0.7457627118644067910, 0.7627118644067796271, 0.7796610169491525744, 0.7966101694915254106, 0.8135593220338983578, 0.8305084745762711940, 0.8474576271186440302, 0.8644067796610169774, 0.8813559322033898136, 0.8983050847457627608, 0.9152542372881355970, 0.9322033898305084332, 0.9491525423728813804, 0.9661016949152542166, 0.9830508474576271638, 1.000000000000000000 ),
 .UNSPECIFIED. ) ;
#5143 = CARTESIAN_POINT ( 'NONE',  ( 6.453379451628548757, 9.345249875936051609, 7.336998356909847807 ) ) ;
#5144 = CARTESIAN_POINT ( 'NONE',  ( 2.399999999999963496, 5.899999999999999467, 16.80000000000000071 ) ) ;
#5145 = EDGE_CURVE ( 'NONE', #1787, #3143, #1442, .T. ) ;
#5146 = ORIENTED_EDGE ( 'NONE', *, *, #3586, .T. ) ;
#5147 = CARTESIAN_POINT ( 'NONE',  ( 5.364073738730264829, 7.512000447478587084, 18.02898320622187356 ) ) ;
#5148 = CARTESIAN_POINT ( 'NONE',  ( 7.112355697299145518, 8.520163905873310739, 6.808781978230904919 ) ) ;
#5149 = DIRECTION ( 'NONE',  ( -0.9934291461301871795, 0.000000000000000000, -0.1144488165908546656 ) ) ;
#5150 = CARTESIAN_POINT ( 'NONE',  ( -7.132993203595812126, 9.379857044701648050, 7.000170732490571091 ) ) ;
#5151 = ORIENTED_EDGE ( 'NONE', *, *, #114, .T. ) ;
#5152 = DIRECTION ( 'NONE',  ( -0.000000000000000000, -1.000000000000000000, -0.000000000000000000 ) ) ;
#5153 = CARTESIAN_POINT ( 'NONE',  ( -5.944762878569087583, 9.743667551389703974, 8.770075143709123111 ) ) ;
#5154 = DIRECTION ( 'NONE',  ( 0.000000000000000000, 1.000000000000000000, 0.000000000000000000 ) ) ;
#5155 = CYLINDRICAL_SURFACE ( 'NONE', #7146, 22.59579865550350775 ) ;
#5156 = CARTESIAN_POINT ( 'NONE',  ( 7.359620782005159789, 5.982918569961078070, 18.48326879349124852 ) ) ;
#5157 = ORIENTED_EDGE ( 'NONE', *, *, #3967, .F. ) ;
#5158 = FACE_OUTER_BOUND ( 'NONE', #4952, .T. ) ;
#5159 = DIRECTION ( 'NONE',  ( 0.000000000000000000, 0.000000000000000000, -1.000000000000000000 ) ) ;
#5160 = ORIENTED_EDGE ( 'NONE', *, *, #7359, .F. ) ;
#5161 = ORIENTED_EDGE ( 'NONE', *, *, #3767, .T. ) ;
#5162 = CARTESIAN_POINT ( 'NONE',  ( -6.757921350750989653, 10.80302497031295772, -7.159226715094358262 ) ) ;
#5163 = ORIENTED_EDGE ( 'NONE', *, *, #1005, .T. ) ;
#5164 = CARTESIAN_POINT ( 'NONE',  ( -8.903547489980319085, 11.79414188046776069, 4.201293873231787934 ) ) ;
#5165 = CYLINDRICAL_SURFACE ( 'NONE', #2022, 0.02000000000000005246 ) ;
#5166 = VECTOR ( 'NONE', #3099, 1000.000000000000114 ) ;
#5167 = CARTESIAN_POINT ( 'NONE',  ( -7.495644733060619735, 6.000000000000000000, 19.74933870367173583 ) ) ;
#5168 = FILL_AREA_STYLE ('',( #4424 ) ) ;
#5169 = CARTESIAN_POINT ( 'NONE',  ( 6.998978634066167714, 9.335669959717341371, 7.108208686055296432 ) ) ;
#5170 = EDGE_CURVE ( 'NONE', #350, #4839, #2628, .T. ) ;
#5171 = EDGE_LOOP ( 'NONE', ( #7405, #4145, #4034, #5917, #5878 ) ) ;
#5172 = CARTESIAN_POINT ( 'NONE',  ( -6.751183836619019552, 11.77999999999999936, -7.165580353619245280 ) ) ;
#5173 = AXIS2_PLACEMENT_3D ( 'NONE', #6486, #918, #5870 ) ;
#5174 = CARTESIAN_POINT ( 'NONE',  ( 4.856205221196653987, 6.000000000000000000, 17.44630425405694751 ) ) ;
#5175 = VERTEX_POINT ( 'NONE', #3137 ) ;
#5176 = CARTESIAN_POINT ( 'NONE',  ( -4.793683737617189244, 11.77999999999999936, -8.690540617458990980 ) ) ;
#5177 = LINE ( 'NONE', #1924, #6673 ) ;
#5178 = LINE ( 'NONE', #973, #1284 ) ;
#5179 = DIRECTION ( 'NONE',  ( 0.000000000000000000, 0.000000000000000000, 1.000000000000000000 ) ) ;
#5180 = AXIS2_PLACEMENT_3D ( 'NONE', #2827, #6682, #6066 ) ;
#5181 = EDGE_CURVE ( 'NONE', #2391, #3738, #6308, .T. ) ;
#5182 = ADVANCED_FACE ( 'NONE', ( #611 ), #5564, .F. ) ;
#5183 = CARTESIAN_POINT ( 'NONE',  ( 7.416319783914018693, 9.812947097378653893, 6.474754814011951964 ) ) ;
#5184 = CARTESIAN_POINT ( 'NONE',  ( 4.793683737617064899, 11.77999999999999936, -8.690540617459062034 ) ) ;
#5185 = DIRECTION ( 'NONE',  ( 0.000000000000000000, 0.000000000000000000, 1.000000000000000000 ) ) ;
#5186 = VERTEX_POINT ( 'NONE', #3788 ) ;
#5187 = CARTESIAN_POINT ( 'NONE',  ( 5.154298006272719057, 7.533508691413335789, 17.86098179639453321 ) ) ;
#5188 = CARTESIAN_POINT ( 'NONE',  ( 8.459699150651101007, 6.208584552354591501, 5.218745059510665030 ) ) ;
#5189 = CARTESIAN_POINT ( 'NONE',  ( -7.110841250845967743, 9.099999999999999645, 6.808815000076662294 ) ) ;
#5190 = EDGE_CURVE ( 'NONE', #4943, #4943, #1306, .T. ) ;
#5191 = ADVANCED_FACE ( 'NONE', ( #6805 ), #6435, .F. ) ;
#5192 = CARTESIAN_POINT ( 'NONE',  ( -7.298193654456184731, 9.723299326810268539, 6.939789030825739502 ) ) ;
#5193 = ORIENTED_EDGE ( 'NONE', *, *, #7199, .F. ) ;
#5194 = VECTOR ( 'NONE', #3860, 1000.000000000000000 ) ;
#5195 = CARTESIAN_POINT ( 'NONE',  ( 4.925787472226668129, 7.352973751827901694, 20.14587593472253957 ) ) ;
#5196 = CARTESIAN_POINT ( 'NONE',  ( 6.493001014009537997, 6.999999999999984901, 20.41845349215844152 ) ) ;
#5197 = CARTESIAN_POINT ( 'NONE',  ( -6.013854032626828605, 6.490909366385459123, 16.56167364260607044 ) ) ;
#5198 = CARTESIAN_POINT ( 'NONE',  ( -6.708758396338445174, 9.639356180420778131, 7.332005496972585412 ) ) ;
#5199 = DIRECTION ( 'NONE',  ( -0.000000000000000000, -1.000000000000000000, -0.000000000000000000 ) ) ;
#5200 = AXIS2_PLACEMENT_3D ( 'NONE', #1073, #4866, #7379 ) ;
#5201 = EDGE_LOOP ( 'NONE', ( #5581, #7469, #7244, #8045 ) ) ;
#5202 = DIRECTION ( 'NONE',  ( 0.000000000000000000, -1.000000000000000000, 0.000000000000000000 ) ) ;
#5203 = PLANE ( 'NONE',  #2483 ) ;
#5204 = ORIENTED_EDGE ( 'NONE', *, *, #7359, .T. ) ;
#5205 = CARTESIAN_POINT ( 'NONE',  ( -6.751183836618976031, 10.81858051027425915, -7.165580353619291465 ) ) ;
#5206 = VECTOR ( 'NONE', #6627, 1000.000000000000000 ) ;
#5207 = ORIENTED_EDGE ( 'NONE', *, *, #7673, .F. ) ;
#5208 = CARTESIAN_POINT ( 'NONE',  ( -6.749008096048810579, 11.79047856838149677, -7.167629644413327838 ) ) ;
#5209 = CARTESIAN_POINT ( 'NONE',  ( -8.973982539007158366, 0.000000000000000000, 4.251180705356414791 ) ) ;
#5210 = CARTESIAN_POINT ( 'NONE',  ( -6.450221527734289140, 6.000000000000000000, 20.90065990868474088 ) ) ;
#5211 = CARTESIAN_POINT ( 'NONE',  ( -3.565621802779994631, 5.946369318332739518, 19.23053130182108816 ) ) ;
#5212 = CARTESIAN_POINT ( 'NONE',  ( 6.364417940595510359, 10.13961064400843881, 7.367764515145579729 ) ) ;
#5213 = VECTOR ( 'NONE', #4781, 1000.000000000000000 ) ;
#5214 = AXIS2_PLACEMENT_3D ( 'NONE', #3650, #4846, #1676 ) ;
#5215 = ORIENTED_EDGE ( 'NONE', *, *, #7996, .F. ) ;
#5216 = CARTESIAN_POINT ( 'NONE',  ( -4.738510645882178629, 11.79808186012022908, -8.629631827768246666 ) ) ;
#5217 = CARTESIAN_POINT ( 'NONE',  ( 4.683981478966791734, 6.000000000000000000, 17.55854729147577586 ) ) ;
#5218 = CIRCLE ( 'NONE', #6128, 0.9999999999999998890 ) ;
#5219 = ORIENTED_EDGE ( 'NONE', *, *, #442, .F. ) ;
#5220 = CARTESIAN_POINT ( 'NONE',  ( -3.643009819981471331, 6.800000000000000711, 18.50153107953770615 ) ) ;
#5221 = DIRECTION ( 'NONE',  ( 0.000000000000000000, -0.000000000000000000, 1.000000000000000000 ) ) ;
#5222 = CARTESIAN_POINT ( 'NONE',  ( 1.251517559297518734, 10.80069705145041148, 9.856093604034354527 ) ) ;
#5223 = DIRECTION ( 'NONE',  ( 0.000000000000000000, 1.000000000000000000, 0.000000000000000000 ) ) ;
#5224 = DIRECTION ( 'NONE',  ( 1.297293286543607101E-16, 0.000000000000000000, 1.000000000000000000 ) ) ;
#5225 = EDGE_CURVE ( 'NONE', #3290, #2007, #4250, .T. ) ;
#5226 = DIRECTION ( 'NONE',  ( 0.9966923938810801076, -0.08126667201012945096, 0.000000000000000000 ) ) ;
#5227 = ORIENTED_EDGE ( 'NONE', *, *, #5542, .T. ) ;
#5228 = EDGE_CURVE ( 'NONE', #6834, #3106, #3874, .T. ) ;
#5229 = CARTESIAN_POINT ( 'NONE',  ( 5.128855848827961417, 7.490756646065496405, 17.28169749653307363 ) ) ;
#5230 = CARTESIAN_POINT ( 'NONE',  ( 7.497947109794030673, 7.388977180670325495, 6.501452261426528878 ) ) ;
#5231 = FACE_OUTER_BOUND ( 'NONE', #3714, .T. ) ;
#5232 = CIRCLE ( 'NONE', #1680, 0.02000000000000034736 ) ;
#5233 = CARTESIAN_POINT ( 'NONE',  ( -6.807431858730418561, 10.28635104618524743, 7.006933774230640566 ) ) ;
#5234 = ORIENTED_EDGE ( 'NONE', *, *, #7596, .F. ) ;
#5235 = CIRCLE ( 'NONE', #3263, 0.09999999999999939493 ) ;
#5236 = EDGE_CURVE ( 'NONE', #1533, #1126, #3288, .T. ) ;
#5237 = ADVANCED_FACE ( 'NONE', ( #6515, #867 ), #4330, .T. ) ;
#5238 = CARTESIAN_POINT ( 'NONE',  ( -8.980162878894658363, 14.88303627697546538, 4.232159575030512322 ) ) ;
#5239 = CARTESIAN_POINT ( 'NONE',  ( -4.915572086327421708, 9.541520973828875540, 13.44166380418571016 ) ) ;
#5240 = CARTESIAN_POINT ( 'NONE',  ( 6.552855655414241198, 6.814946032367231510, 20.79620041773965866 ) ) ;
#5241 = CARTESIAN_POINT ( 'NONE',  ( -6.965071063684771246, 9.765009541331790999, 7.238008843067012421 ) ) ;
#5242 = CIRCLE ( 'NONE', #7084, 2.299999999999999822 ) ;
#5243 = CARTESIAN_POINT ( 'NONE',  ( 4.821574684287658563, 6.875032770481897870, 20.98702879142840416 ) ) ;
#5244 = VERTEX_POINT ( 'NONE', #2816 ) ;
#5245 = CARTESIAN_POINT ( 'NONE',  ( -1.272557905337444062, 11.77999999999999936, 9.868287408540712846 ) ) ;
#5246 = ORIENTED_EDGE ( 'NONE', *, *, #452, .F. ) ;
#5247 = ORIENTED_EDGE ( 'NONE', *, *, #7595, .F. ) ;
#5248 = CARTESIAN_POINT ( 'NONE',  ( -6.755348409220567341, 10.80586096905066462, -7.161654556471766853 ) ) ;
#5249 = ADVANCED_FACE ( 'NONE', ( #1731 ), #6046, .F. ) ;
#5250 = CARTESIAN_POINT ( 'NONE',  ( 7.121768214376359651, 8.449338021852968339, 6.797417597006323753 ) ) ;
#5251 = CYLINDRICAL_SURFACE ( 'NONE', #5173, 2.349999999999997868 ) ;
#5252 = CARTESIAN_POINT ( 'NONE',  ( 7.136275710941285766, 8.377266658801593380, 6.782152606468653033 ) ) ;
#5253 = VECTOR ( 'NONE', #6270, 1000.000000000000000 ) ;
#5254 = CARTESIAN_POINT ( 'NONE',  ( -2.875247645588709045, 6.173860684278336564, 18.75908923127647654 ) ) ;
#5255 = CARTESIAN_POINT ( 'NONE',  ( 1.248208788434402861, 11.78857071385585975, 9.765551762196487573 ) ) ;
#5256 = VERTEX_POINT ( 'NONE', #6060 ) ;
#5257 = DIRECTION ( 'NONE',  ( 0.000000000000000000, 0.000000000000000000, -1.000000000000000000 ) ) ;
#5258 = VECTOR ( 'NONE', #6425, 1000.000000000000000 ) ;
#5259 = CARTESIAN_POINT ( 'NONE',  ( 6.152593092291354537, 6.000000000000000000, 17.41251398122809491 ) ) ;
#5260 = VERTEX_POINT ( 'NONE', #453 ) ;
#5261 = CARTESIAN_POINT ( 'NONE',  ( -4.482110133358692572, 6.799999999999999822, 17.72888599440776858 ) ) ;
#5262 = CARTESIAN_POINT ( 'NONE',  ( -4.565275125051633687, 6.000000000000000000, 21.00792199461710652 ) ) ;
#5263 = CARTESIAN_POINT ( 'NONE',  ( -7.497947109794030673, 7.388977180670325495, 6.501452261426528878 ) ) ;
#5264 = CARTESIAN_POINT ( 'NONE',  ( -2.509133998076038541, 6.600000000000000533, 19.79958055990334032 ) ) ;
#5265 = CARTESIAN_POINT ( 'NONE',  ( -7.110841250845967743, 9.196060677739446021, 6.808815000076662294 ) ) ;
#5266 = DIRECTION ( 'NONE',  ( 0.000000000000000000, 1.000000000000000000, 0.000000000000000000 ) ) ;
#5267 = CARTESIAN_POINT ( 'NONE',  ( -6.941531237994575498, 10.19254176595379313, 6.981737270548096674 ) ) ;
#5268 = CARTESIAN_POINT ( 'NONE',  ( -3.089133998076035947, 6.600000000000000533, 20.22958055990334003 ) ) ;
#5269 = ORIENTED_EDGE ( 'NONE', *, *, #7657, .F. ) ;
#5270 = MECHANICAL_DESIGN_GEOMETRIC_PRESENTATION_REPRESENTATION (  '', ( #2505 ), #1317 ) ;
#5271 = CARTESIAN_POINT ( 'NONE',  ( 7.069671557728274713, 9.500000000000000000, 6.827102464871014575 ) ) ;
#5272 = FACE_OUTER_BOUND ( 'NONE', #1241, .T. ) ;
#5273 = DIRECTION ( 'NONE',  ( -0.000000000000000000, -1.000000000000000000, -0.000000000000000000 ) ) ;
#5274 = CARTESIAN_POINT ( 'NONE',  ( -7.181428748477300061, 10.32526812433898122, 6.606789583590198411 ) ) ;
#5275 = ADVANCED_FACE ( 'NONE', ( #4354 ), #6135, .T. ) ;
#5276 = ORIENTED_EDGE ( 'NONE', *, *, #101, .F. ) ;
#5277 = AXIS2_PLACEMENT_3D ( 'NONE', #401, #847, #7120 ) ;
#5278 = CYLINDRICAL_SURFACE ( 'NONE', #3242, 0.01999999999999965347 ) ;
#5279 = CARTESIAN_POINT ( 'NONE',  ( -5.195854012807963329, 7.243539798683516828, 18.38606219793908281 ) ) ;
#5280 = FACE_OUTER_BOUND ( 'NONE', #7971, .T. ) ;
#5281 = CYLINDRICAL_SURFACE ( 'NONE', #1951, 0.09999999999999939493 ) ;
#5282 = DIRECTION ( 'NONE',  ( 0.000000000000000000, -0.000000000000000000, 1.000000000000000000 ) ) ;
#5283 = EDGE_CURVE ( 'NONE', #2129, #5810, #7488, .T. ) ;
#5284 = CARTESIAN_POINT ( 'NONE',  ( -6.492818480884908539, 7.000000000000055067, 20.41860352370454024 ) ) ;
#5285 = ADVANCED_FACE ( 'NONE', ( #1270 ), #648, .F. ) ;
#5286 = EDGE_LOOP ( 'NONE', ( #3167, #5761, #3504, #7791, #5735, #5416 ) ) ;
#5287 = FACE_OUTER_BOUND ( 'NONE', #5904, .T. ) ;
#5288 = ORIENTED_EDGE ( 'NONE', *, *, #1448, .F. ) ;
#5289 = PLANE ( 'NONE',  #7458 ) ;
#5290 = CARTESIAN_POINT ( 'NONE',  ( -1.999999999999958478, 5.899999999999998579, 22.89999999999999503 ) ) ;
#5291 = FACE_OUTER_BOUND ( 'NONE', #1428, .T. ) ;
#5292 = DIRECTION ( 'NONE',  ( -0.3090169943749878634, 0.000000000000000000, -0.9510565162951403195 ) ) ;
#5293 = CARTESIAN_POINT ( 'NONE',  ( -6.264389984882173579, 5.605389988306373361, 20.20527893584335999 ) ) ;
#5294 = ADVANCED_FACE ( 'NONE', ( #604, #7575 ), #2492, .T. ) ;
#5295 = DIRECTION ( 'NONE',  ( 0.8090169943749566661, 0.000000000000000000, 0.5877852522924602585 ) ) ;
#5296 = ORIENTED_EDGE ( 'NONE', *, *, #101, .T. ) ;
#5297 = DIRECTION ( 'NONE',  ( -0.000000000000000000, -1.000000000000000000, -0.000000000000000000 ) ) ;
#5298 = AXIS2_PLACEMENT_3D ( 'NONE', #2199, #4577, #2822 ) ;
#5299 = CARTESIAN_POINT ( 'NONE',  ( 6.091550606721601646, 6.000000000000000000, 17.38640228929812892 ) ) ;
#5300 = ORIENTED_EDGE ( 'NONE', *, *, #2554, .T. ) ;
#5301 = CARTESIAN_POINT ( 'NONE',  ( 0.000000000000000000, 8.377266658801596932, 0.000000000000000000 ) ) ;
#5302 = CARTESIAN_POINT ( 'NONE',  ( 5.205107780795643180, 7.280244766739186524, 18.60992928893651666 ) ) ;
#5303 = FACE_OUTER_BOUND ( 'NONE', #2721, .T. ) ;
#5304 = CARTESIAN_POINT ( 'NONE',  ( 4.673027458674444468, 5.822323474301908774, 20.56760675476735045 ) ) ;
#5305 = DIRECTION ( 'NONE',  ( -0.000000000000000000, -1.000000000000000000, -0.000000000000000000 ) ) ;
#5306 = VECTOR ( 'NONE', #6404, 1000.000000000000000 ) ;
#5307 = CARTESIAN_POINT ( 'NONE',  ( -6.560884721803656561, 9.948772873860376009, 7.340366901143669409 ) ) ;
#5308 = CARTESIAN_POINT ( 'NONE',  ( 7.147765045648485582, 8.316899739850949658, 6.892163351228525414 ) ) ;
#5309 = ORIENTED_EDGE ( 'NONE', *, *, #2819, .F. ) ;
#5310 = AXIS2_PLACEMENT_3D ( 'NONE', #2868, #4749, #422 ) ;
#5311 = CARTESIAN_POINT ( 'NONE',  ( 5.104680043279237189, 7.450095260006286857, 16.87180584239197145 ) ) ;
#5312 = FACE_OUTER_BOUND ( 'NONE', #6997, .T. ) ;
#5313 = CARTESIAN_POINT ( 'NONE',  ( 4.064883484353847720, 6.998969050831333583, 19.43548201211557824 ) ) ;
#5314 = CARTESIAN_POINT ( 'NONE',  ( -7.309184234408722780, 9.959924655127087689, 6.775036558672130838 ) ) ;
#5315 = ORIENTED_EDGE ( 'NONE', *, *, #1800, .T. ) ;
#5316 = CARTESIAN_POINT ( 'NONE',  ( 4.143639955046559464, 5.799999999999999822, 19.69994228565086303 ) ) ;
#5317 = EDGE_CURVE ( 'NONE', #7699, #4521, #4322, .T. ) ;
#5318 = CARTESIAN_POINT ( 'NONE',  ( -5.115629685998088760, 8.519895618096661849, 15.40075069506252703 ) ) ;
#5319 = DIRECTION ( 'NONE',  ( 0.000000000000000000, 1.000000000000000000, 0.000000000000000000 ) ) ;
#5320 = DIRECTION ( 'NONE',  ( -0.000000000000000000, -1.000000000000000000, -0.000000000000000000 ) ) ;
#5321 = DIRECTION ( 'NONE',  ( -0.000000000000000000, 1.000000000000000000, -0.000000000000000000 ) ) ;
#5322 = CARTESIAN_POINT ( 'NONE',  ( 2.399999999999963496, 4.000000000000000000, 16.80000000000000071 ) ) ;
#5323 = ORIENTED_EDGE ( 'NONE', *, *, #6538, .T. ) ;
#5324 = DIRECTION ( 'NONE',  ( 0.000000000000000000, 0.000000000000000000, -1.000000000000000000 ) ) ;
#5325 = VERTEX_POINT ( 'NONE', #1770 ) ;
#5326 = CARTESIAN_POINT ( 'NONE',  ( 0.000000000000000000, 10.79999999999999716, 0.000000000000000000 ) ) ;
#5327 = AXIS2_PLACEMENT_3D ( 'NONE', #924, #2705, #2835 ) ;
#5328 = CARTESIAN_POINT ( 'NONE',  ( -4.895757551429175791, 6.819999999999998508, 21.16702921574279372 ) ) ;
#5329 = EDGE_CURVE ( 'NONE', #5610, #1682, #5598, .T. ) ;
#5330 = CARTESIAN_POINT ( 'NONE',  ( -4.027445844766230465, 5.800000000000001599, 19.04517766498517517 ) ) ;
#5331 = LINE ( 'NONE', #877, #6016 ) ;
#5332 = AXIS2_PLACEMENT_3D ( 'NONE', #3818, #1183, #3089 ) ;
#5333 = FACE_OUTER_BOUND ( 'NONE', #6679, .T. ) ;
#5334 = SPHERICAL_SURFACE ( 'NONE', #3516, 0.02000000000000000042 ) ;
#5335 = ORIENTED_EDGE ( 'NONE', *, *, #6943, .T. ) ;
#5336 = CARTESIAN_POINT ( 'NONE',  ( -4.728979179325447646, 11.78448080680738208, -8.634858508698071589 ) ) ;
#5337 = ORIENTED_EDGE ( 'NONE', *, *, #6397, .F. ) ;
#5338 = AXIS2_PLACEMENT_3D ( 'NONE', #4038, #2150, #7835 ) ;
#5339 = FACE_OUTER_BOUND ( 'NONE', #448, .T. ) ;
#5340 = ADVANCED_FACE ( 'NONE', ( #6837 ), #489, .T. ) ;
#5341 = CARTESIAN_POINT ( 'NONE',  ( -3.880926724243901393, 6.800000000000002487, 20.07560372362218359 ) ) ;
#5342 = EDGE_CURVE ( 'NONE', #7420, #1060, #4595, .T. ) ;
#5343 = CARTESIAN_POINT ( 'NONE',  ( -4.023090631221970526, 6.000000000000000000, 20.31568507150141656 ) ) ;
#5344 = LINE ( 'NONE', #4100, #6158 ) ;
#5345 = CIRCLE ( 'NONE', #4025, 0.01999999999999998654 ) ;
#5346 = CARTESIAN_POINT ( 'NONE',  ( 4.726021642554844249, 10.80952540632320691, -8.636477547826334700 ) ) ;
#5347 = LINE ( 'NONE', #1599, #4934 ) ;
#5349 = VERTEX_POINT ( 'NONE', #4273 ) ;
#5348 = CARTESIAN_POINT ( 'NONE',  ( -6.837200368085674107, 9.176615635891188560, 7.084853178461378853 ) ) ;
#5350 = AXIS2_PLACEMENT_3D ( 'NONE', #5736, #4455, #6972 ) ;
#5351 = LINE ( 'NONE', #3903, #768 ) ;
#5352 = EDGE_CURVE ( 'NONE', #5586, #5537, #4464, .T. ) ;
#5353 = ORIENTED_EDGE ( 'NONE', *, *, #4523, .T. ) ;
#5354 = SPHERICAL_SURFACE ( 'NONE', #7311, 0.02000000000000000042 ) ;
#5355 = CARTESIAN_POINT ( 'NONE',  ( 5.170355374415625427, 9.563536873515062098, 11.74742597282891055 ) ) ;
#5356 = CARTESIAN_POINT ( 'NONE',  ( -6.424821642706378455, 6.980000000000000426, 23.57836966310849292 ) ) ;
#5357 = CARTESIAN_POINT ( 'NONE',  ( 4.058871748161611670, 6.987156148924428933, 19.52218754911352860 ) ) ;
#5358 = CARTESIAN_POINT ( 'NONE',  ( -6.428410499367147146, 9.015939834575245726, 7.192642498474499213 ) ) ;
#5359 = ORIENTED_EDGE ( 'NONE', *, *, #5000, .F. ) ;
#5360 = VERTEX_POINT ( 'NONE', #8110 ) ;
#5361 = AXIS2_PLACEMENT_3D ( 'NONE', #2633, #594, #1972 ) ;
#5362 = VECTOR ( 'NONE', #7384, 1000.000000000000000 ) ;
#5363 = CYLINDRICAL_SURFACE ( 'NONE', #4817, 0.09999999999999939493 ) ;
#5364 = CARTESIAN_POINT ( 'NONE',  ( -6.668543415468196400, 9.700000017441373856, 7.530394134888125812 ) ) ;
#5365 = CARTESIAN_POINT ( 'NONE',  ( -3.759630471489278314, 6.737025921153128927, 20.02182903530354352 ) ) ;
#5366 = FACE_OUTER_BOUND ( 'NONE', #6835, .T. ) ;
#5367 = VERTEX_POINT ( 'NONE', #6796 ) ;
#5368 = AXIS2_PLACEMENT_3D ( 'NONE', #6253, #1392, #2547 ) ;
#5369 = ORIENTED_EDGE ( 'NONE', *, *, #8149, .F. ) ;
#5370 = CARTESIAN_POINT ( 'NONE',  ( 0.000000000000000000, 6.100000000000000533, -16.25000000000000000 ) ) ;
#5371 = DIRECTION ( 'NONE',  ( -0.000000000000000000, -1.000000000000000000, 0.000000000000000000 ) ) ;
#5372 = LINE ( 'NONE', #2948, #4904 ) ;
#5373 = AXIS2_PLACEMENT_3D ( 'NONE', #6151, #6770, #1786 ) ;
#5374 = DIRECTION ( 'NONE',  ( 0.000000000000000000, 0.000000000000000000, 1.000000000000000000 ) ) ;
#5375 = CARTESIAN_POINT ( 'NONE',  ( -3.807281098712993916, 5.837859274013053934, 19.06128255560815532 ) ) ;
#5376 = TOROIDAL_SURFACE ( 'NONE', #1816, 9.930000000000001492, 0.02000000000000000042 ) ;
#5377 = LINE ( 'NONE', #2287, #4552 ) ;
#5378 = VECTOR ( 'NONE', #902, 1000.000000000000114 ) ;
#5379 = VERTEX_POINT ( 'NONE', #6221 ) ;
#5380 = DIRECTION ( 'NONE',  ( -0.000000000000000000, -1.000000000000000000, -0.000000000000000000 ) ) ;
#5381 = ORIENTED_EDGE ( 'NONE', *, *, #6026, .F. ) ;
#5382 = CARTESIAN_POINT ( 'NONE',  ( 4.204088015119100241, 6.000000000000000000, 17.96685676772262497 ) ) ;
#5383 = CIRCLE ( 'NONE', #2356, 0.1000000000000004358 ) ;
#5384 = CARTESIAN_POINT ( 'NONE',  ( -7.067845047832007843, 9.234781463233346699, 6.913432966964363935 ) ) ;
#5385 = CARTESIAN_POINT ( 'NONE',  ( -7.182815537095080138, 8.170912028620174183, 6.855023859263523534 ) ) ;
#5386 = CARTESIAN_POINT ( 'NONE',  ( 4.728240529119272395, 10.81576612122985814, -8.635262966395570672 ) ) ;
#5387 = CARTESIAN_POINT ( 'NONE',  ( 6.755368095357586533, 10.80583783305559997, -7.161635905096507493 ) ) ;
#5388 = ADVANCED_FACE ( 'NONE', ( #5060 ), #2433, .T. ) ;
#5389 = VECTOR ( 'NONE', #1585, 1000.000000000000000 ) ;
#5391 = VERTEX_POINT ( 'NONE', #3740 ) ;
#5390 = FACE_OUTER_BOUND ( 'NONE', #5496, .T. ) ;
#5392 = CARTESIAN_POINT ( 'NONE',  ( -7.093388296410504168, 8.350401558176486105, 6.877748027649501772 ) ) ;
#5393 = ORIENTED_EDGE ( 'NONE', *, *, #3375, .F. ) ;
#5394 = CARTESIAN_POINT ( 'NONE',  ( 5.211902030123631846, 7.044905715977388461, 18.36660783505538319 ) ) ;
#5395 = CARTESIAN_POINT ( 'NONE',  ( 8.376615752245003321, 6.403701551226044231, 5.473671187006213579 ) ) ;
#5396 = B_SPLINE_CURVE_WITH_KNOTS ( 'NONE', 3,
 ( #3787, #1777, #5067, #6307, #1737, #532, #8115, #1818, #3062, #654, #3745, #3178, #2439, #1159, #4281, #8075, #6841, #6186 ),
 .UNSPECIFIED., .F., .F.,
 ( 4, 2, 2, 2, 2, 2, 2, 2, 4 ),
 ( 0.0001764490676903885226, 0.0005799734246255353748, 0.0009834977815606823354, 0.001387022138495828862, 0.001790546495430975823, 0.002194070852366122783, 0.002597595209301269310, 0.003001119566236416271, 0.003404643923171563231 ),
 .UNSPECIFIED. ) ;
#5397 = CARTESIAN_POINT ( 'NONE',  ( -9.774311931309748402, 11.77999999999999936, 1.861538683309032383 ) ) ;
#5398 = CARTESIAN_POINT ( 'NONE',  ( -6.481944564909407624, 9.851974896430089501, 7.379709687929880246 ) ) ;
#5399 = VERTEX_POINT ( 'NONE', #3019 ) ;
#5400 = CIRCLE ( 'NONE', #6188, 0.02000000000000005246 ) ;
#5401 = ORIENTED_EDGE ( 'NONE', *, *, #7437, .T. ) ;
#5402 = CARTESIAN_POINT ( 'NONE',  ( -1.999999999999958478, 4.000000000000000000, 23.29999999999999716 ) ) ;
#5403 = CARTESIAN_POINT ( 'NONE',  ( -6.134382267281376144, 9.743000785120289109, 8.835569006340934450 ) ) ;
#5404 = CARTESIAN_POINT ( 'NONE',  ( -5.126436087126971408, 7.015569554076332537, 20.94609137355934791 ) ) ;
#5405 = DIRECTION ( 'NONE',  ( 0.000000000000000000, 0.000000000000000000, 1.000000000000000000 ) ) ;
#5406 = CARTESIAN_POINT ( 'NONE',  ( -3.089133998076035947, 6.800000000000000711, 19.21958055990333847 ) ) ;
#5407 = VERTEX_POINT ( 'NONE', #4900 ) ;
#5408 = ORIENTED_EDGE ( 'NONE', *, *, #7761, .F. ) ;
#5409 = VERTEX_POINT ( 'NONE', #342 ) ;
#5410 = CARTESIAN_POINT ( 'NONE',  ( -1.250000000000082379, 11.77999999999999936, 9.765322575317203047 ) ) ;
#5411 = FACE_OUTER_BOUND ( 'NONE', #2373, .T. ) ;
#5412 = CARTESIAN_POINT ( 'NONE',  ( 6.424821642706382008, 6.800000000000000711, 23.57836966310849647 ) ) ;
#5413 = DIRECTION ( 'NONE',  ( 0.000000000000000000, -0.000000000000000000, 1.000000000000000000 ) ) ;
#5414 = CARTESIAN_POINT ( 'NONE',  ( 4.729042873091683141, 11.78423760195579817, -8.634823594287819759 ) ) ;
#5415 = CARTESIAN_POINT ( 'NONE',  ( -7.389646018095829660, 6.800000000000000711, 22.86256345725345440 ) ) ;
#5416 = ORIENTED_EDGE ( 'NONE', *, *, #4970, .F. ) ;
#5417 = CYLINDRICAL_SURFACE ( 'NONE', #7347, 0.01999999999999999001 ) ;
#5418 = ORIENTED_EDGE ( 'NONE', *, *, #2784, .F. ) ;
#5419 = CARTESIAN_POINT ( 'NONE',  ( 4.064014565504488807, 6.000000000000000000, 18.08786917589880261 ) ) ;
#5420 = CARTESIAN_POINT ( 'NONE',  ( -4.610919140677799177, 6.000000000000000000, 17.61434605056425795 ) ) ;
#5421 = EDGE_CURVE ( 'NONE', #3482, #1879, #7532, .T. ) ;
#5422 = CARTESIAN_POINT ( 'NONE',  ( -7.107534850623838274, 8.009598812944782154, 6.814167580436578220 ) ) ;
#5423 = DIRECTION ( 'NONE',  ( -0.000000000000000000, -1.000000000000000000, -0.000000000000000000 ) ) ;
#5424 = CARTESIAN_POINT ( 'NONE',  ( 6.764729966260329519, 10.79999999999986215, -7.152793569562192033 ) ) ;
#5425 = TOROIDAL_SURFACE ( 'NONE', #2937, 4.604519503718944584, 0.02000000000000000042 ) ;
#5427 = ORIENTED_EDGE ( 'NONE', *, *, #2804, .F. ) ;
#5426 = DIRECTION ( 'NONE',  ( -1.000000000000000000, 0.000000000000000000, 0.000000000000000000 ) ) ;
#5428 = CARTESIAN_POINT ( 'NONE',  ( 5.108630891703954902, 6.000000000000000000, 21.31943429313144023 ) ) ;
#5429 = ORIENTED_EDGE ( 'NONE', *, *, #3968, .F. ) ;
#5430 = EDGE_CURVE ( 'NONE', #4645, #3253, #5019, .T. ) ;
#5431 = CARTESIAN_POINT ( 'NONE',  ( 0.000000000000000000, 0.000000000000000000, 0.000000000000000000 ) ) ;
#5432 = CARTESIAN_POINT ( 'NONE',  ( -7.389646018095829660, 6.980000000000000426, 22.86256345725345440 ) ) ;
#5433 = CIRCLE ( 'NONE', #1877, 4.604519503718944584 ) ;
#5434 = CARTESIAN_POINT ( 'NONE',  ( -6.972409228539748760, 9.811061512422398323, 7.254571604587085609 ) ) ;
#5435 = ORIENTED_EDGE ( 'NONE', *, *, #7211, .F. ) ;
#5436 = CIRCLE ( 'NONE', #686, 4.584519503718945899 ) ;
#5437 = ORIENTED_EDGE ( 'NONE', *, *, #5732, .T. ) ;
#5438 = B_SPLINE_CURVE_WITH_KNOTS ( 'NONE', 3,
 ( #6332, #3206, #3857, #5222, #3900, #1974, #3250, #638, #5713, #5757, #6908, #6416, #4478, #5140, #3164, #5052, #1262, #7654, #2055 ),
 .UNSPECIFIED., .F., .F.,
 ( 4, 3, 3, 3, 3, 3, 4 ),
 ( 1.788112030672749005E-18, 5.326848452789477456E-06, 1.060976953273800759E-05, 1.808968920854675259E-05, 2.849587045028741474E-05, 3.717047564931609511E-05, 3.806585932951029607E-05 ),
 .UNSPECIFIED. ) ;
#5439 = CARTESIAN_POINT ( 'NONE',  ( 4.807037330080432547, 11.79999999999999716, -8.708920260698981508 ) ) ;
#5440 = EDGE_CURVE ( 'NONE', #8031, #3036, #640, .T. ) ;
#5441 = ADVANCED_FACE ( 'NONE', ( #5231 ), #3343, .T. ) ;
#5442 = CARTESIAN_POINT ( 'NONE',  ( -5.399669239388104280, 7.244562102420260885, 18.80555947608375789 ) ) ;
#5443 = CARTESIAN_POINT ( 'NONE',  ( -7.082412566497507278, 6.990342615676719440, 18.63553996928121848 ) ) ;
#5444 = DIRECTION ( 'NONE',  ( 2.664535259100376091E-15, 0.000000000000000000, 1.000000000000000000 ) ) ;
#5445 = EDGE_LOOP ( 'NONE', ( #7012, #4413, #5698, #6671, #8036, #4739, #5073, #1797, #2996, #6273, #5035, #3835 ) ) ;
#5446 = B_SPLINE_CURVE_WITH_KNOTS ( 'NONE', 3,
 ( #4503, #3318, #5788, #876 ),
 .UNSPECIFIED., .F., .F.,
 ( 4, 4 ),
 ( 0.000000000000000000, 0.0005943044962393362243 ),
 .UNSPECIFIED. ) ;
#5447 = ORIENTED_EDGE ( 'NONE', *, *, #2107, .F. ) ;
#5448 = VERTEX_POINT ( 'NONE', #2323 ) ;
#5449 = DIRECTION ( 'NONE',  ( -0.1278952668680894134, 0.000000000000000000, -0.9917876792503221850 ) ) ;
#5450 = DIRECTION ( 'NONE',  ( -0.000000000000000000, -1.000000000000000000, -0.000000000000000000 ) ) ;
#5451 = FACE_OUTER_BOUND ( 'NONE', #6877, .T. ) ;
#5452 = DIRECTION ( 'NONE',  ( 1.000000000000000000, 0.000000000000000000, 0.000000000000000000 ) ) ;
#5453 = CARTESIAN_POINT ( 'NONE',  ( 3.323962506846995790, 6.075500027888977250, 19.39978004803402811 ) ) ;
#5454 = ORIENTED_EDGE ( 'NONE', *, *, #1308, .F. ) ;
#5455 = ORIENTED_EDGE ( 'NONE', *, *, #5888, .F. ) ;
#5456 = CARTESIAN_POINT ( 'NONE',  ( 3.473196655586427095, 6.000000000000000000, 19.02210953474593680 ) ) ;
#5457 = EDGE_CURVE ( 'NONE', #3605, #986, #731, .T. ) ;
#5458 = AXIS2_PLACEMENT_3D ( 'NONE', #196, #724, #2717 ) ;
#5459 = CARTESIAN_POINT ( 'NONE',  ( -4.334843400303421745, 6.000000000000000000, 17.85234999672949385 ) ) ;
#5460 = CARTESIAN_POINT ( 'NONE',  ( -8.521774313636823805, 6.281129465939816470, 4.920048693951436292 ) ) ;
#5461 = CARTESIAN_POINT ( 'NONE',  ( -8.611118227487175147, 11.77999999999999936, 1.504623382887724237 ) ) ;
#5462 = TOROIDAL_SURFACE ( 'NONE', #1121, 10.45683898658196931, 0.9807477032746196866 ) ;
#5463 = CARTESIAN_POINT ( 'NONE',  ( 7.367060054257408730, 9.626365795601975250, 6.711207385659254676 ) ) ;
#5464 = DIRECTION ( 'NONE',  ( 0.000000000000000000, 0.000000000000000000, -1.000000000000000000 ) ) ;
#5465 = DIRECTION ( 'NONE',  ( 0.000000000000000000, 0.000000000000000000, -1.000000000000000000 ) ) ;
#5466 = CARTESIAN_POINT ( 'NONE',  ( -7.076820018250651323, 8.371549011148934127, 6.854539003006593134 ) ) ;
#5467 = EDGE_LOOP ( 'NONE', ( #3055, #7393, #6600, #5886, #3187, #3016, #7222, #5288, #6328, #5429, #6184, #2834 ) ) ;
#5468 = CARTESIAN_POINT ( 'NONE',  ( -4.718766898879438898, 10.80191945183063673, -8.640443714153301258 ) ) ;
#5469 = DIRECTION ( 'NONE',  ( -8.673617379884012753E-14, 0.000000000000000000, 1.000000000000000000 ) ) ;
#5470 = CARTESIAN_POINT ( 'NONE',  ( 4.070724391227023453, 6.999999999999997335, 19.44957153711237297 ) ) ;
#5471 = CARTESIAN_POINT ( 'NONE',  ( -6.797755376815064920, 9.766758117992367261, 7.322308065101435837 ) ) ;
#5472 = AXIS2_PLACEMENT_3D ( 'NONE', #3675, #5685, #5603 ) ;
#5473 = CARTESIAN_POINT ( 'NONE',  ( 7.052832074612444657, 8.524430732455813953, 6.868885260893468292 ) ) ;
#5474 = EDGE_CURVE ( 'NONE', #2423, #2189, #7746, .T. ) ;
#5475 = EDGE_LOOP ( 'NONE', ( #2108, #1242, #2593, #3506 ) ) ;
#5476 = ORIENTED_EDGE ( 'NONE', *, *, #5421, .F. ) ;
#5477 = CARTESIAN_POINT ( 'NONE',  ( -4.800717528750984009, 6.750000000000000888, 17.08412951668937652 ) ) ;
#5478 = CARTESIAN_POINT ( 'NONE',  ( -5.411197232743382379, 7.061307922107276980, 18.36268207818673659 ) ) ;
#5479 = CARTESIAN_POINT ( 'NONE',  ( -5.940842543570316714, 6.918916006779946670, 17.55353977604457327 ) ) ;
#5480 = CARTESIAN_POINT ( 'NONE',  ( -4.761323057842190565, 10.79999999999999893, -8.714052027550691193 ) ) ;
#5481 = EDGE_LOOP ( 'NONE', ( #3634, #449, #174, #7762 ) ) ;
#5482 = EDGE_CURVE ( 'NONE', #1879, #7699, #1705, .T. ) ;
#5483 = EDGE_CURVE ( 'NONE', #788, #7842, #7623, .T. ) ;
#5484 = VERTEX_POINT ( 'NONE', #7127 ) ;
#5485 = CIRCLE ( 'NONE', #3908, 0.02000000000000005246 ) ;
#5486 = CARTESIAN_POINT ( 'NONE',  ( 6.424821642706382008, 6.800000000000000711, 23.57836966310849647 ) ) ;
#5487 = AXIS2_PLACEMENT_3D ( 'NONE', #620, #3070, #1331 ) ;
#5488 = DIRECTION ( 'NONE',  ( 1.000000000000000000, 0.000000000000000000, 0.000000000000000000 ) ) ;
#5489 = CARTESIAN_POINT ( 'NONE',  ( 6.424821642706382008, 7.000000000000000000, 23.57836966310849647 ) ) ;
#5490 = DIRECTION ( 'NONE',  ( 0.000000000000000000, 0.000000000000000000, -1.000000000000000000 ) ) ;
#5491 = B_SPLINE_CURVE_WITH_KNOTS ( 'NONE', 3,
 ( #2097, #2056, #7270, #4754, #5758, #808, #4602, #7079, #3529, #1009, #6034, #118, #5141, #1434, #7121, #3333, #2916, #1477, #2636, #7655, #2672, #7928, #3985, #5183, #5839, #3251, #2017, #1349, #6462, #1630 ),
 .UNSPECIFIED., .F., .F.,
 ( 4, 2, 2, 2, 2, 2, 2, 2, 2, 2, 2, 2, 2, 2, 4 ),
 ( 0.001098751252010957049, 0.001549068846810864068, 0.001774227644210819421, 0.001999386441610774556, 0.002224545239010730126, 0.002449704036410684828, 0.002674862833810640397, 0.002900021631210595099, 0.003125180428610550235, 0.003350339226010505805, 0.003575498023410460507, 0.003800656820810416076, 0.004025815618210370345, 0.004250974415610326781, 0.004701292010410236186 ),
 .UNSPECIFIED. ) ;
#5492 = CARTESIAN_POINT ( 'NONE',  ( 4.790856990192932763, 15.12603551251024214, -8.720675965744829838 ) ) ;
#5493 = CIRCLE ( 'NONE', #1419, 0.09999999999999982514 ) ;
#5494 = DIRECTION ( 'NONE',  ( -0.000000000000000000, -1.000000000000000000, -0.000000000000000000 ) ) ;
#5495 = EDGE_CURVE ( 'NONE', #913, #885, #3257, .T. ) ;
#5496 = EDGE_LOOP ( 'NONE', ( #2048, #4400, #2626, #5476, #3799, #3626 ) ) ;
#5497 = CARTESIAN_POINT ( 'NONE',  ( 7.168078304705419512, 9.300473988592367292, 6.843300722101928635 ) ) ;
#5498 = ORIENTED_EDGE ( 'NONE', *, *, #5181, .F. ) ;
#5499 = AXIS2_PLACEMENT_3D ( 'NONE', #6531, #7813, #7852 ) ;
#5500 = CARTESIAN_POINT ( 'NONE',  ( 3.476807977208919542, 6.000000000000000000, 18.82671381941903732 ) ) ;
#5501 = CARTESIAN_POINT ( 'NONE',  ( -4.326819570864555153, 6.000000000000000000, 17.85949538609715859 ) ) ;
#5502 = AXIS2_PLACEMENT_3D ( 'NONE', #5093, #7611, #2012 ) ;
#5503 = CARTESIAN_POINT ( 'NONE',  ( -7.895162610033202633, 6.953585139717779029, 6.131981103425210300 ) ) ;
#5504 = PLANE ( 'NONE',  #2194 ) ;
#5505 = CARTESIAN_POINT ( 'NONE',  ( 7.288264657103852073, 9.203153960209577988, 6.479419032337585982 ) ) ;
#5506 = VERTEX_POINT ( 'NONE', #3951 ) ;
#5507 = CARTESIAN_POINT ( 'NONE',  ( 5.307398954999801077, 7.336185763239448931, 18.80762707665943267 ) ) ;
#5508 = B_SPLINE_CURVE_WITH_KNOTS ( 'NONE', 3,
 ( #8103, #5053, #7569, #6953 ),
 .UNSPECIFIED., .F., .F.,
 ( 4, 4 ),
 ( 0.003440479452687866986, 0.003666538407740607772 ),
 .UNSPECIFIED. ) ;
#5509 = TOROIDAL_SURFACE ( 'NONE', #251, 0.2000000000000000111, 0.1000000000000000056 ) ;
#5510 = FACE_OUTER_BOUND ( 'NONE', #812, .T. ) ;
#5511 = ORIENTED_EDGE ( 'NONE', *, *, #3324, .T. ) ;
#5512 = DIRECTION ( 'NONE',  ( 0.000000000000000000, 1.000000000000000000, 0.000000000000000000 ) ) ;
#5513 = DIRECTION ( 'NONE',  ( 0.000000000000000000, 1.000000000000000000, 0.000000000000000000 ) ) ;
#5514 = CARTESIAN_POINT ( 'NONE',  ( 4.100365541277055215, 6.800000000000003375, 18.05667612798993460 ) ) ;
#5515 = APPLICATION_CONTEXT ( 'automotive_design' ) ;
#5516 = VECTOR ( 'NONE', #4442, 1000.000000000000000 ) ;
#5517 = CARTESIAN_POINT ( 'NONE',  ( -6.834283803672205337, 9.622876608059904413, 7.306230580060596225 ) ) ;
#5518 = CARTESIAN_POINT ( 'NONE',  ( 7.062091558706486971, 8.449559869611192653, 6.859390599531594468 ) ) ;
#5519 = ORIENTED_EDGE ( 'NONE', *, *, #5104, .T. ) ;
#5520 = ORIENTED_EDGE ( 'NONE', *, *, #2464, .T. ) ;
#5521 = CIRCLE ( 'NONE', #1975, 0.01999999999999981307 ) ;
#5522 = CARTESIAN_POINT ( 'NONE',  ( -9.758729658051658262, 10.80024761171452141, 1.855570182291199632 ) ) ;
#5523 = CARTESIAN_POINT ( 'NONE',  ( -6.505213034913026604E-16, 6.000000000000000000, -4.995798655503515207 ) ) ;
#5524 = ADVANCED_FACE ( 'NONE', ( #3826 ), #4526, .T. ) ;
#5525 = DIRECTION ( 'NONE',  ( -0.9820588696906381587, 0.000000000000000000, -0.1885745912416263992 ) ) ;
#5526 = ORIENTED_EDGE ( 'NONE', *, *, #206, .T. ) ;
#5527 = ORIENTED_EDGE ( 'NONE', *, *, #2782, .F. ) ;
#5528 = LINE ( 'NONE', #2946, #5362 ) ;
#5529 = CARTESIAN_POINT ( 'NONE',  ( 3.969846734711237168, 6.729816199193649595, 17.99314068055699067 ) ) ;
#5530 = DIRECTION ( 'NONE',  ( 0.000000000000000000, 0.000000000000000000, -1.000000000000000000 ) ) ;
#5531 = AXIS2_PLACEMENT_3D ( 'NONE', #4834, #2286, #8079 ) ;
#5532 = EDGE_CURVE ( 'NONE', #5973, #530, #5521, .T. ) ;
#5533 = CARTESIAN_POINT ( 'NONE',  ( -7.075130075753221170, 8.377266658801596932, 6.845915527610038076 ) ) ;
#5534 = EDGE_CURVE ( 'NONE', #6451, #3560, #7789, .T. ) ;
#5535 = DIRECTION ( 'NONE',  ( -0.9820588696906380477, 0.000000000000000000, -0.1885745912416258163 ) ) ;
#5536 = CARTESIAN_POINT ( 'NONE',  ( -5.299999999999995381, 6.980000000000000426, 19.38047814307508077 ) ) ;
#5537 = VERTEX_POINT ( 'NONE', #204 ) ;
#5538 = CARTESIAN_POINT ( 'NONE',  ( 7.142463170498899672, 9.335184369859273801, 6.923667087829969091 ) ) ;
#5539 = ORIENTED_EDGE ( 'NONE', *, *, #1978, .F. ) ;
#5540 = CARTESIAN_POINT ( 'NONE',  ( 0.000000000000000000, 5.899999999999999467, 0.000000000000000000 ) ) ;
#5541 = CARTESIAN_POINT ( 'NONE',  ( 1.999999999999964029, 4.000000000000000000, 23.29999999999999716 ) ) ;
#5542 = EDGE_CURVE ( 'NONE', #428, #6965, #515, .T. ) ;
#5543 = CARTESIAN_POINT ( 'NONE',  ( -4.332520572923867164, 6.000000000000000000, 17.85442236055923004 ) ) ;
#5544 = CARTESIAN_POINT ( 'NONE',  ( -7.112831945748592233, 8.599999999999999645, 6.808781967098552990 ) ) ;
#5545 = CARTESIAN_POINT ( 'NONE',  ( 7.309184234408722780, 9.959924655127087689, 6.775036558672130838 ) ) ;
#5546 = CARTESIAN_POINT ( 'NONE',  ( 1.999999999999964029, 4.099999999999999645, 22.89999999999999503 ) ) ;
#5547 = CARTESIAN_POINT ( 'NONE',  ( -7.201465721922502006, 8.306622726256653877, 6.860012578253561699 ) ) ;
#5548 = ORIENTED_EDGE ( 'NONE', *, *, #4324, .T. ) ;
#5549 = DIRECTION ( 'NONE',  ( 0.000000000000000000, 0.000000000000000000, 1.000000000000000000 ) ) ;
#5550 = CARTESIAN_POINT ( 'NONE',  ( -6.309414396448212337, 11.77999999999999936, -6.557536883151485085 ) ) ;
#5551 = FACE_BOUND ( 'NONE', #5637, .T. ) ;
#5552 = DIRECTION ( 'NONE',  ( 0.000000000000000000, 0.000000000000000000, 1.000000000000000000 ) ) ;
#5553 = DIRECTION ( 'NONE',  ( 0.000000000000000000, 1.000000000000000000, 0.000000000000000000 ) ) ;
#5554 = ORIENTED_EDGE ( 'NONE', *, *, #4022, .T. ) ;
#5555 = VERTEX_POINT ( 'NONE', #4610 ) ;
#5556 = CIRCLE ( 'NONE', #1215, 9.845000000000000639 ) ;
#5557 = CARTESIAN_POINT ( 'NONE',  ( -9.769310306411187028, 10.80504759484896304, 1.852682831206460934 ) ) ;
#5558 = CARTESIAN_POINT ( 'NONE',  ( -4.217628267005795628, 5.854350642619104761, 20.09159607422806459 ) ) ;
#5559 = CARTESIAN_POINT ( 'NONE',  ( -7.308531377894809111, 10.38511518192980176, 6.405651632105493931 ) ) ;
#5560 = TOROIDAL_SURFACE ( 'NONE', #3339, 2.299999999999998490, 0.05000000000000000278 ) ;
#5561 = ORIENTED_EDGE ( 'NONE', *, *, #7806, .F. ) ;
#5562 = CARTESIAN_POINT ( 'NONE',  ( 0.000000000000000000, 8.452916840983675684, -10.82109522994251449 ) ) ;
#5563 = DIRECTION ( 'NONE',  ( 0.000000000000000000, 0.000000000000000000, 1.000000000000000000 ) ) ;
#5564 = CYLINDRICAL_SURFACE ( 'NONE', #2902, 4.584519503718946787 ) ;
#5565 = CIRCLE ( 'NONE', #6628, 0.01999999999999981307 ) ;
#5566 = DIRECTION ( 'NONE',  ( 2.168404344971021884E-15, 0.000000000000000000, 1.000000000000000000 ) ) ;
#5567 = CARTESIAN_POINT ( 'NONE',  ( -7.999726228124851346, 6.203778334611071088, 19.94487031460543491 ) ) ;
#5568 = CARTESIAN_POINT ( 'NONE',  ( 2.399999999999964384, 4.000000000000000000, 22.89999999999999503 ) ) ;
#5569 = DIRECTION ( 'NONE',  ( 0.000000000000000000, 0.000000000000000000, 1.000000000000000000 ) ) ;
#5570 = ORIENTED_EDGE ( 'NONE', *, *, #6847, .T. ) ;
#5571 = EDGE_LOOP ( 'NONE', ( #7179, #6633, #3464, #3403 ) ) ;
#5572 = CARTESIAN_POINT ( 'NONE',  ( -22.95142261420438601, 5.800000000000000711, 16.45969987821108660 ) ) ;
#5574 = EDGE_CURVE ( 'NONE', #7942, #8066, #6576, .T. ) ;
#5573 = ORIENTED_EDGE ( 'NONE', *, *, #114, .F. ) ;
#5575 = CARTESIAN_POINT ( 'NONE',  ( -6.748140159732551879, 11.79240105006936012, -7.168446889376570930 ) ) ;
#5576 = CARTESIAN_POINT ( 'NONE',  ( 0.000000000000000000, 11.77999999999999936, 0.000000000000000000 ) ) ;
#5577 = CARTESIAN_POINT ( 'NONE',  ( -3.914430123225986602, 6.000000000000000000, 20.13453758668959637 ) ) ;
#5578 = CARTESIAN_POINT ( 'NONE',  ( -8.604744071604255140, 6.208870494060181322, 4.967951306048528082 ) ) ;
#5579 = CARTESIAN_POINT ( 'NONE',  ( -3.089133998076035947, 6.600000000000000533, 19.21958055990333847 ) ) ;
#5580 = CARTESIAN_POINT ( 'NONE',  ( 7.347091858898635586, 9.989774791794621578, 6.649037040181000613 ) ) ;
#5581 = ORIENTED_EDGE ( 'NONE', *, *, #4390, .T. ) ;
#5582 = CARTESIAN_POINT ( 'NONE',  ( 3.323032830975961804, 6.600000000000000533, 19.64958055990333463 ) ) ;
#5583 = ADVANCED_FACE ( 'NONE', ( #1485 ), #5848, .T. ) ;
#5584 = EDGE_CURVE ( 'NONE', #4584, #5360, #2299, .T. ) ;
#5585 = CARTESIAN_POINT ( 'NONE',  ( 7.448715543058281874, 6.000000000000000000, 19.89064637976666106 ) ) ;
#5586 = VERTEX_POINT ( 'NONE', #7087 ) ;
#5587 = FACE_OUTER_BOUND ( 'NONE', #6287, .T. ) ;
#5588 = DIRECTION ( 'NONE',  ( 0.000000000000000000, 0.000000000000000000, 1.000000000000000000 ) ) ;
#5589 = CARTESIAN_POINT ( 'NONE',  ( 4.023808188736016866, 6.800000000000001599, 18.12277690923482965 ) ) ;
#5590 = VECTOR ( 'NONE', #4520, 1000.000000000000000 ) ;
#5591 = FACE_OUTER_BOUND ( 'NONE', #7719, .T. ) ;
#5592 = CIRCLE ( 'NONE', #1383, 0.09999999999999939493 ) ;
#5593 = LINE ( 'NONE', #4936, #1807 ) ;
#5594 = EDGE_CURVE ( 'NONE', #8074, #8074, #5125, .T. ) ;
#5595 = EDGE_LOOP ( 'NONE', ( #5779, #1326 ) ) ;
#5596 = ORIENTED_EDGE ( 'NONE', *, *, #444, .F. ) ;
#5597 = CARTESIAN_POINT ( 'NONE',  ( -9.755169040263020008, 10.79999999999999893, 1.855148779988796237 ) ) ;
#5598 = LINE ( 'NONE', #3782, #7622 ) ;
#5599 = AXIS2_PLACEMENT_3D ( 'NONE', #7227, #958, #2365 ) ;
#5600 = CARTESIAN_POINT ( 'NONE',  ( 6.985806356874694423, 9.669369862257095605, 7.237130316785080453 ) ) ;
#5601 = ORIENTED_EDGE ( 'NONE', *, *, #3586, .F. ) ;
#5602 = VERTEX_POINT ( 'NONE', #7537 ) ;
#5603 = DIRECTION ( 'NONE',  ( 0.000000000000000000, 0.000000000000000000, -1.000000000000000000 ) ) ;
#5604 = CARTESIAN_POINT ( 'NONE',  ( 6.511428642680902712, 6.989166358999987949, 20.43053503602663312 ) ) ;
#5605 = DIRECTION ( 'NONE',  ( 0.8090169943749417891, 0.000000000000000000, -0.5877852522924810197 ) ) ;
#5606 = CARTESIAN_POINT ( 'NONE',  ( -8.900907162864532651, 10.81576612122985814, 4.206884438402822113 ) ) ;
#5607 = CARTESIAN_POINT ( 'NONE',  ( 4.811340560054161664, 6.800000000000000711, 17.13298799810183581 ) ) ;
#5608 = EDGE_LOOP ( 'NONE', ( #3380, #6344, #4994, #634, #6236 ) ) ;
#5609 = CARTESIAN_POINT ( 'NONE',  ( 0.000000000000000000, 11.77999999999999936, 0.000000000000000000 ) ) ;
#5610 = VERTEX_POINT ( 'NONE', #4149 ) ;
#5611 = EDGE_LOOP ( 'NONE', ( #7028, #4247, #2269 ) ) ;
#5612 = CARTESIAN_POINT ( 'NONE',  ( -6.424821642706378455, 6.800000000000000711, 23.57836966310849292 ) ) ;
#5613 = ORIENTED_EDGE ( 'NONE', *, *, #1955, .T. ) ;
#5614 = DIRECTION ( 'NONE',  ( 0.7271981356221336457, 0.000000000000000000, -0.6864276156651137883 ) ) ;
#5615 = CARTESIAN_POINT ( 'NONE',  ( -4.139063578675197697, 11.77999999999999936, 3.604331288823149126 ) ) ;
#5616 = AXIS2_PLACEMENT_3D ( 'NONE', #578, #4416, #1286 ) ;
#5617 = CARTESIAN_POINT ( 'NONE',  ( -4.617179167553768337, 6.000000000000000000, 17.60936304504331318 ) ) ;
#5618 = CARTESIAN_POINT ( 'NONE',  ( -7.094163176264967063, 8.046929843269509774, 6.700808986260147648 ) ) ;
#5619 = FACE_OUTER_BOUND ( 'NONE', #601, .T. ) ;
#5620 = CARTESIAN_POINT ( 'NONE',  ( 6.841638518657621404, 10.30131976810155692, 6.959060082712214879 ) ) ;
#5621 = EDGE_CURVE ( 'NONE', #1024, #2005, #6948, .T. ) ;
#5622 = EDGE_LOOP ( 'NONE', ( #4116, #11, #1115, #4333 ) ) ;
#5623 = DIRECTION ( 'NONE',  ( -0.7271981356221336457, 1.768139452430653282E-15, 0.6864276156651137883 ) ) ;
#5624 = CIRCLE ( 'NONE', #1151, 0.02000000000000005246 ) ;
#5625 = CARTESIAN_POINT ( 'NONE',  ( 7.364138223942650718, 6.000000000000000000, 20.05480843040677286 ) ) ;
#5626 = ORIENTED_EDGE ( 'NONE', *, *, #5283, .T. ) ;
#5627 = DIRECTION ( 'NONE',  ( 0.000000000000000000, 0.000000000000000000, 1.000000000000000000 ) ) ;
#5628 = LINE ( 'NONE', #7610, #6800 ) ;
#5629 = CARTESIAN_POINT ( 'NONE',  ( 7.000807778677454074, 6.799999999999998046, 20.51511648566782142 ) ) ;
#5630 = CARTESIAN_POINT ( 'NONE',  ( -5.367813183586243042, 7.111329989508757166, 20.77704923870489395 ) ) ;
#5631 = CIRCLE ( 'NONE', #2750, 1.201359479792052376 ) ;
#5632 = EDGE_CURVE ( 'NONE', #3492, #419, #1685, .T. ) ;
#5633 = EDGE_CURVE ( 'NONE', #3115, #1603, #935, .T. ) ;
#5634 = LINE ( 'NONE', #5714, #197 ) ;
#5635 = AXIS2_PLACEMENT_3D ( 'NONE', #2175, #7777, #7195 ) ;
#5636 = CARTESIAN_POINT ( 'NONE',  ( -2.939133998076038701, 6.800000000000000711, 20.22958055990334003 ) ) ;
#5637 = EDGE_LOOP ( 'NONE', ( #3059, #5234, #4897, #2511 ) ) ;
#5638 = ORIENTED_EDGE ( 'NONE', *, *, #5986, .T. ) ;
#5639 = DIRECTION ( 'NONE',  ( -0.5877852522924685852, 0.000000000000000000, 0.8090169943749507819 ) ) ;
#5640 = CIRCLE ( 'NONE', #5912, 9.950000000000001066 ) ;
#5641 = CARTESIAN_POINT ( 'NONE',  ( 2.399999999999963496, 6.000000000000000000, 16.71406593262094731 ) ) ;
#5642 = EDGE_CURVE ( 'NONE', #4549, #6761, #2755, .T. ) ;
#5643 = CARTESIAN_POINT ( 'NONE',  ( 6.680332391468865261, 9.686504370320964341, 7.339924193226277538 ) ) ;
#5644 = AXIS2_PLACEMENT_3D ( 'NONE', #4405, #1194, #697 ) ;
#5645 = ORIENTED_EDGE ( 'NONE', *, *, #7703, .F. ) ;
#5646 = CARTESIAN_POINT ( 'NONE',  ( 4.782008842634107637, 7.151432784913569485, 18.36509864232086642 ) ) ;
#5647 = CARTESIAN_POINT ( 'NONE',  ( 6.503257191408351900, 6.997046671022761899, 20.41745641588831361 ) ) ;
#5648 = CARTESIAN_POINT ( 'NONE',  ( -4.070166126631538539, 6.999967814916895570, 19.44754621184331000 ) ) ;
#5649 = DIRECTION ( 'NONE',  ( 1.000000000000000000, -0.000000000000000000, -0.000000000000000000 ) ) ;
#5650 = CARTESIAN_POINT ( 'NONE',  ( 4.946370117162572022, 5.453718899874702153, 20.17341544291031852 ) ) ;
#5651 = ORIENTED_EDGE ( 'NONE', *, *, #7646, .T. ) ;
#5652 = DIRECTION ( 'NONE',  ( 0.5877852522924810197, 6.057664121478059446E-14, 0.8090169943749417891 ) ) ;
#5653 = ORIENTED_EDGE ( 'NONE', *, *, #6873, .F. ) ;
#5654 = ORIENTED_EDGE ( 'NONE', *, *, #1448, .T. ) ;
#5655 = DIRECTION ( 'NONE',  ( 0.000000000000000000, 1.000000000000000000, 0.000000000000000000 ) ) ;
#5656 = ORIENTED_EDGE ( 'NONE', *, *, #6239, .T. ) ;
#5657 = AXIS2_PLACEMENT_3D ( 'NONE', #61, #4467, #5085 ) ;
#5658 = DIRECTION ( 'NONE',  ( 0.1144488165907830007, 0.000000000000000000, -0.9934291461301955062 ) ) ;
#5659 = CARTESIAN_POINT ( 'NONE',  ( -5.372005764255568749, 7.202470067359489470, 18.30294818799302092 ) ) ;
#5660 = CARTESIAN_POINT ( 'NONE',  ( -7.453252589726114152, 6.000000000000000000, 18.97957271095373244 ) ) ;
#5661 = DIRECTION ( 'NONE',  ( 0.000000000000000000, -1.000000000000000000, 0.000000000000000000 ) ) ;
#5662 = SURFACE_STYLE_FILL_AREA ( #5168 ) ;
#5663 = CARTESIAN_POINT ( 'NONE',  ( 7.111565067244526084, 9.207171054108085784, 6.829017776160334563 ) ) ;
#5664 = DIRECTION ( 'NONE',  ( -0.000000000000000000, 1.000000000000000000, -0.000000000000000000 ) ) ;
#5665 = CARTESIAN_POINT ( 'NONE',  ( 5.953449135425727512, 6.000000000000000000, 21.18528264043210996 ) ) ;
#5666 = VERTEX_POINT ( 'NONE', #285 ) ;
#5667 = CARTESIAN_POINT ( 'NONE',  ( -7.494334969578213546, 6.800000000000001599, 19.14443706179613613 ) ) ;
#5668 = EDGE_CURVE ( 'NONE', #885, #6210, #2896, .T. ) ;
#5669 = DIRECTION ( 'NONE',  ( -0.000000000000000000, -1.000000000000000000, -0.000000000000000000 ) ) ;
#5670 = CARTESIAN_POINT ( 'NONE',  ( 3.323032830975961804, 6.600000000000000533, 19.64958055990333463 ) ) ;
#5671 = DIRECTION ( 'NONE',  ( -1.000000000000000000, 0.000000000000000000, 1.297293286543607101E-16 ) ) ;
#5672 = CARTESIAN_POINT ( 'NONE',  ( -6.515052400012061540, 6.980000000000000426, 20.45037550259742787 ) ) ;
#5673 = CARTESIAN_POINT ( 'NONE',  ( 9.675738776076798331, 10.80189296267286991, 1.817720752176190446 ) ) ;
#5674 = VERTEX_POINT ( 'NONE', #2267 ) ;
#5675 = EDGE_CURVE ( 'NONE', #1361, #7479, #1327, .T. ) ;
#5676 = ORIENTED_EDGE ( 'NONE', *, *, #1355, .T. ) ;
#5677 = CARTESIAN_POINT ( 'NONE',  ( 5.185305111171649273, 8.128662702360143655, 15.99241953217962120 ) ) ;
#5678 = CARTESIAN_POINT ( 'NONE',  ( 7.243200731982506468, 8.442918043018751817, 6.794230680588939641 ) ) ;
#5679 = DIRECTION ( 'NONE',  ( -0.000000000000000000, -1.000000000000000000, -0.000000000000000000 ) ) ;
#5680 = CARTESIAN_POINT ( 'NONE',  ( 6.948730228133600306, 9.634120518573142888, 7.252005331888846662 ) ) ;
#5681 = CIRCLE ( 'NONE', #6864, 27.24579865550350632 ) ;
#5682 = EDGE_LOOP ( 'NONE', ( #2753, #4951, #7483, #2312 ) ) ;
#5683 = ADVANCED_FACE ( 'NONE', ( #5551, #4854, #3658, #6170 ), #8062, .T. ) ;
#5684 = EDGE_CURVE ( 'NONE', #5674, #659, #4187, .T. ) ;
#5685 = DIRECTION ( 'NONE',  ( -0.000000000000000000, -1.000000000000000000, -0.000000000000000000 ) ) ;
#5686 = CARTESIAN_POINT ( 'NONE',  ( 6.502470358062395484, 6.997494200824267097, 20.41697621800295437 ) ) ;
#5687 = FACE_OUTER_BOUND ( 'NONE', #7301, .T. ) ;
#5688 = DIRECTION ( 'NONE',  ( 0.000000000000000000, 0.000000000000000000, -1.000000000000000000 ) ) ;
#5689 = VECTOR ( 'NONE', #869, 1000.000000000000000 ) ;
#5690 = AXIS2_PLACEMENT_3D ( 'NONE', #4463, #4421, #666 ) ;
#5691 = CARTESIAN_POINT ( 'NONE',  ( 0.000000000000000000, 8.444827586206898218, 0.000000000000000000 ) ) ;
#5692 = ORIENTED_EDGE ( 'NONE', *, *, #6194, .F. ) ;
#5693 = CARTESIAN_POINT ( 'NONE',  ( 6.515052400012065092, 6.979999999999998650, 20.45037550259745629 ) ) ;
#5694 = DIRECTION ( 'NONE',  ( -0.000000000000000000, 1.000000000000000000, -0.000000000000000000 ) ) ;
#5695 = ORIENTED_EDGE ( 'NONE', *, *, #8049, .T. ) ;
#5696 = DIRECTION ( 'NONE',  ( 0.5877852522924802425, -0.000000000000000000, 0.8090169943749423442 ) ) ;
#5697 = CARTESIAN_POINT ( 'NONE',  ( 5.299999999999998934, 6.980000000000000426, 19.38047814307508077 ) ) ;
#5698 = ORIENTED_EDGE ( 'NONE', *, *, #5021, .F. ) ;
#5699 = CIRCLE ( 'NONE', #39, 9.844999999999998863 ) ;
#5700 = AXIS2_PLACEMENT_3D ( 'NONE', #5540, #665, #1956 ) ;
#5701 = CARTESIAN_POINT ( 'NONE',  ( -8.973982539007156589, 10.81999999999999851, 4.251180705356413903 ) ) ;
#5702 = DIRECTION ( 'NONE',  ( -0.9771696282492315921, -0.000000000000000000, -0.2124606260634161192 ) ) ;
#5703 = CARTESIAN_POINT ( 'NONE',  ( -6.076487349535340421, 6.000000000000000000, 17.38033082985496947 ) ) ;
#5704 = DIRECTION ( 'NONE',  ( 0.000000000000000000, 1.000000000000000000, 0.000000000000000000 ) ) ;
#5705 =( LENGTH_UNIT ( ) NAMED_UNIT ( * ) SI_UNIT ( .MILLI., .METRE. ) );
#5706 = CARTESIAN_POINT ( 'NONE',  ( 6.711776064421520971, 9.545597926803809585, 7.326449593650385950 ) ) ;
#5707 = CARTESIAN_POINT ( 'NONE',  ( -7.110841241384226130, 8.524182385967467468, 6.808815009958107289 ) ) ;
#5708 = ADVANCED_FACE ( 'NONE', ( #3899, #806 ), #6820, .F. ) ;
#5709 = CARTESIAN_POINT ( 'NONE',  ( 6.220859939289691276, 6.000000000000000000, 21.04819928445800414 ) ) ;
#5710 = EDGE_LOOP ( 'NONE', ( #5726, #2469, #3220, #1394, #1954 ) ) ;
#5711 = DIRECTION ( 'NONE',  ( 0.000000000000000000, 1.000000000000000000, 0.000000000000000000 ) ) ;
#5712 = DIRECTION ( 'NONE',  ( 0.000000000000000000, 1.000000000000000000, 0.000000000000000000 ) ) ;
#5713 = CARTESIAN_POINT ( 'NONE',  ( 1.256876828756438025, 10.80504759484896304, 9.863676706651240522 ) ) ;
#5714 = CARTESIAN_POINT ( 'NONE',  ( -3.089133998076035947, 6.600000000000000533, 19.79958055990334032 ) ) ;
#5715 = CARTESIAN_POINT ( 'NONE',  ( 6.412543518469478343, 8.922146680361549897, 7.142853952785601201 ) ) ;
#5716 = DIRECTION ( 'NONE',  ( -0.5877852522924112977, 0.000000000000000000, 0.8090169943749923043 ) ) ;
#5717 = ORIENTED_EDGE ( 'NONE', *, *, #3387, .F. ) ;
#5718 = VERTEX_POINT ( 'NONE', #7653 ) ;
#5719 = CARTESIAN_POINT ( 'NONE',  ( 5.184077426209861450, 7.427647246794453650, 18.60717306859192988 ) ) ;
#5720 = CARTESIAN_POINT ( 'NONE',  ( 7.963941695581372215, 6.652995376149286599, 5.924468968098311805 ) ) ;
#5721 = CARTESIAN_POINT ( 'NONE',  ( -1.251113330651709266, 10.81342020349678812, 9.765180000075574185 ) ) ;
#5722 = AXIS2_PLACEMENT_3D ( 'NONE', #3558, #4236, #2981 ) ;
#5723 = AXIS2_PLACEMENT_3D ( 'NONE', #963, #921, #5295 ) ;
#5724 = CARTESIAN_POINT ( 'NONE',  ( -7.293223248020851202, 10.25933902216353211, 6.519194606273639891 ) ) ;
#5725 = EDGE_CURVE ( 'NONE', #7137, #5955, #4516, .T. ) ;
#5726 = ORIENTED_EDGE ( 'NONE', *, *, #7916, .T. ) ;
#5727 = CARTESIAN_POINT ( 'NONE',  ( 7.451426788800562306, 6.727695102815145489, 20.25857940670205792 ) ) ;
#5728 = CIRCLE ( 'NONE', #2188, 11.00000000000000178 ) ;
#5729 = CARTESIAN_POINT ( 'NONE',  ( -5.169037455267297965, 7.339590623792748403, 17.81354984643425610 ) ) ;
#5730 = CARTESIAN_POINT ( 'NONE',  ( 1.250000000000082601, 10.79999999999999893, 9.848451654955704626 ) ) ;
#5731 = CARTESIAN_POINT ( 'NONE',  ( 1.999999999999963585, 4.100000000000000533, 23.39999999999999858 ) ) ;
#5732 = EDGE_CURVE ( 'NONE', #5379, #6006, #2095, .T. ) ;
#5733 = CARTESIAN_POINT ( 'NONE',  ( 4.221392229363574167, 5.920906166914031488, 20.68116168154909928 ) ) ;
#5734 = ADVANCED_FACE ( 'NONE', ( #193 ), #498, .T. ) ;
#5735 = ORIENTED_EDGE ( 'NONE', *, *, #7996, .T. ) ;
#5736 = CARTESIAN_POINT ( 'NONE',  ( -11.00000000000000178, 12.79999999999999893, 0.000000000000000000 ) ) ;
#5737 = LINE ( 'NONE', #7677, #3004 ) ;
#5738 = VECTOR ( 'NONE', #3611, 1000.000000000000000 ) ;
#5739 = ORIENTED_EDGE ( 'NONE', *, *, #6683, .F. ) ;
#5740 = CARTESIAN_POINT ( 'NONE',  ( 9.746525024944631355, 11.79999999999999716, 1.873539414618244026 ) ) ;
#5741 = ORIENTED_EDGE ( 'NONE', *, *, #694, .F. ) ;
#5742 = CARTESIAN_POINT ( 'NONE',  ( -6.751071447371139733, 11.78284961658114582, -7.165686247983065194 ) ) ;
#5743 = CARTESIAN_POINT ( 'NONE',  ( 0.000000000000000000, 7.755172413793101072, 0.000000000000000000 ) ) ;
#5744 = CARTESIAN_POINT ( 'NONE',  ( -7.380294709272836151, 6.000000000000000000, 18.77133832867021468 ) ) ;
#5745 = DIRECTION ( 'NONE',  ( -0.9820588696906381587, 0.000000000000000000, -0.1885745912416252335 ) ) ;
#5746 =( NAMED_UNIT ( * ) SI_UNIT ( $, .STERADIAN. ) SOLID_ANGLE_UNIT ( ) );
#5747 = EDGE_CURVE ( 'NONE', #645, #4470, #7567, .T. ) ;
#5748 = CARTESIAN_POINT ( 'NONE',  ( 6.481944564909407624, 9.851974896430089501, 7.379709687929880246 ) ) ;
#5749 = CARTESIAN_POINT ( 'NONE',  ( -4.770912832379638147, 11.77999999999999936, -8.731602988331255588 ) ) ;
#5750 = TOROIDAL_SURFACE ( 'NONE', #3258, 0.4000000000000000222, 0.1000000000000000056 ) ;
#5751 = AXIS2_PLACEMENT_3D ( 'NONE', #301, #1373, #7721 ) ;
#5752 = CARTESIAN_POINT ( 'NONE',  ( 7.527000766251100039, 6.000000000000000000, 19.53566983765173148 ) ) ;
#5753 = ORIENTED_EDGE ( 'NONE', *, *, #7806, .T. ) ;
#5754 = DIRECTION ( 'NONE',  ( 1.000000000000000000, 0.000000000000000000, 0.000000000000000000 ) ) ;
#5755 = DIRECTION ( 'NONE',  ( 0.000000000000000000, 0.000000000000000000, 1.000000000000000000 ) ) ;
#5756 = DIRECTION ( 'NONE',  ( -0.000000000000000000, -1.000000000000000000, -0.000000000000000000 ) ) ;
#5757 = CARTESIAN_POINT ( 'NONE',  ( 1.258518485894540184, 10.80652837760794860, 9.864827699467257460 ) ) ;
#5758 = CARTESIAN_POINT ( 'NONE',  ( 6.642208018104482470, 9.317594450180445520, 7.266875076442914860 ) ) ;
#5759 = VECTOR ( 'NONE', #6217, 1000.000000000000000 ) ;
#5760 = CARTESIAN_POINT ( 'NONE',  ( -7.160818898803452903, 9.215054016174168083, 6.756620437481992703 ) ) ;
#5761 = ORIENTED_EDGE ( 'NONE', *, *, #2367, .T. ) ;
#5762 = EDGE_LOOP ( 'NONE', ( #457, #3118, #644, #31 ) ) ;
#5763 = AXIS2_PLACEMENT_3D ( 'NONE', #3578, #5464, #5426 ) ;
#5764 = CARTESIAN_POINT ( 'NONE',  ( 7.213539517796005995, 9.900000000000000355, 6.966034138962815092 ) ) ;
#5765 = CARTESIAN_POINT ( 'NONE',  ( 7.124814544982609021, 8.422298520574548419, 6.794722992431150743 ) ) ;
#5766 = DIRECTION ( 'NONE',  ( 0.1144488165907830007, 0.000000000000000000, -0.9934291461301955062 ) ) ;
#5767 = AXIS2_PLACEMENT_3D ( 'NONE', #6229, #4406, #1365 ) ;
#5768 = VECTOR ( 'NONE', #5661, 1000.000000000000000 ) ;
#5769 = CARTESIAN_POINT ( 'NONE',  ( -7.142575931777333409, 9.870222887260357680, 7.100589262725331530 ) ) ;
#5770 = ORIENTED_EDGE ( 'NONE', *, *, #7665, .F. ) ;
#5771 = CARTESIAN_POINT ( 'NONE',  ( 6.751183836618916523, 11.77999999999999936, -7.165580353619342979 ) ) ;
#5772 = CARTESIAN_POINT ( 'NONE',  ( 4.643681894208427252, 6.776122674121612732, 21.28417564326824873 ) ) ;
#5773 = EDGE_CURVE ( 'NONE', #2526, #6733, #3786, .T. ) ;
#5774 = CARTESIAN_POINT ( 'NONE',  ( 6.492818480884917420, 7.000000000000000000, 20.41860352370483866 ) ) ;
#5775 = CARTESIAN_POINT ( 'NONE',  ( 6.552437371283589052, 6.809329536238053038, 20.80845902710322903 ) ) ;
#5776 = FACE_OUTER_BOUND ( 'NONE', #579, .T. ) ;
#5778 = CARTESIAN_POINT ( 'NONE',  ( 5.118821951880166310, 6.263334310615152667, 21.96254331506413848 ) ) ;
#5777 = AXIS2_PLACEMENT_3D ( 'NONE', #526, #3174, #1811 ) ;
#5779 = ORIENTED_EDGE ( 'NONE', *, *, #7047, .F. ) ;
#5780 = FACE_OUTER_BOUND ( 'NONE', #4687, .T. ) ;
#5781 = CYLINDRICAL_SURFACE ( 'NONE', #3141, 0.09999999999999939493 ) ;
#5782 = ORIENTED_EDGE ( 'NONE', *, *, #366, .T. ) ;
#5783 = FACE_OUTER_BOUND ( 'NONE', #2092, .T. ) ;
#5784 = ORIENTED_EDGE ( 'NONE', *, *, #527, .F. ) ;
#5785 = DIRECTION ( 'NONE',  ( -1.000000000000000000, 0.000000000000000000, 0.000000000000000000 ) ) ;
#5786 = EDGE_CURVE ( 'NONE', #2930, #1202, #6690, .T. ) ;
#5787 = EDGE_CURVE ( 'NONE', #2007, #430, #3543, .T. ) ;
#5788 = CARTESIAN_POINT ( 'NONE',  ( 3.988121288966798073, 5.813293196887966197, 19.27547223852561942 ) ) ;
#5789 = CARTESIAN_POINT ( 'NONE',  ( -7.332132426058884711, 6.000000000000000000, 18.65216414573347237 ) ) ;
#5790 = CARTESIAN_POINT ( 'NONE',  ( -1.270000000000082396, 10.81999999999999851, 9.848451654955706402 ) ) ;
#5791 = CARTESIAN_POINT ( 'NONE',  ( 7.167827829912161164, 9.521699835608695039, 7.086203363902133567 ) ) ;
#5792 = ORIENTED_EDGE ( 'NONE', *, *, #7348, .F. ) ;
#5793 = DIRECTION ( 'NONE',  ( -0.8090169943749774273, 0.000000000000000000, 0.5877852522924320589 ) ) ;
#5794 = ORIENTED_EDGE ( 'NONE', *, *, #3777, .T. ) ;
#5795 = CARTESIAN_POINT ( 'NONE',  ( 4.655555241868547967, 6.000000000000000000, 17.57966009348197645 ) ) ;
#5796 = EDGE_CURVE ( 'NONE', #3474, #8112, #3200, .T. ) ;
#5797 = ORIENTED_EDGE ( 'NONE', *, *, #2819, .T. ) ;
#5798 = DIRECTION ( 'NONE',  ( 0.000000000000000000, 1.000000000000000000, -0.000000000000000000 ) ) ;
#5799 = DIRECTION ( 'NONE',  ( -0.000000000000000000, 0.000000000000000000, 1.000000000000000000 ) ) ;
#5800 = CARTESIAN_POINT ( 'NONE',  ( 8.909044460142155231, 11.80000000000013571, 4.189624585263070244 ) ) ;
#5801 = CARTESIAN_POINT ( 'NONE',  ( -8.607407964159074609, 10.79999999999999893, 4.132073405850065662 ) ) ;
#5802 = CYLINDRICAL_SURFACE ( 'NONE', #4932, 1.249999999999971578 ) ;
#5803 = LINE ( 'NONE', #2020, #4043 ) ;
#5804 = DIRECTION ( 'NONE',  ( 0.000000000000000000, 0.000000000000000000, 1.000000000000000000 ) ) ;
#5805 = VERTEX_POINT ( 'NONE', #3813 ) ;
#5806 = CARTESIAN_POINT ( 'NONE',  ( 5.367847558069972713, 9.564727027258062009, 11.78265130700379792 ) ) ;
#5807 = CARTESIAN_POINT ( 'NONE',  ( 7.851768282167073565, 7.008083653536769653, 6.033948159809319201 ) ) ;
#5808 = CARTESIAN_POINT ( 'NONE',  ( -1.266940077397429087, 10.80017665580928110, 9.763139356027156879 ) ) ;
#5809 = CARTESIAN_POINT ( 'NONE',  ( -7.016433266165071458, 10.25044179496389596, 6.852145672847331781 ) ) ;
#5810 = VERTEX_POINT ( 'NONE', #153 ) ;
#5811 = CARTESIAN_POINT ( 'NONE',  ( 6.198361143778361004, 6.802765281788227369, 17.37319336131650971 ) ) ;
#5812 = CARTESIAN_POINT ( 'NONE',  ( -5.154298006272719057, 7.533508691413335789, 17.86098179639453321 ) ) ;
#5813 = CARTESIAN_POINT ( 'NONE',  ( -3.358333241688669535, 6.723960053442490370, 18.42139815762993749 ) ) ;
#5814 = CARTESIAN_POINT ( 'NONE',  ( -6.803375497263590255, 9.602641275907863871, 7.302208618393162709 ) ) ;
#5815 = CIRCLE ( 'NONE', #1870, 0.02000000000000005246 ) ;
#5816 = CARTESIAN_POINT ( 'NONE',  ( -4.123070377234698825, 5.823189893539470141, 19.77910909237653669 ) ) ;
#5817 = EDGE_LOOP ( 'NONE', ( #871, #3862, #1439, #1621, #375, #3727 ) ) ;
#5818 = CARTESIAN_POINT ( 'NONE',  ( 8.980162878894716982, 14.88303627697544940, 4.232159575030384424 ) ) ;
#5819 = CARTESIAN_POINT ( 'NONE',  ( 2.599999999999963229, 0.000000000000000000, 16.80000000000000071 ) ) ;
#5820 = ORIENTED_EDGE ( 'NONE', *, *, #6595, .F. ) ;
#5821 = DIRECTION ( 'NONE',  ( 0.9820588696906381587, 0.000000000000000000, -0.1885745912416252335 ) ) ;
#5822 = ORIENTED_EDGE ( 'NONE', *, *, #5440, .T. ) ;
#5823 = CARTESIAN_POINT ( 'NONE',  ( 2.499999999999964473, -4.348755257721902190, 23.39999999999999858 ) ) ;
#5824 = CARTESIAN_POINT ( 'NONE',  ( -2.939133998076038701, 6.800000000000000711, 19.64958055990333463 ) ) ;
#5825 = CONICAL_SURFACE ( 'NONE', #2018, 13.85410764872521305, 0.6911111611634175311 ) ;
#5826 = DIRECTION ( 'NONE',  ( 0.000000000000000000, 0.000000000000000000, -1.000000000000000000 ) ) ;
#5827 = CARTESIAN_POINT ( 'NONE',  ( -6.204866783091701699, 5.990268290913875582, 17.38210704757526059 ) ) ;
#5828 = CARTESIAN_POINT ( 'NONE',  ( 6.723869747759464666, 9.403889444511232654, 7.286955209059262195 ) ) ;
#5829 = EDGE_CURVE ( 'NONE', #7455, #7572, #6370, .T. ) ;
#5830 = EDGE_LOOP ( 'NONE', ( #7528, #300, #3683, #6652, #3417 ) ) ;
#5831 = CARTESIAN_POINT ( 'NONE',  ( 8.900307722112845710, 10.81132123589743266, 4.208152563204563101 ) ) ;
#5832 = CARTESIAN_POINT ( 'NONE',  ( 4.712510869185632778, 6.000000000000000000, 17.53832800885071208 ) ) ;
#5833 = ORIENTED_EDGE ( 'NONE', *, *, #5083, .F. ) ;
#5834 = DIRECTION ( 'NONE',  ( 0.9820588696906380477, 0.000000000000000000, -0.1885745912416258163 ) ) ;
#5835 = CARTESIAN_POINT ( 'NONE',  ( -7.052832034732568367, 9.179184621573169167, 6.868885301841203272 ) ) ;
#5836 = DIRECTION ( 'NONE',  ( 0.000000000000000000, 0.000000000000000000, 1.000000000000000000 ) ) ;
#5837 = PLANE ( 'NONE',  #6660 ) ;
#5838 = CIRCLE ( 'NONE', #2292, 0.01999999999999974715 ) ;
#5839 = CARTESIAN_POINT ( 'NONE',  ( 7.415390293491613605, 9.736502734170752404, 6.475816328992835658 ) ) ;
#5840 = B_SPLINE_CURVE_WITH_KNOTS ( 'NONE', 3,
 ( #3646, #6010, #2264, #1789, #7287, #2184, #858, #8050, #368, #2808, #5887, #4689, #7206 ),
 .UNSPECIFIED., .F., .F.,
 ( 4, 3, 3, 3, 4 ),
 ( 0.000000000000000000, 3.379389855596113683E-05, 4.456709193865348331E-05, 5.365951828019637057E-05, 5.823939491965766772E-05 ),
 .UNSPECIFIED. ) ;
#5841 = EDGE_CURVE ( 'NONE', #6965, #2956, #247, .T. ) ;
#5842 = ADVANCED_FACE ( 'NONE', ( #1346 ), #4310, .F. ) ;
#5843 = CARTESIAN_POINT ( 'NONE',  ( 3.323032830975961804, 6.600000000000000533, 19.64958055990333463 ) ) ;
#5844 = CARTESIAN_POINT ( 'NONE',  ( -5.299999999999995381, 7.236435435219250145, 18.80555947608376144 ) ) ;
#5845 = ORIENTED_EDGE ( 'NONE', *, *, #7063, .F. ) ;
#5846 = CARTESIAN_POINT ( 'NONE',  ( 5.136267901785575241, 9.141670161336502787, 13.39066739789493887 ) ) ;
#5847 = CARTESIAN_POINT ( 'NONE',  ( 7.057269217271626260, 8.171477361935785666, 6.740816030804529291 ) ) ;
#5848 = CYLINDRICAL_SURFACE ( 'NONE', #1579, 0.9999999999999998890 ) ;
#5849 = CARTESIAN_POINT ( 'NONE',  ( -7.143280249592193876, 9.301009565804168489, 6.894522794830536760 ) ) ;
#5850 = EDGE_CURVE ( 'NONE', #7942, #397, #5178, .T. ) ;
#5851 = ORIENTED_EDGE ( 'NONE', *, *, #505, .T. ) ;
#5852 = LINE ( 'NONE', #7285, #5064 ) ;
#5853 = CIRCLE ( 'NONE', #1515, 0.04000000000000010492 ) ;
#5854 = TOROIDAL_SURFACE ( 'NONE', #3361, 0.4000000000000000222, 0.1000000000000000056 ) ;
#5855 = CARTESIAN_POINT ( 'NONE',  ( 4.001007567948549948, 6.932672494441565192, 19.85278690044908956 ) ) ;
#5856 = CARTESIAN_POINT ( 'NONE',  ( -5.093161920235430351, 7.631476593558754296, 16.95564622647616559 ) ) ;
#5857 = CARTESIAN_POINT ( 'NONE',  ( -3.599710338147941613, 6.727816660407002658, 18.25235602277547997 ) ) ;
#5858 = CARTESIAN_POINT ( 'NONE',  ( 11.08758383676868675, 6.800000000000000711, 20.11905188458655402 ) ) ;
#5859 = EDGE_CURVE ( 'NONE', #1862, #3785, #1559, .T. ) ;
#5860 = DIRECTION ( 'NONE',  ( 0.000000000000000000, 0.000000000000000000, 1.000000000000000000 ) ) ;
#5861 = CIRCLE ( 'NONE', #4014, 1.467157287525382214 ) ;
#5862 = ORIENTED_EDGE ( 'NONE', *, *, #3777, .F. ) ;
#5863 = DIRECTION ( 'NONE',  ( -0.9820588696906382697, 0.000000000000000000, 0.1885745912416255110 ) ) ;
#5864 = DIRECTION ( 'NONE',  ( 0.000000000000000000, 0.000000000000000000, 1.000000000000000000 ) ) ;
#5865 = DIRECTION ( 'NONE',  ( 0.000000000000000000, -1.000000000000000000, -0.000000000000000000 ) ) ;
#5866 = ORIENTED_EDGE ( 'NONE', *, *, #7453, .T. ) ;
#5867 = DIRECTION ( 'NONE',  ( 0.9827679460946182610, 0.000000000000000000, 0.1848436207418731048 ) ) ;
#5868 = DIRECTION ( 'NONE',  ( 0.000000000000000000, -1.000000000000000000, 0.000000000000000000 ) ) ;
#5869 = DIRECTION ( 'NONE',  ( -0.000000000000000000, -1.000000000000000000, -0.000000000000000000 ) ) ;
#5870 = DIRECTION ( 'NONE',  ( 0.000000000000000000, 0.000000000000000000, -1.000000000000000000 ) ) ;
#5871 = CARTESIAN_POINT ( 'NONE',  ( -7.462236633934532293, 6.000000000000000000, 19.85614436279955441 ) ) ;
#5872 = CARTESIAN_POINT ( 'NONE',  ( -5.815675123623886833, 5.202323380659917618, 19.56458811908581197 ) ) ;
#5873 = FACE_OUTER_BOUND ( 'NONE', #7785, .T. ) ;
#5874 = CIRCLE ( 'NONE', #211, 0.04999999999999921174 ) ;
#5875 = CIRCLE ( 'NONE', #4548, 1.221359479792052838 ) ;
#5876 = CARTESIAN_POINT ( 'NONE',  ( 4.914343141972874029, 6.000000000000000000, 17.41521327617872217 ) ) ;
#5877 = AXIS2_PLACEMENT_3D ( 'NONE', #5176, #2010, #151 ) ;
#5878 = ORIENTED_EDGE ( 'NONE', *, *, #42, .T. ) ;
#5879 = CARTESIAN_POINT ( 'NONE',  ( -9.752705364832102930, 11.77999999999999936, 1.854518284292479224 ) ) ;
#5880 = CARTESIAN_POINT ( 'NONE',  ( 5.329779100993472518, 7.334028176754054051, 18.78656682189250660 ) ) ;
#5881 = EDGE_CURVE ( 'NONE', #4717, #5506, #5344, .T. ) ;
#5882 = DIRECTION ( 'NONE',  ( 0.000000000000000000, 0.000000000000000000, 1.000000000000000000 ) ) ;
#5883 = CARTESIAN_POINT ( 'NONE',  ( 4.716841173194776360, 10.80114195817273703, -8.641494913893923879 ) ) ;
#5884 = CARTESIAN_POINT ( 'NONE',  ( -7.250762938946347269, 10.16311055428182364, 6.660023740957577765 ) ) ;
#5885 = DIRECTION ( 'NONE',  ( -0.000000000000000000, -1.000000000000000000, -0.000000000000000000 ) ) ;
#5886 = ORIENTED_EDGE ( 'NONE', *, *, #5483, .F. ) ;
#5887 = CARTESIAN_POINT ( 'NONE',  ( -6.541852441506695648, 6.800144121065639702, 20.83553667911382590 ) ) ;
#5888 = EDGE_CURVE ( 'NONE', #2909, #8031, #3498, .T. ) ;
#5889 = CARTESIAN_POINT ( 'NONE',  ( -7.207936857725457003, 8.322405662803673110, 6.816836219816718057 ) ) ;
#5890 = CARTESIAN_POINT ( 'NONE',  ( 8.973982539007216985, 10.81999999999999851, 4.251180705356287781 ) ) ;
#5891 = CIRCLE ( 'NONE', #3401, 0.04999999999999921174 ) ;
#5892 = CARTESIAN_POINT ( 'NONE',  ( -7.341005453147298354, 9.233046549348426169, 6.368129393745678435 ) ) ;
#5893 = VERTEX_POINT ( 'NONE', #2842 ) ;
#5894 = CIRCLE ( 'NONE', #4576, 0.01999999999999982694 ) ;
#5895 = CARTESIAN_POINT ( 'NONE',  ( 5.666060265353257464, 7.606518939771342858, 19.62744525028556453 ) ) ;
#5896 = ADVANCED_FACE ( 'NONE', ( #5303 ), #7088, .F. ) ;
#5897 = AXIS2_PLACEMENT_3D ( 'NONE', #5959, #6700, #6618 ) ;
#5898 = CARTESIAN_POINT ( 'NONE',  ( -5.314742971792448145, 7.696018059667760092, 17.34104580295396048 ) ) ;
#5899 = CARTESIAN_POINT ( 'NONE',  ( 6.542906688194784159, 6.800313910456627475, 20.83442177853306276 ) ) ;
#5900 = DIRECTION ( 'NONE',  ( 0.000000000000000000, 1.000000000000000000, 0.000000000000000000 ) ) ;
#5901 = PLANE ( 'NONE',  #5029 ) ;
#5902 = VECTOR ( 'NONE', #4500, 1000.000000000000000 ) ;
#5903 = CARTESIAN_POINT ( 'NONE',  ( -4.164368546225965417, 5.839926581748345669, 19.93323595731152054 ) ) ;
#5904 = EDGE_LOOP ( 'NONE', ( #4203, #7061, #5653, #1634 ) ) ;
#5905 = CARTESIAN_POINT ( 'NONE',  ( -6.816226223554679109, 11.79999999999999716, -7.221077486727694783 ) ) ;
#5906 = VECTOR ( 'NONE', #7033, 1000.000000000000000 ) ;
#5907 = ORIENTED_EDGE ( 'NONE', *, *, #7808, .F. ) ;
#5908 = DIRECTION ( 'NONE',  ( 0.000000000000000000, 1.000000000000000000, 0.000000000000000000 ) ) ;
#5909 = DIRECTION ( 'NONE',  ( -0.000000000000000000, -1.000000000000000000, -0.000000000000000000 ) ) ;
#5910 = CARTESIAN_POINT ( 'NONE',  ( -4.538211414707750357, 6.970477989622287041, 20.46565565914460905 ) ) ;
#5911 = CARTESIAN_POINT ( 'NONE',  ( -6.701251286024797693, 6.000000000000000000, 20.72142109796001463 ) ) ;
#5912 = AXIS2_PLACEMENT_3D ( 'NONE', #1534, #2117, #7059 ) ;
#5913 = CARTESIAN_POINT ( 'NONE',  ( -5.238298124167153347, 5.223893947116379444, 19.01400724612782156 ) ) ;
#5914 = CARTESIAN_POINT ( 'NONE',  ( 1.230000000000081695, 11.79999999999999716, 9.767861843822311485 ) ) ;
#5915 = CARTESIAN_POINT ( 'NONE',  ( -8.193791918384341955, 6.800000000000000711, 19.74976501383081384 ) ) ;
#5916 = CARTESIAN_POINT ( 'NONE',  ( 6.247319328968266916, 6.000000000000000000, 17.45823299631140912 ) ) ;
#5917 = ORIENTED_EDGE ( 'NONE', *, *, #404, .F. ) ;
#5918 = CARTESIAN_POINT ( 'NONE',  ( -3.545703171169115819, 6.800000000000000711, 18.66657728148436135 ) ) ;
#5919 = CARTESIAN_POINT ( 'NONE',  ( -4.064542011954086931, 6.000000000000000000, 20.38181964714067362 ) ) ;
#5920 = CARTESIAN_POINT ( 'NONE',  ( 4.164368546225968970, 5.800000000000000711, 19.93323595731152054 ) ) ;
#5921 = CARTESIAN_POINT ( 'NONE',  ( 4.164368546225968970, 5.839926581748344780, 19.93323595731152054 ) ) ;
#5922 = FACE_OUTER_BOUND ( 'NONE', #2363, .T. ) ;
#5923 = CARTESIAN_POINT ( 'NONE',  ( 4.900657818299409385, 6.816364723113971458, 21.17891942907781910 ) ) ;
#5924 = ADVANCED_FACE ( 'NONE', ( #2132 ), #3421, .T. ) ;
#5925 = CARTESIAN_POINT ( 'NONE',  ( 7.098618944742399961, 8.345488684812957914, 6.882052278857694994 ) ) ;
#5926 = ORIENTED_EDGE ( 'NONE', *, *, #3033, .T. ) ;
#5927 = DIRECTION ( 'NONE',  ( 0.000000000000000000, 1.000000000000000000, -0.000000000000000000 ) ) ;
#5928 = TOROIDAL_SURFACE ( 'NONE', #2382, 0.2000000000000000111, 0.1000000000000000056 ) ;
#5929 = DIRECTION ( 'NONE',  ( 0.3090169943749094261, 0.000000000000000000, -0.9510565162951659657 ) ) ;
#5930 = CARTESIAN_POINT ( 'NONE',  ( -4.777503397729691237, 10.81999999999999851, -8.702296322504841086 ) ) ;
#5931 = DIRECTION ( 'NONE',  ( 0.000000000000000000, 1.000000000000000000, 0.000000000000000000 ) ) ;
#5932 = CARTESIAN_POINT ( 'NONE',  ( -7.160075840880446130, 9.663420743811153457, 7.130003355124537201 ) ) ;
#5933 = EDGE_CURVE ( 'NONE', #6834, #1060, #378, .T. ) ;
#5934 = EDGE_CURVE ( 'NONE', #6412, #6024, #1430, .T. ) ;
#5935 = EDGE_LOOP ( 'NONE', ( #7201 ) ) ;
#5936 = DIRECTION ( 'NONE',  ( 0.000000000000000000, 1.000000000000000000, 0.000000000000000000 ) ) ;
#5937 = CARTESIAN_POINT ( 'NONE',  ( -5.195854012807963329, 7.243539798683516828, 18.38606219793908281 ) ) ;
#5938 = CARTESIAN_POINT ( 'NONE',  ( -5.241298232002693958, 6.744717922586260350, 17.10271288679027890 ) ) ;
#5939 = CYLINDRICAL_SURFACE ( 'NONE', #7877, 0.02000000000000005246 ) ;
#5940 = CARTESIAN_POINT ( 'NONE',  ( -4.947328415728339479, 6.800000000000000711, 21.24192674964312033 ) ) ;
#5941 = CARTESIAN_POINT ( 'NONE',  ( -6.505213034913026604E-16, 6.049999999999999822, -4.995798655503515207 ) ) ;
#5942 = ORIENTED_EDGE ( 'NONE', *, *, #1610, .T. ) ;
#5943 = CARTESIAN_POINT ( 'NONE',  ( -2.939133998076038701, 6.600000000000000533, 20.22958055990334003 ) ) ;
#5944 = ADVANCED_FACE ( 'NONE', ( #2757 ), #7317, .T. ) ;
#5945 = EDGE_LOOP ( 'NONE', ( #840, #3276, #7334, #6306 ) ) ;
#5946 = CARTESIAN_POINT ( 'NONE',  ( -6.751864968296217739, 10.81357317115932481, -7.164938567721809370 ) ) ;
#5947 = DIRECTION ( 'NONE',  ( 0.000000000000000000, 1.000000000000000000, 0.000000000000000000 ) ) ;
#5948 = CARTESIAN_POINT ( 'NONE',  ( -6.424821642706378455, 6.980000000000000426, 23.57836966310849292 ) ) ;
#5949 = CARTESIAN_POINT ( 'NONE',  ( -6.432363736517408448, 6.000000000000000000, 20.91277476330984442 ) ) ;
#5950 = CARTESIAN_POINT ( 'NONE',  ( -6.587647952814521979, 5.482370250530029132, 19.02392845628852669 ) ) ;
#5951 = DIRECTION ( 'NONE',  ( -0.000000000000000000, -1.000000000000000000, -0.000000000000000000 ) ) ;
#5952 = LINE ( 'NONE', #2875, #331 ) ;
#5953 = ORIENTED_EDGE ( 'NONE', *, *, #3816, .F. ) ;
#5954 = FACE_OUTER_BOUND ( 'NONE', #6456, .T. ) ;
#5955 = VERTEX_POINT ( 'NONE', #7159 ) ;
#5956 = CARTESIAN_POINT ( 'NONE',  ( 6.884044235491623809, 6.000000000000000000, 17.94705246792170783 ) ) ;
#5957 = CARTESIAN_POINT ( 'NONE',  ( -3.499428151154085676, 6.800000000000000711, 18.80991579652793533 ) ) ;
#5958 = CARTESIAN_POINT ( 'NONE',  ( 5.271256054450766726, 7.332215316166462493, 18.80555947608376144 ) ) ;
#5959 = CARTESIAN_POINT ( 'NONE',  ( 8.986343218782215203, 11.77999999999999936, 4.213138444704481955 ) ) ;
#5960 = CARTESIAN_POINT ( 'NONE',  ( 4.710943995265041373, 10.79999999999999893, -8.644711196649449647 ) ) ;
#5961 = CARTESIAN_POINT ( 'NONE',  ( -6.505213034913026604E-16, 6.800000000000000711, -4.995798655503515207 ) ) ;
#5962 = AXIS2_PLACEMENT_3D ( 'NONE', #4832, #1122, #2243 ) ;
#5964 = ORIENTED_EDGE ( 'NONE', *, *, #675, .F. ) ;
#5963 = FACE_OUTER_BOUND ( 'NONE', #6268, .T. ) ;
#5965 = FACE_OUTER_BOUND ( 'NONE', #3607, .T. ) ;
#5966 = VERTEX_POINT ( 'NONE', #6581 ) ;
#5967 = AXIS2_PLACEMENT_3D ( 'NONE', #7229, #961, #5292 ) ;
#5968 = CIRCLE ( 'NONE', #6359, 27.29579865550350704 ) ;
#5969 = CARTESIAN_POINT ( 'NONE',  ( -5.395947906330101240, 7.236351428943045505, 18.40247679378928325 ) ) ;
#5970 = DIRECTION ( 'NONE',  ( 0.000000000000000000, 1.000000000000000000, 0.000000000000000000 ) ) ;
#5971 = DIRECTION ( 'NONE',  ( -0.000000000000000000, -1.000000000000000000, -0.000000000000000000 ) ) ;
#5972 = CARTESIAN_POINT ( 'NONE',  ( -6.826909359712223235, 10.05062184932265801, 7.197451600512374981 ) ) ;
#5973 = VERTEX_POINT ( 'NONE', #1552 ) ;
#5974 = VERTEX_POINT ( 'NONE', #6000 ) ;
#5975 = CARTESIAN_POINT ( 'NONE',  ( 4.062033147274137335, 5.800000000000000711, 18.88090742590968318 ) ) ;
#5976 = CARTESIAN_POINT ( 'NONE',  ( -5.340559915217868436, 7.321993730999200700, 17.19759050979579484 ) ) ;
#5977 = DIRECTION ( 'NONE',  ( -0.000000000000000000, -1.000000000000000000, -0.000000000000000000 ) ) ;
#5978 = ADVANCED_FACE ( 'NONE', ( #3458 ), #8076, .T. ) ;
#5979 = CARTESIAN_POINT ( 'NONE',  ( -6.994617420989395207, 9.685822824897710959, 7.232928367012472215 ) ) ;
#5980 = ORIENTED_EDGE ( 'NONE', *, *, #2630, .F. ) ;
#5981 = CARTESIAN_POINT ( 'NONE',  ( 7.052832034732567479, 8.599999999999999645, 6.868885301841317848 ) ) ;
#5982 = ORIENTED_EDGE ( 'NONE', *, *, #5145, .F. ) ;
#5983 = VERTEX_POINT ( 'NONE', #3597 ) ;
#5984 = CARTESIAN_POINT ( 'NONE',  ( -2.569411764705842316, 6.000000000000000000, 16.60235294117647342 ) ) ;
#5985 = DIRECTION ( 'NONE',  ( 0.000000000000000000, 0.000000000000000000, 1.000000000000000000 ) ) ;
#5986 = EDGE_CURVE ( 'NONE', #1424, #1611, #6033, .T. ) ;
#5987 = DIRECTION ( 'NONE',  ( -1.000000000000000000, 0.000000000000000000, 0.000000000000000000 ) ) ;
#5988 = B_SPLINE_CURVE_WITH_KNOTS ( 'NONE', 3,
 ( #2929, #5428, #7941, #4810, #2302, #7326, #5665, #1300, #1341, #6945, #6826, #5709, #4472, #4966, #65, #1920, #718, #1839, #3244, #3809, #2539, #3768, #20, #1878, #2629, #5047, #5625, #5089, #6327, #7605, #6987, #7562, #6209, #4429, #672, #3851, #3201, #2583, #6286, #5585, #7482, #1216, #5752, #3157, #1969, #6903, #6366, #2499, #8136, #1178, #5008, #7439, #7519, #3691, #109, #1796, #4301, #552, #3083, #4344, #6859, #8097, #2459, #4384, #3729, #6247, #590, #1254, #3117, #633, #2752, #5956, #1384, #189, #3894, #3455, #3416, #149, #5916, #314, #3327, #6411, #5259, #4512, #759, #2709, #2666, #842, #5134, #5299, #7773, #1508, #7649, #7153, #3367, #3289, #273, #5876, #5174, #2008, #801, #3939, #5832, #4015, #5217, #7689, #6455, #5795, #1549, #2128, #232, #4551, #2049, #1427, #7192, #7073, #7730, #7029, #4059, #2091, #4596, #7115, #1470, #3976, #4633, #6532, #6496, #884, #2796, #7815, #2170, #4677, #6578, #927, #2211, #4880, #4720, #6111, #4137, #5382, #431, #354, #1013, #7933, #2882, #2957, #5419, #6154, #2920, #469, #2997, #2838, #6074, #7895, #5500, #5456, #398, #8014, #2376, #4097, #7315, #3644, #7395, #7972, #4759, #6655, #4843, #7236, #1748, #2335, #1672, #4251, #2252, #6772, #7357, #4178, #6695, #2294 ),
 .UNSPECIFIED., .T., .F.,
 ( 4, 3, 3, 3, 3, 3, 3, 3, 3, 3, 3, 3, 3, 3, 3, 3, 3, 3, 3, 3, 3, 3, 3, 3, 3, 3, 3, 3, 3, 3, 3, 3, 3, 3, 3, 3, 3, 3, 3, 3, 3, 3, 3, 3, 3, 3, 3, 3, 3, 3, 3, 3, 3, 3, 3, 3, 3, 3, 3, 4 ),
 ( 0.000000000000000000, 0.01694915254237288130, 0.03389830508474576259, 0.05084745762711864736, 0.06779661016949152519, 0.08474576271186440302, 0.1016949152542372947, 0.1186440677966101725, 0.1355932203389830504, 0.1525423728813559421, 0.1694915254237288060, 0.1864406779661016977, 0.2033898305084745894, 0.2203389830508474534, 0.2372881355932203451, 0.2542372881355932090, 0.2711864406779661008, 0.2881355932203389925, 0.3050847457627118842, 0.3220338983050847204, 0.3389830508474576121, 0.3559322033898305038, 0.3728813559322033955, 0.3898305084745762872, 0.4067796610169491789, 0.4237288135593220151, 0.4406779661016949068, 0.4576271186440677985, 0.4745762711864406902, 0.4915254237288135819, 0.5084745762711864181, 0.5254237288135593653, 0.5423728813559322015, 0.5593220338983050377, 0.5762711864406779849, 0.5932203389830508211, 0.6101694915254237683, 0.6271186440677966045, 0.6440677966101694407, 0.6610169491525423879, 0.6779661016949152241, 0.6949152542372881713, 0.7118644067796610075, 0.7288135593220338437, 0.7457627118644067910, 0.7627118644067796271, 0.7796610169491525744, 0.7966101694915254106, 0.8135593220338983578, 0.8305084745762711940, 0.8474576271186440302, 0.8644067796610169774, 0.8813559322033898136, 0.8983050847457627608, 0.9152542372881355970, 0.9322033898305084332, 0.9491525423728813804, 0.9661016949152542166, 0.9830508474576271638, 1.000000000000000000 ),
 .UNSPECIFIED. ) ;
#5989 = ADVANCED_FACE ( 'NONE', ( #6855 ), #2495, .T. ) ;
#5990 = AXIS2_PLACEMENT_3D ( 'NONE', #6372, #4837, #6231 ) ;
#5991 = CARTESIAN_POINT ( 'NONE',  ( -5.687012985425447198, 5.204811100920138323, 19.65469806288536248 ) ) ;
#5992 = CARTESIAN_POINT ( 'NONE',  ( 4.733662650386161630, 11.79414188046775713, -8.632292049503934805 ) ) ;
#5993 = ORIENTED_EDGE ( 'NONE', *, *, #2512, .T. ) ;
#5994 = CARTESIAN_POINT ( 'NONE',  ( 7.172412593883623622, 9.315537386163676103, 6.853684800310143821 ) ) ;
#5995 = VERTEX_POINT ( 'NONE', #753 ) ;
#5996 = SPHERICAL_SURFACE ( 'NONE', #5022, 0.02000000000000000042 ) ;
#5997 = DIRECTION ( 'NONE',  ( -0.000000000000000000, -1.000000000000000000, -0.000000000000000000 ) ) ;
#5998 = EDGE_CURVE ( 'NONE', #135, #3115, #3275, .T. ) ;
#5999 = CARTESIAN_POINT ( 'NONE',  ( -7.052879514259141835, 9.203175604734456172, 6.896453642327643685 ) ) ;
#6000 = CARTESIAN_POINT ( 'NONE',  ( 6.783865543779576512, 11.79999999999999716, -7.244588896819491808 ) ) ;
#6001 = AXIS2_PLACEMENT_3D ( 'NONE', #2234, #7951, #2938 ) ;
#6002 = CARTESIAN_POINT ( 'NONE',  ( 0.000000000000000000, 8.427478753541080891, 0.000000000000000000 ) ) ;
#6003 = AXIS2_PLACEMENT_3D ( 'NONE', #931, #3459, #7820 ) ;
#6004 = CARTESIAN_POINT ( 'NONE',  ( 6.752537258099279072, 10.81132123589743443, -7.164304999194810009 ) ) ;
#6006 = VERTEX_POINT ( 'NONE', #1960 ) ;
#6005 = CARTESIAN_POINT ( 'NONE',  ( -6.520862658918336052, 9.728114628182238377, 7.375807963209304319 ) ) ;
#6007 = AXIS2_PLACEMENT_3D ( 'NONE', #2036, #175, #6313 ) ;
#6008 = CYLINDRICAL_SURFACE ( 'NONE', #3974, 0.01999999999999999001 ) ;
#6009 = VERTEX_POINT ( 'NONE', #6280 ) ;
#6010 = CARTESIAN_POINT ( 'NONE',  ( -6.553315664487084469, 6.814863218596546091, 20.79605389879595734 ) ) ;
#6011 = CARTESIAN_POINT ( 'NONE',  ( 9.752705364832129575, 11.77999999999999936, 1.854518284292341113 ) ) ;
#6012 = DIRECTION ( 'NONE',  ( 0.000000000000000000, 0.000000000000000000, 1.000000000000000000 ) ) ;
#6013 = CARTESIAN_POINT ( 'NONE',  ( -6.685544080218680740, 9.168288919275045856, 7.163407104212857313 ) ) ;
#6014 = ORIENTED_EDGE ( 'NONE', *, *, #451, .F. ) ;
#6015 = ORIENTED_EDGE ( 'NONE', *, *, #4011, .F. ) ;
#6016 = VECTOR ( 'NONE', #2745, 1000.000000000000000 ) ;
#6017 = CARTESIAN_POINT ( 'NONE',  ( -7.850936421324820280, 11.77999999999999936, -3.844222412973851810 ) ) ;
#6018 = CARTESIAN_POINT ( 'NONE',  ( -5.944762878569087583, 9.743667551389703974, 8.770075143709123111 ) ) ;
#6019 = CARTESIAN_POINT ( 'NONE',  ( -4.411872446070812970, 7.123429136067808365, 18.62431398453935216 ) ) ;
#6020 = CARTESIAN_POINT ( 'NONE',  ( -2.599999999999959233, 4.000000000000000000, 16.80000000000000071 ) ) ;
#6021 = DIRECTION ( 'NONE',  ( 1.000000000000000000, 0.000000000000000000, 0.000000000000000000 ) ) ;
#6022 = ORIENTED_EDGE ( 'NONE', *, *, #3446, .T. ) ;
#6023 = VECTOR ( 'NONE', #6996, 1000.000000000000000 ) ;
#6024 = VERTEX_POINT ( 'NONE', #1916 ) ;
#6025 = CARTESIAN_POINT ( 'NONE',  ( 0.000000000000000000, 12.77999999999999936, -11.00000000000000178 ) ) ;
#6026 = EDGE_CURVE ( 'NONE', #5893, #4057, #8001, .T. ) ;
#6027 = CARTESIAN_POINT ( 'NONE',  ( -2.569411764705842316, 5.899999999999999467, 16.60235294117647342 ) ) ;
#6028 = DIRECTION ( 'NONE',  ( 0.000000000000000000, 1.000000000000000000, 0.000000000000000000 ) ) ;
#6029 = AXIS2_PLACEMENT_3D ( 'NONE', #6732, #3606, #3531 ) ;
#6030 = CARTESIAN_POINT ( 'NONE',  ( 0.000000000000000000, 7.900000000000000355, 0.000000000000000000 ) ) ;
#6031 = DIRECTION ( 'NONE',  ( -0.5877852522924685852, 0.000000000000000000, 0.8090169943749507819 ) ) ;
#6032 = CARTESIAN_POINT ( 'NONE',  ( 4.728641350681406230, 11.77999999999999936, -8.635043484350610754 ) ) ;
#6034 = CARTESIAN_POINT ( 'NONE',  ( 6.561538954936066759, 9.950294199096758163, 7.339781296519598541 ) ) ;
#6033 = CIRCLE ( 'NONE', #6426, 0.01999999999999918510 ) ;
#6035 = ORIENTED_EDGE ( 'NONE', *, *, #6397, .T. ) ;
#6036 = CARTESIAN_POINT ( 'NONE',  ( 6.565477585993056309, 9.139012576227543150, 7.203481168713754101 ) ) ;
#6037 = CARTESIAN_POINT ( 'NONE',  ( 7.095252719382647122, 9.279019851816871167, 6.927060193826663159 ) ) ;
#6038 = EDGE_CURVE ( 'NONE', #913, #5555, #6559, .T. ) ;
#6039 = EDGE_LOOP ( 'NONE', ( #1642, #3542, #6998, #249 ) ) ;
#6040 = CARTESIAN_POINT ( 'NONE',  ( 5.211487537578545215, 6.820000000000000284, 23.43858651601436094 ) ) ;
#6041 = AXIS2_PLACEMENT_3D ( 'NONE', #4411, #2486, #6929 ) ;
#6042 = CARTESIAN_POINT ( 'NONE',  ( -4.316150615086586484, 6.000000000000000000, 17.86894897461960241 ) ) ;
#6043 = CARTESIAN_POINT ( 'NONE',  ( -8.459699150651101007, 6.208584552354591501, 5.218745059510665030 ) ) ;
#6044 = CARTESIAN_POINT ( 'NONE',  ( 4.186153183016674717, 5.848755125061890325, 20.01453732863886614 ) ) ;
#6045 = B_SPLINE_CURVE_WITH_KNOTS ( 'NONE', 3,
 ( #671, #5707, #63, #8135 ),
 .UNSPECIFIED., .F., .F.,
 ( 4, 4 ),
 ( 0.000000000000000000, 0.0002263127402400407569 ),
 .UNSPECIFIED. ) ;
#6046 = TOROIDAL_SURFACE ( 'NONE', #1967, 0.04000000000000000083, 0.02000000000000000042 ) ;
#6048 = ORIENTED_EDGE ( 'NONE', *, *, #6698, .T. ) ;
#6047 = CARTESIAN_POINT ( 'NONE',  ( 4.931583965735476305, 6.802541738254452852, 21.22899448671909539 ) ) ;
#6049 = ADVANCED_FACE ( 'NONE', ( #3240 ), #5281, .T. ) ;
#6050 = EDGE_CURVE ( 'NONE', #5367, #3103, #2708, .T. ) ;
#6051 = CARTESIAN_POINT ( 'NONE',  ( -9.669879559919195344, 11.79999999999999716, 1.848635793404695971 ) ) ;
#6052 = ORIENTED_EDGE ( 'NONE', *, *, #2026, .T. ) ;
#6053 = CARTESIAN_POINT ( 'NONE',  ( 7.247146500334116226, 8.421104779352431180, 6.912362670650752605 ) ) ;
#6054 = CARTESIAN_POINT ( 'NONE',  ( 4.866749521877319573, 6.799999999999999822, 21.20375388882993661 ) ) ;
#6055 = CARTESIAN_POINT ( 'NONE',  ( -6.626040907772312138, 10.10223413157514116, 7.274059548101740269 ) ) ;
#6056 = ORIENTED_EDGE ( 'NONE', *, *, #1721, .T. ) ;
#6057 = CIRCLE ( 'NONE', #1058, 9.969999999999998863 ) ;
#6058 = ORIENTED_EDGE ( 'NONE', *, *, #4222, .T. ) ;
#6059 = CARTESIAN_POINT ( 'NONE',  ( 4.827953083600417195, 5.800000000000000711, 20.62761665256642374 ) ) ;
#6060 = CARTESIAN_POINT ( 'NONE',  ( -5.271256054450786266, 7.332215316166473151, 18.80555947608376144 ) ) ;
#6061 = CARTESIAN_POINT ( 'NONE',  ( -5.568461798486543657, 6.692497342972864693, 21.57726467754169164 ) ) ;
#6062 = DIRECTION ( 'NONE',  ( -0.000000000000000000, 1.000000000000000000, -0.000000000000000000 ) ) ;
#6063 = ORIENTED_EDGE ( 'NONE', *, *, #6375, .T. ) ;
#6064 = ORIENTED_EDGE ( 'NONE', *, *, #2067, .T. ) ;
#6065 = VERTEX_POINT ( 'NONE', #1583 ) ;
#6066 = DIRECTION ( 'NONE',  ( 0.000000000000000000, 0.000000000000000000, -1.000000000000000000 ) ) ;
#6067 = CARTESIAN_POINT ( 'NONE',  ( 7.389646018095833213, 6.980000000000000426, 22.86256345725345795 ) ) ;
#6068 = DIRECTION ( 'NONE',  ( -0.000000000000000000, -1.000000000000000000, -0.000000000000000000 ) ) ;
#6069 = CARTESIAN_POINT ( 'NONE',  ( -8.257050504521725287, 6.289325368629834045, 19.76465042700634100 ) ) ;
#6070 = CARTESIAN_POINT ( 'NONE',  ( 3.807281098712993916, 5.837859274013053934, 19.06128255560815532 ) ) ;
#6071 = ORIENTED_EDGE ( 'NONE', *, *, #2517, .F. ) ;
#6072 = CARTESIAN_POINT ( 'NONE',  ( -9.673644911948287017, -27.84586504312624911, 1.828829985957432180 ) ) ;
#6073 = EDGE_LOOP ( 'NONE', ( #1893, #2101, #3972, #373 ) ) ;
#6074 = CARTESIAN_POINT ( 'NONE',  ( 3.576549290522167190, 6.000000000000000000, 18.59870637539696858 ) ) ;
#6075 = CARTESIAN_POINT ( 'NONE',  ( -4.308657937553755701, 6.000000000000000000, 17.87557250716196577 ) ) ;
#6076 = CARTESIAN_POINT ( 'NONE',  ( -8.313910894918381089, 6.470289789845506512, 5.395202243368399486 ) ) ;
#6077 = FACE_OUTER_BOUND ( 'NONE', #5467, .T. ) ;
#6078 = CYLINDRICAL_SURFACE ( 'NONE', #2438, 27.29579865550350704 ) ;
#6079 = AXIS2_PLACEMENT_3D ( 'NONE', #3107, #3841, #6276 ) ;
#6081 = ORIENTED_EDGE ( 'NONE', *, *, #4256, .T. ) ;
#6080 = CARTESIAN_POINT ( 'NONE',  ( -5.286481844956408160, 7.335517519796718844, 18.81443379788114356 ) ) ;
#6082 = CARTESIAN_POINT ( 'NONE',  ( -7.208433261117681567, 8.309807367623406549, 6.845155146799649870 ) ) ;
#6083 = ORIENTED_EDGE ( 'NONE', *, *, #5495, .T. ) ;
#6084 = CARTESIAN_POINT ( 'NONE',  ( -4.728303581565883817, 10.81551943269443683, -8.635228473190123211 ) ) ;
#6085 = DIRECTION ( 'NONE',  ( 0.5877852522924802425, -0.000000000000000000, 0.8090169943749423442 ) ) ;
#6086 = CARTESIAN_POINT ( 'NONE',  ( 4.058144459991441799, 6.994247723533788097, 19.45535040192454090 ) ) ;
#6087 = CIRCLE ( 'NONE', #2537, 27.24579865550350632 ) ;
#6088 = ADVANCED_FACE ( 'NONE', ( #3153 ), #893, .T. ) ;
#6089 = EDGE_CURVE ( 'NONE', #2435, #1533, #2576, .T. ) ;
#6090 = CARTESIAN_POINT ( 'NONE',  ( -6.364417940595510359, 10.13961064400843881, 7.367764515145579729 ) ) ;
#6091 = ORIENTED_EDGE ( 'NONE', *, *, #2458, .F. ) ;
#6092 = TOROIDAL_SURFACE ( 'NONE', #2417, 10.98000000000000220, 0.02000000000000000042 ) ;
#6093 = VECTOR ( 'NONE', #1289, 1000.000000000000000 ) ;
#6094 = EDGE_LOOP ( 'NONE', ( #4925, #6224, #1827, #282 ) ) ;
#6095 = DIRECTION ( 'NONE',  ( -0.2588190451025150773, 0.000000000000000000, 0.9659258262890698665 ) ) ;
#6096 = CARTESIAN_POINT ( 'NONE',  ( -6.663692355297673231, 9.500000018198116791, 7.535417569517337988 ) ) ;
#6097 = CARTESIAN_POINT ( 'NONE',  ( -4.443033279308124861, 7.050214599817581806, 20.48396020443144039 ) ) ;
#6098 = EDGE_CURVE ( 'NONE', #7647, #2956, #7609, .T. ) ;
#6099 = DIRECTION ( 'NONE',  ( -0.000000000000000000, 0.000000000000000000, 1.000000000000000000 ) ) ;
#6100 = ORIENTED_EDGE ( 'NONE', *, *, #936, .T. ) ;
#6101 = EDGE_LOOP ( 'NONE', ( #5717 ) ) ;
#6102 = VERTEX_POINT ( 'NONE', #459 ) ;
#6103 = FACE_OUTER_BOUND ( 'NONE', #2392, .T. ) ;
#6104 = CARTESIAN_POINT ( 'NONE',  ( 2.313032830975961573, 6.600000000000000533, 19.79958055990334032 ) ) ;
#6105 = CARTESIAN_POINT ( 'NONE',  ( -1.275115810674805727, 11.77999999999999936, 9.888123162125719290 ) ) ;
#6106 = CARTESIAN_POINT ( 'NONE',  ( -9.798196422563385966, 11.77999999999999936, 1.842890898796250454 ) ) ;
#6107 = CARTESIAN_POINT ( 'NONE',  ( 4.789583262908868377, 5.632339245936291761, 18.37331642937026999 ) ) ;
#6108 = ORIENTED_EDGE ( 'NONE', *, *, #1623, .T. ) ;
#6109 = LINE ( 'NONE', #7392, #2353 ) ;
#6110 = EDGE_LOOP ( 'NONE', ( #6244 ) ) ;
#6111 = CARTESIAN_POINT ( 'NONE',  ( 4.276406985337331434, 6.000000000000000000, 17.90399347849580991 ) ) ;
#6112 = CIRCLE ( 'NONE', #6748, 0.04999999999999921174 ) ;
#6113 = CIRCLE ( 'NONE', #1119, 4.584519503718945899 ) ;
#6114 = CARTESIAN_POINT ( 'NONE',  ( -3.898931579867510600, 6.000000000000000000, 20.10742766457219233 ) ) ;
#6115 = CARTESIAN_POINT ( 'NONE',  ( -8.376615752245003321, 6.403701551226044231, 5.473671187006213579 ) ) ;
#6116 = CARTESIAN_POINT ( 'NONE',  ( 0.000000000000000000, 11.77999999999999936, 0.000000000000000000 ) ) ;
#6117 = CARTESIAN_POINT ( 'NONE',  ( 7.371633467975814646, 9.420629692560494206, 6.466609730663502198 ) ) ;
#6118 = B_SPLINE_CURVE_WITH_KNOTS ( 'NONE', 3,
 ( #5921, #6044, #2801, #2096, #6582, #974, #3499, #5304, #7196, #3983 ),
 .UNSPECIFIED., .F., .F.,
 ( 4, 2, 2, 2, 4 ),
 ( 0.000000000000000000, 0.0002503121257100882654, 0.0005006242514201765309, 0.0007509363771302647421, 0.001001248502840353062 ),
 .UNSPECIFIED. ) ;
#6119 = VECTOR ( 'NONE', #7175, 1000.000000000000000 ) ;
#6120 = CARTESIAN_POINT ( 'NONE',  ( 5.302418089187916017, 7.336406195167739952, 18.81109263244411878 ) ) ;
#6121 = CARTESIAN_POINT ( 'NONE',  ( -7.194467623484433361, 8.306154348071457250, 6.868466123706757465 ) ) ;
#6122 = ORIENTED_EDGE ( 'NONE', *, *, #1613, .T. ) ;
#6123 = DIRECTION ( 'NONE',  ( 0.000000000000000000, 0.000000000000000000, -1.000000000000000000 ) ) ;
#6124 = ADVANCED_FACE ( 'NONE', ( #3438 ), #4506, .T. ) ;
#6125 = CARTESIAN_POINT ( 'NONE',  ( -1.230000000000081695, 11.79999999999999716, 9.767861843822311485 ) ) ;
#6126 = CARTESIAN_POINT ( 'NONE',  ( 7.363496360961217846, 6.800000000000001599, 18.71941541483355920 ) ) ;
#6127 = CARTESIAN_POINT ( 'NONE',  ( -6.440961423339579994, 9.109723498248703422, 7.239142549930510206 ) ) ;
#6128 = AXIS2_PLACEMENT_3D ( 'NONE', #216, #744, #5863 ) ;
#6129 = CARTESIAN_POINT ( 'NONE',  ( -7.136275710937418637, 8.377266658801596932, 6.782152606472712009 ) ) ;
#6130 = ORIENTED_EDGE ( 'NONE', *, *, #5532, .T. ) ;
#6131 = ADVANCED_FACE ( 'NONE', ( #1378 ), #5939, .T. ) ;
#6132 = ORIENTED_EDGE ( 'NONE', *, *, #3284, .F. ) ;
#6133 = EDGE_CURVE ( 'NONE', #3253, #1454, #7643, .T. ) ;
#6134 = CARTESIAN_POINT ( 'NONE',  ( 6.293234056560618406, 11.79999999999999716, -6.569292588197426674 ) ) ;
#6135 = CYLINDRICAL_SURFACE ( 'NONE', #2369, 0.5000000000000004441 ) ;
#6136 = CARTESIAN_POINT ( 'NONE',  ( -5.737949580149537709, 7.210105942495944831, 20.51783389648640821 ) ) ;
#6137 = CARTESIAN_POINT ( 'NONE',  ( 9.672250599690636719, 11.79555664201516407, 1.836189896711535763 ) ) ;
#6138 = ORIENTED_EDGE ( 'NONE', *, *, #1568, .F. ) ;
#6139 = EDGE_LOOP ( 'NONE', ( #6198 ) ) ;
#6140 = AXIS2_PLACEMENT_3D ( 'NONE', #6289, #5050, #7522 ) ;
#6141 = VERTEX_POINT ( 'NONE', #4829 ) ;
#6142 = CIRCLE ( 'NONE', #92, 0.01999999999999929265 ) ;
#6143 = EDGE_CURVE ( 'NONE', #1862, #803, #3889, .T. ) ;
#6144 = DIRECTION ( 'NONE',  ( 0.000000000000000000, 0.000000000000000000, -1.000000000000000000 ) ) ;
#6145 = CARTESIAN_POINT ( 'NONE',  ( 6.829954775867876471, 0.000000000000000000, -7.235621449440234443 ) ) ;
#6146 = DIRECTION ( 'NONE',  ( -0.8090169943749423442, 0.000000000000000000, 0.5877852522924802425 ) ) ;
#6147 = DIRECTION ( 'NONE',  ( 0.000000000000000000, 1.000000000000000000, 0.000000000000000000 ) ) ;
#6148 = AXIS2_PLACEMENT_3D ( 'NONE', #643, #157, #1929 ) ;
#6149 = DIRECTION ( 'NONE',  ( 0.000000000000000000, 1.000000000000000000, 0.000000000000000000 ) ) ;
#6150 = ORIENTED_EDGE ( 'NONE', *, *, #5933, .F. ) ;
#6151 = CARTESIAN_POINT ( 'NONE',  ( 0.000000000000000000, 0.2000000000000000111, 0.000000000000000000 ) ) ;
#6152 = ORIENTED_EDGE ( 'NONE', *, *, #1576, .T. ) ;
#6153 = TOROIDAL_SURFACE ( 'NONE', #6814, 9.930000000000001492, 0.02000000000000000042 ) ;
#6154 = CARTESIAN_POINT ( 'NONE',  ( 4.047072524727050258, 6.000000000000000000, 18.10245837506414901 ) ) ;
#6155 = CARTESIAN_POINT ( 'NONE',  ( -5.365256635706949773, 7.314022885132271057, 18.68574359434138898 ) ) ;
#6156 = CARTESIAN_POINT ( 'NONE',  ( -3.909262926008359340, 6.000000000000000000, 20.12555226723385360 ) ) ;
#6157 = CIRCLE ( 'NONE', #5106, 0.4000000000000010214 ) ;
#6158 = VECTOR ( 'NONE', #7897, 1000.000000000000000 ) ;
#6159 = CARTESIAN_POINT ( 'NONE',  ( -7.113308241454178393, 8.506337453288335126, 6.928781919289829894 ) ) ;
#6160 = CARTESIAN_POINT ( 'NONE',  ( -6.816226223554679109, 11.77999999999999936, -7.221077486727694783 ) ) ;
#6161 = CARTESIAN_POINT ( 'NONE',  ( 7.424212698996517368, 9.686012656646331820, 6.440700865904553041 ) ) ;
#6162 = ORIENTED_EDGE ( 'NONE', *, *, #7596, .T. ) ;
#6163 = CARTESIAN_POINT ( 'NONE',  ( -5.278149558290166077, 7.334019031161834512, 18.81108629567392398 ) ) ;
#6164 = TOROIDAL_SURFACE ( 'NONE', #2622, 0.2000000000000000111, 0.1000000000000000056 ) ;
#6165 = PRODUCT ( 'TEAX19C01-8 Space Model', 'TEAX19C01-8 Space Model', '', ( #1856 ) ) ;
#6166 = CARTESIAN_POINT ( 'NONE',  ( -9.672834513038070625, 11.79241813863553645, 1.833111421432962906 ) ) ;
#6167 = EDGE_LOOP ( 'NONE', ( #7018, #3278, #3711, #6974 ) ) ;
#6168 = CARTESIAN_POINT ( 'NONE',  ( -1.270000000000081730, 10.81999999999999851, 0.000000000000000000 ) ) ;
#6169 = CARTESIAN_POINT ( 'NONE',  ( 0.000000000000000000, 3.900000000000000355, 0.000000000000000000 ) ) ;
#6170 = FACE_BOUND ( 'NONE', #2301, .T. ) ;
#6171 = AXIS2_PLACEMENT_3D ( 'NONE', #4907, #1943, #7421 ) ;
#6172 = DIRECTION ( 'NONE',  ( -0.000000000000000000, -1.000000000000000000, -0.000000000000000000 ) ) ;
#6173 = EDGE_CURVE ( 'NONE', #566, #1372, #6564, .T. ) ;
#6174 = DIRECTION ( 'NONE',  ( -0.000000000000000000, -1.000000000000000000, -0.000000000000000000 ) ) ;
#6175 = CARTESIAN_POINT ( 'NONE',  ( -8.973982539007158366, 10.81999999999999851, 4.251180705356414791 ) ) ;
#6176 = ORIENTED_EDGE ( 'NONE', *, *, #527, .T. ) ;
#6177 = VERTEX_POINT ( 'NONE', #292 ) ;
#6178 = AXIS2_PLACEMENT_3D ( 'NONE', #1443, #5971, #3510 ) ;
#6179 = CARTESIAN_POINT ( 'NONE',  ( 2.499999999999963585, 5.899999999999999467, 16.80000000000000071 ) ) ;
#6180 = DIRECTION ( 'NONE',  ( 0.000000000000000000, -1.000000000000000000, 0.000000000000000000 ) ) ;
#6181 = FACE_OUTER_BOUND ( 'NONE', #1868, .T. ) ;
#6182 = ADVANCED_FACE ( 'NONE', ( #2776 ), #1530, .T. ) ;
#6183 = ORIENTED_EDGE ( 'NONE', *, *, #7403, .T. ) ;
#6184 = ORIENTED_EDGE ( 'NONE', *, *, #3161, .T. ) ;
#6185 = VERTEX_POINT ( 'NONE', #4985 ) ;
#6186 = CARTESIAN_POINT ( 'NONE',  ( -6.492818480884908539, 7.000000000000055067, 20.41860352370454024 ) ) ;
#6187 = DIRECTION ( 'NONE',  ( 0.000000000000000000, 0.000000000000000000, 1.000000000000000000 ) ) ;
#6188 = AXIS2_PLACEMENT_3D ( 'NONE', #6160, #6204, #2339 ) ;
#6189 = CARTESIAN_POINT ( 'NONE',  ( 4.104879137443087522, 6.999999999999589662, 19.58820239487179293 ) ) ;
#6190 = DIRECTION ( 'NONE',  ( -0.9827679460946221468, 0.000000000000000000, 0.1848436207418521771 ) ) ;
#6191 = EDGE_CURVE ( 'NONE', #2548, #3322, #6961, .T. ) ;
#6192 = B_SPLINE_CURVE_WITH_KNOTS ( 'NONE', 3,
 ( #4794, #1706, #7306, #6688 ),
 .UNSPECIFIED., .F., .F.,
 ( 4, 4 ),
 ( 0.000000000000000000, 0.0004807365403092798473 ),
 .UNSPECIFIED. ) ;
#6193 = CARTESIAN_POINT ( 'NONE',  ( -6.424821642706378455, 6.820000000000000284, 23.57836966310849292 ) ) ;
#6194 = EDGE_CURVE ( 'NONE', #7801, #1682, #3283, .T. ) ;
#6195 = CARTESIAN_POINT ( 'NONE',  ( 7.136275710941285766, 8.377266658801593380, 6.782152606468653033 ) ) ;
#6196 = EDGE_LOOP ( 'NONE', ( #2977, #951, #6933, #523 ) ) ;
#6197 = DIRECTION ( 'NONE',  ( 0.000000000000000000, 1.000000000000000000, 0.000000000000000000 ) ) ;
#6198 = ORIENTED_EDGE ( 'NONE', *, *, #7863, .F. ) ;
#6199 = LINE ( 'NONE', #509, #3480 ) ;
#6200 = APPLICATION_CONTEXT ( 'automotive_design' ) ;
#6201 = CARTESIAN_POINT ( 'NONE',  ( -5.353092884179767807, 7.189757009005536048, 18.26884615810860879 ) ) ;
#6202 = CARTESIAN_POINT ( 'NONE',  ( -4.553967655621870669, 6.000000000000000000, 17.66104719293608838 ) ) ;
#6203 = CARTESIAN_POINT ( 'NONE',  ( -7.112831945748592233, 8.599999999999999645, 6.928781967098553096 ) ) ;
#6204 = DIRECTION ( 'NONE',  ( -0.000000000000000000, -1.000000000000000000, -0.000000000000000000 ) ) ;
#6205 = EDGE_CURVE ( 'NONE', #6207, #3389, #4319, .T. ) ;
#6206 = CARTESIAN_POINT ( 'NONE',  ( 6.943071066330673169, 10.34622253542503323, 6.814261445850562815 ) ) ;
#6207 = VERTEX_POINT ( 'NONE', #2906 ) ;
#6208 = CARTESIAN_POINT ( 'NONE',  ( 9.798196422563412611, 11.77999999999999936, 1.842890898796110788 ) ) ;
#6209 = CARTESIAN_POINT ( 'NONE',  ( 7.430938635271917114, 6.000000000000000000, 19.93119009069630110 ) ) ;
#6210 = VERTEX_POINT ( 'NONE', #1617 ) ;
#6211 = CARTESIAN_POINT ( 'NONE',  ( -4.303052250398223144, 11.79999999999999716, -8.015244308836932063 ) ) ;
#6212 = DIRECTION ( 'NONE',  ( 0.000000000000000000, 0.000000000000000000, 1.000000000000000000 ) ) ;
#6213 = CARTESIAN_POINT ( 'NONE',  ( 4.482142968008507644, 6.799999999999998934, 17.72885779688543195 ) ) ;
#6214 = VECTOR ( 'NONE', #4148, 1000.000000000000000 ) ;
#6215 = ADVANCED_FACE ( 'NONE', ( #3478 ), #4744, .T. ) ;
#6216 = CARTESIAN_POINT ( 'NONE',  ( 4.827953083600417195, 5.800000000000000711, 20.62761665256642374 ) ) ;
#6217 = DIRECTION ( 'NONE',  ( -0.000000000000000000, -1.000000000000000000, -0.000000000000000000 ) ) ;
#6218 = ORIENTED_EDGE ( 'NONE', *, *, #3568, .T. ) ;
#6219 = AXIS2_PLACEMENT_3D ( 'NONE', #6106, #2914, #6190 ) ;
#6220 = DIRECTION ( 'NONE',  ( 0.2124606260634139265, 0.000000000000000000, 0.9771696282492319252 ) ) ;
#6221 = CARTESIAN_POINT ( 'NONE',  ( -8.901102426010840674, 11.77999999999999936, 4.206471276695465278 ) ) ;
#6222 = CARTESIAN_POINT ( 'NONE',  ( 6.738742655239544632, 11.79982368121208047, -7.177281843770587422 ) ) ;
#6223 = CIRCLE ( 'NONE', #825, 0.8999999999999999112 ) ;
#6224 = ORIENTED_EDGE ( 'NONE', *, *, #1412, .F. ) ;
#6225 = CARTESIAN_POINT ( 'NONE',  ( 6.013854032626828605, 6.490909366385459123, 16.56167364260607044 ) ) ;
#6226 = ADVANCED_FACE ( 'NONE', ( #7917 ), #6164, .T. ) ;
#6227 = CARTESIAN_POINT ( 'NONE',  ( 6.515052400012065092, 6.979999999999998650, 20.45037550259745629 ) ) ;
#6228 = VECTOR ( 'NONE', #7551, 1000.000000000000000 ) ;
#6229 = CARTESIAN_POINT ( 'NONE',  ( 0.6570922415819607787, 6.820000000000000284, 22.91389368417637940 ) ) ;
#6230 = DIRECTION ( 'NONE',  ( 0.000000000000000000, 0.000000000000000000, 1.000000000000000000 ) ) ;
#6231 = DIRECTION ( 'NONE',  ( 0.2588190451025151329, 0.000000000000000000, 0.9659258262890697555 ) ) ;
#6232 = ORIENTED_EDGE ( 'NONE', *, *, #3817, .T. ) ;
#6233 = ORIENTED_EDGE ( 'NONE', *, *, #6494, .T. ) ;
#6234 = ORIENTED_EDGE ( 'NONE', *, *, #3284, .T. ) ;
#6235 = DIRECTION ( 'NONE',  ( -0.9820588696906380477, 0.000000000000000000, -0.1885745912416263159 ) ) ;
#6236 = ORIENTED_EDGE ( 'NONE', *, *, #3863, .T. ) ;
#6237 = DIRECTION ( 'NONE',  ( -0.7271981356221348669, 0.000000000000000000, -0.6864276156651124561 ) ) ;
#6238 = ADVANCED_FACE ( 'NONE', ( #2237 ), #5509, .T. ) ;
#6239 = EDGE_CURVE ( 'NONE', #7799, #2609, #503, .T. ) ;
#6240 = CARTESIAN_POINT ( 'NONE',  ( -7.046374698483342414, 6.000000000000000000, 18.17229321637168482 ) ) ;
#6241 = CARTESIAN_POINT ( 'NONE',  ( -8.232276285542896588, 6.382106980101955429, 5.387026251490114603 ) ) ;
#6242 = FACE_OUTER_BOUND ( 'NONE', #7520, .T. ) ;
#6243 = CARTESIAN_POINT ( 'NONE',  ( 7.384209873469433028, 9.514413429161951541, 6.513135051841160816 ) ) ;
#6244 = ORIENTED_EDGE ( 'NONE', *, *, #413, .F. ) ;
#6245 = DIRECTION ( 'NONE',  ( 0.6864276156651136773, 0.000000000000000000, 0.7271981356221334236 ) ) ;
#6246 = VECTOR ( 'NONE', #4191, 1000.000000000000000 ) ;
#6247 = CARTESIAN_POINT ( 'NONE',  ( 7.269104616682813713, 6.000000000000000000, 18.53256938811102117 ) ) ;
#6248 = ADVANCED_FACE ( 'NONE', ( #5965 ), #7224, .T. ) ;
#6249 = ORIENTED_EDGE ( 'NONE', *, *, #2420, .T. ) ;
#6250 = CARTESIAN_POINT ( 'NONE',  ( -2.939133998076038701, 6.600000000000000533, 19.79958055990334032 ) ) ;
#6251 = CARTESIAN_POINT ( 'NONE',  ( 5.356844766462551810, 6.800000000000000711, 17.27641202442313073 ) ) ;
#6252 = CARTESIAN_POINT ( 'NONE',  ( 3.323032830975961804, 6.600000000000000533, 19.79958055990334032 ) ) ;
#6253 = CARTESIAN_POINT ( 'NONE',  ( 1.230000000000081695, 11.77999999999999936, 0.000000000000000000 ) ) ;
#6254 = CIRCLE ( 'NONE', #2183, 4.604519503718790929 ) ;
#6255 = ORIENTED_EDGE ( 'NONE', *, *, #357, .T. ) ;
#6256 = EDGE_LOOP ( 'NONE', ( #5323, #4302, #7164, #5151, #1986, #591, #1995, #1167, #1203, #3587 ) ) ;
#6257 = DIRECTION ( 'NONE',  ( 0.000000000000000000, 0.000000000000000000, -1.000000000000000000 ) ) ;
#6258 = AXIS2_PLACEMENT_3D ( 'NONE', #1120, #499, #4945 ) ;
#6259 = CARTESIAN_POINT ( 'NONE',  ( 6.750903519527122754, 11.78448080680738208, -7.165844487132370766 ) ) ;
#6260 = EDGE_LOOP ( 'NONE', ( #3102, #1561, #56, #843, #2936, #6048, #6586, #6708, #6058, #6083, #6377, #1287 ) ) ;
#6261 = DIRECTION ( 'NONE',  ( 1.000000000000000000, 0.000000000000000000, 0.000000000000000000 ) ) ;
#6262 = AXIS2_PLACEMENT_3D ( 'NONE', #5301, #5997, #4721 ) ;
#6263 = CARTESIAN_POINT ( 'NONE',  ( 3.558981856588974146, 6.848692902189974951, 19.22161359646673873 ) ) ;
#6264 = CARTESIAN_POINT ( 'NONE',  ( 6.424821642706382008, 7.000000000000000000, 23.57836966310849647 ) ) ;
#6265 = CARTESIAN_POINT ( 'NONE',  ( 2.599999999999963229, 4.000000000000000000, 16.80000000000000071 ) ) ;
#6266 = CARTESIAN_POINT ( 'NONE',  ( -8.900331550758529886, 10.81143326696420282, 4.208102266461621888 ) ) ;
#6267 = CARTESIAN_POINT ( 'NONE',  ( 8.257050504521725287, 6.289325368629834045, 19.76465042700634100 ) ) ;
#6268 = EDGE_LOOP ( 'NONE', ( #6400, #7343, #2568 ) ) ;
#6269 = PRODUCT_DEFINITION_FORMATION_WITH_SPECIFIED_SOURCE ( 'ANY', '', #6165, .NOT_KNOWN. ) ;
#6270 = DIRECTION ( 'NONE',  ( -1.297293286543607101E-16, 0.000000000000000000, -1.000000000000000000 ) ) ;
#6271 = EDGE_CURVE ( 'NONE', #4446, #4446, #4447, .T. ) ;
#6272 = VERTEX_POINT ( 'NONE', #7698 ) ;
#6273 = ORIENTED_EDGE ( 'NONE', *, *, #3934, .F. ) ;
#6274 = FACE_OUTER_BOUND ( 'NONE', #1169, .T. ) ;
#6275 = ORIENTED_EDGE ( 'NONE', *, *, #7350, .T. ) ;
#6276 = DIRECTION ( 'NONE',  ( 0.000000000000000000, 0.000000000000000000, 1.000000000000000000 ) ) ;
#6277 = LINE ( 'NONE', #3802, #6621 ) ;
#6278 = VECTOR ( 'NONE', #2220, 1000.000000000000000 ) ;
#6279 = CARTESIAN_POINT ( 'NONE',  ( -7.201829514117565445, 6.000000000000000000, 18.41285446629266076 ) ) ;
#6280 = CARTESIAN_POINT ( 'NONE',  ( -4.777503397729691237, 11.77999999999999936, -8.702296322504841086 ) ) ;
#6281 = LINE ( 'NONE', #1917, #6714 ) ;
#6282 = CARTESIAN_POINT ( 'NONE',  ( 7.409719255639153346, 9.450480339130246321, 6.340786894473533941 ) ) ;
#6283 = EDGE_CURVE ( 'NONE', #1533, #4584, #5351, .T. ) ;
#6284 = LINE ( 'NONE', #4343, #622 ) ;
#6285 = VECTOR ( 'NONE', #8096, 1000.000000000000000 ) ;
#6286 = CARTESIAN_POINT ( 'NONE',  ( 7.445892071991321082, 6.000000000000000000, 19.89749178968964216 ) ) ;
#6287 = EDGE_LOOP ( 'NONE', ( #2516, #7112, #5337, #5654 ) ) ;
#6288 = CARTESIAN_POINT ( 'NONE',  ( 6.424821642706382008, 6.980000000000000426, 23.57836966310849647 ) ) ;
#6289 = CARTESIAN_POINT ( 'NONE',  ( -4.761323057842192341, 10.81999999999999851, -8.714052027550691193 ) ) ;
#6290 = CARTESIAN_POINT ( 'NONE',  ( 7.459585668853947027, 6.800000000000003375, 19.86433971057394388 ) ) ;
#6291 = DIRECTION ( 'NONE',  ( 0.9510565162951499785, 0.000000000000000000, -0.3090169943749581649 ) ) ;
#6292 = CIRCLE ( 'NONE', #4842, 4.604519503718944584 ) ;
#6293 = DIRECTION ( 'NONE',  ( 0.8031104691132103790, 0.000000000000000000, -0.5958301556658232023 ) ) ;
#6294 = EDGE_CURVE ( 'NONE', #1099, #7091, #7245, .T. ) ;
#6295 = AXIS2_PLACEMENT_3D ( 'NONE', #5043, #710, #1293 ) ;
#6296 = ADVANCED_FACE ( 'NONE', ( #2848 ), #1959, .T. ) ;
#6297 = DIRECTION ( 'NONE',  ( 0.000000000000000000, 0.000000000000000000, 1.000000000000000000 ) ) ;
#6298 = ORIENTED_EDGE ( 'NONE', *, *, #5773, .T. ) ;
#6299 = ORIENTED_EDGE ( 'NONE', *, *, #2254, .F. ) ;
#6300 = CARTESIAN_POINT ( 'NONE',  ( -9.770912265583682199, 10.80652837760794860, 1.851477198828300308 ) ) ;
#6301 = CARTESIAN_POINT ( 'NONE',  ( 7.067283395038049143, 8.137859742263886531, 6.855777449222606457 ) ) ;
#6302 = CIRCLE ( 'NONE', #3419, 2.299999999999999822 ) ;
#6303 = DIRECTION ( 'NONE',  ( 0.000000000000000000, 1.508668595729381755E-15, 1.000000000000000000 ) ) ;
#6304 = CARTESIAN_POINT ( 'NONE',  ( 6.687618561451294852, 9.669174555087522549, 7.338016275194299887 ) ) ;
#6305 = AXIS2_PLACEMENT_3D ( 'NONE', #246, #776, #6510 ) ;
#6306 = ORIENTED_EDGE ( 'NONE', *, *, #3374, .T. ) ;
#6307 = CARTESIAN_POINT ( 'NONE',  ( -4.267895355465728180, 6.999999999998761879, 19.95793915634442683 ) ) ;
#6308 = LINE ( 'NONE', #2441, #4862 ) ;
#6309 = CARTESIAN_POINT ( 'NONE',  ( -8.898655694760261525, 10.80586096905066462, 4.211645158640790143 ) ) ;
#6310 = ADVANCED_FACE ( 'NONE', ( #2136 ), #240, .F. ) ;
#6311 = DIRECTION ( 'NONE',  ( -1.000000000000000000, 0.000000000000000000, 0.000000000000000000 ) ) ;
#6312 = ORIENTED_EDGE ( 'NONE', *, *, #7239, .F. ) ;
#6313 = DIRECTION ( 'NONE',  ( 0.000000000000000000, 0.000000000000000000, 1.000000000000000000 ) ) ;
#6314 = CARTESIAN_POINT ( 'NONE',  ( 8.980162878894716982, 11.77999999999999936, 4.232159575030384424 ) ) ;
#6315 = EDGE_LOOP ( 'NONE', ( #5539, #1107, #7625, #607 ) ) ;
#6316 = ORIENTED_EDGE ( 'NONE', *, *, #5675, .F. ) ;
#6317 = PLANE ( 'NONE',  #4958 ) ;
#6318 = ORIENTED_EDGE ( 'NONE', *, *, #5329, .F. ) ;
#6319 = AXIS2_PLACEMENT_3D ( 'NONE', #3847, #142, #105 ) ;
#6320 = DIRECTION ( 'NONE',  ( -0.9934291461301871795, 0.000000000000000000, -0.1144488165908546656 ) ) ;
#6321 = CARTESIAN_POINT ( 'NONE',  ( -2.939133998076038701, 6.800000000000000711, 20.22958055990334003 ) ) ;
#6322 = CARTESIAN_POINT ( 'NONE',  ( -4.853666067458907385, 6.000000000000000000, 17.42430993082894020 ) ) ;
#6323 = DIRECTION ( 'NONE',  ( 0.000000000000000000, 1.000000000000000000, 0.000000000000000000 ) ) ;
#6324 = CARTESIAN_POINT ( 'NONE',  ( -9.778541063641494446, 0.000000000000000000, 1.839194026381413494 ) ) ;
#6325 = CARTESIAN_POINT ( 'NONE',  ( 6.677636049244186189, 10.00639109388933967, 7.290357642077894162 ) ) ;
#6326 = DIRECTION ( 'NONE',  ( -0.8090169943749492276, 0.000000000000000000, 0.5877852522924705836 ) ) ;
#6327 = CARTESIAN_POINT ( 'NONE',  ( 7.399895625002062438, 6.000000000000000000, 19.99265149934026908 ) ) ;
#6328 = ORIENTED_EDGE ( 'NONE', *, *, #6751, .F. ) ;
#6329 = CARTESIAN_POINT ( 'NONE',  ( -5.384183213263383116, 6.800000000000001599, 17.27343525796358392 ) ) ;
#6330 = CARTESIAN_POINT ( 'NONE',  ( 4.761323057842065332, 0.000000000000000000, -8.714052027550760471 ) ) ;
#6331 = CARTESIAN_POINT ( 'NONE',  ( 8.902963364151471382, 11.79241813863553645, 4.202531182107416718 ) ) ;
#6332 = CARTESIAN_POINT ( 'NONE',  ( 1.250161680536381326, 10.79999999999999893, 9.850989583413356954 ) ) ;
#6333 = CARTESIAN_POINT ( 'NONE',  ( -4.305293461728360249, 6.970489281293553496, 20.13748468381273327 ) ) ;
#6334 = DIRECTION ( 'NONE',  ( 0.2124606260634139265, 0.000000000000000000, 0.9771696282492319252 ) ) ;
#6335 = EDGE_LOOP ( 'NONE', ( #6643, #2797, #5056, #1829 ) ) ;
#6336 = EDGE_LOOP ( 'NONE', ( #2983, #3128, #2322, #219 ) ) ;
#6337 = CARTESIAN_POINT ( 'NONE',  ( 5.184077426209861450, 7.427647246794453650, 18.80555947608375789 ) ) ;
#6338 = EDGE_CURVE ( 'NONE', #5175, #6592, #7358, .T. ) ;
#6339 = CARTESIAN_POINT ( 'NONE',  ( 7.113308241454178393, 8.506337453288335126, 6.928781919289829894 ) ) ;
#6340 = EDGE_CURVE ( 'NONE', #5244, #350, #4670, .T. ) ;
#6341 = CARTESIAN_POINT ( 'NONE',  ( -2.509133998076038541, 6.800000000000000711, 19.79958055990334032 ) ) ;
#6342 = CARTESIAN_POINT ( 'NONE',  ( -7.245844614140533935, 10.35519412747539469, 6.507077972751989847 ) ) ;
#6343 = AXIS2_PLACEMENT_3D ( 'NONE', #3547, #2266, #326 ) ;
#6344 = ORIENTED_EDGE ( 'NONE', *, *, #7144, .T. ) ;
#6345 = APPLICATION_PROTOCOL_DEFINITION ( 'draft international standard', 'automotive_design', 1998, #6200 ) ;
#6346 = CARTESIAN_POINT ( 'NONE',  ( 6.640386855137934141, 6.995918010550294497, 18.00436666529886764 ) ) ;
#6347 = ADVANCED_FACE ( 'NONE', ( #4731, #811 ), #6429, .T. ) ;
#6348 = CARTESIAN_POINT ( 'NONE',  ( -4.071272956166396284, 7.000000000133216993, 19.45179810920150132 ) ) ;
#6349 = DIRECTION ( 'NONE',  ( 0.000000000000000000, 1.000000000000000000, 0.000000000000000000 ) ) ;
#6350 = AXIS2_PLACEMENT_3D ( 'NONE', #1662, #6028, #4243 ) ;
#6351 = CARTESIAN_POINT ( 'NONE',  ( 5.687012985425447198, 5.204811100920138323, 19.65469806288536248 ) ) ;
#6352 = ORIENTED_EDGE ( 'NONE', *, *, #6549, .T. ) ;
#6353 = CARTESIAN_POINT ( 'NONE',  ( -0.6570922415819573370, 7.000000000000000000, 22.91389368417637940 ) ) ;
#6354 = CARTESIAN_POINT ( 'NONE',  ( 7.155163069842688905, 8.366806859044487510, 6.781628231933461315 ) ) ;
#6355 = ORIENTED_EDGE ( 'NONE', *, *, #1896, .F. ) ;
#6356 = CARTESIAN_POINT ( 'NONE',  ( -1.270000000000081730, 10.79999999999999893, 9.848451654955706402 ) ) ;
#6357 = ORIENTED_EDGE ( 'NONE', *, *, #3816, .T. ) ;
#6358 = AXIS2_PLACEMENT_3D ( 'NONE', #7008, #6968, #3706 ) ;
#6359 = AXIS2_PLACEMENT_3D ( 'NONE', #1998, #4502, #7021 ) ;
#6360 = CARTESIAN_POINT ( 'NONE',  ( -8.902888115638733169, 11.79240105006936012, 4.202690759695093980 ) ) ;
#6361 = DIRECTION ( 'NONE',  ( 0.000000000000000000, 0.000000000000000000, 1.000000000000000000 ) ) ;
#6362 = CARTESIAN_POINT ( 'NONE',  ( -4.627208353324608225, 6.000000000000000000, 17.60146021808905203 ) ) ;
#6363 = DIRECTION ( 'NONE',  ( 0.000000000000000000, 0.000000000000000000, -1.000000000000000000 ) ) ;
#6364 = CARTESIAN_POINT ( 'NONE',  ( 7.013715371731084502, 9.998969320429374363, 7.106898098421586596 ) ) ;
#6365 = DIRECTION ( 'NONE',  ( 0.000000000000000000, 1.000000000000000000, 0.000000000000000000 ) ) ;
#6366 = CARTESIAN_POINT ( 'NONE',  ( 7.520195874094032007, 6.000000000000000000, 19.30440306109049686 ) ) ;
#6367 = EDGE_LOOP ( 'NONE', ( #1312, #2857, #2263 ) ) ;
#6368 = CARTESIAN_POINT ( 'NONE',  ( -7.430659440511564462, 6.800000000000002487, 19.93215598846933645 ) ) ;
#6369 = FACE_OUTER_BOUND ( 'NONE', #4385, .T. ) ;
#6370 = LINE ( 'NONE', #5051, #5107 ) ;
#6371 = DIRECTION ( 'NONE',  ( 8.881784197001252323E-16, 0.000000000000000000, 1.000000000000000000 ) ) ;
#6372 = CARTESIAN_POINT ( 'NONE',  ( 3.781316359474297339, 5.800000000000000711, 18.50366573440388862 ) ) ;
#6373 = FACE_OUTER_BOUND ( 'NONE', #7979, .T. ) ;
#6374 = DIRECTION ( 'NONE',  ( -0.000000000000000000, -1.000000000000000000, -0.000000000000000000 ) ) ;
#6375 = EDGE_CURVE ( 'NONE', #4797, #7618, #7163, .T. ) ;
#6376 = ORIENTED_EDGE ( 'NONE', *, *, #5584, .F. ) ;
#6377 = ORIENTED_EDGE ( 'NONE', *, *, #3113, .T. ) ;
#6378 = CARTESIAN_POINT ( 'NONE',  ( 5.379363831155404618, 7.316079911888024867, 17.99060525929019505 ) ) ;
#6379 = CARTESIAN_POINT ( 'NONE',  ( 7.497947109794030673, 7.388977180670325495, 6.501452261426528878 ) ) ;
#6380 = CARTESIAN_POINT ( 'NONE',  ( -1.270000000000081730, 10.79999999999999893, 9.762741674345370768 ) ) ;
#6381 = AXIS2_PLACEMENT_3D ( 'NONE', #8043, #6809, #572 ) ;
#6382 = AXIS2_PLACEMENT_3D ( 'NONE', #2167, #5951, #308 ) ;
#6383 = CARTESIAN_POINT ( 'NONE',  ( 6.709482747632264044, 9.642055740555381504, 7.331676291052996675 ) ) ;
#6384 = AXIS2_PLACEMENT_3D ( 'NONE', #6168, #3048, #4891 ) ;
#6385 = EDGE_CURVE ( 'NONE', #5256, #6533, #5383, .T. ) ;
#6386 = ORIENTED_EDGE ( 'NONE', *, *, #2880, .T. ) ;
#6387 = CARTESIAN_POINT ( 'NONE',  ( 6.455879743986405295, 6.672065556055636115, 17.19284694658844614 ) ) ;
#6388 = CIRCLE ( 'NONE', #74, 1.221359479792052838 ) ;
#6389 = CARTESIAN_POINT ( 'NONE',  ( 6.497052938144876499, 6.999535452324109563, 20.41629055920107660 ) ) ;
#6390 = AXIS2_PLACEMENT_3D ( 'NONE', #4530, #1446, #4489 ) ;
#6391 = CARTESIAN_POINT ( 'NONE',  ( -0.6570922415819573370, 6.980000000000000426, 22.91389368417637940 ) ) ;
#6392 = DIRECTION ( 'NONE',  ( -0.000000000000000000, 1.000000000000000000, -0.000000000000000000 ) ) ;
#6393 = CARTESIAN_POINT ( 'NONE',  ( 7.102296505608281407, 5.815425295827558294, 18.66348868109033887 ) ) ;
#6394 = EDGE_LOOP ( 'NONE', ( #7324 ) ) ;
#6395 = CARTESIAN_POINT ( 'NONE',  ( -6.535706933928389972, 6.876869832193024834, 20.67632616364302933 ) ) ;
#6396 = AXIS2_PLACEMENT_3D ( 'NONE', #2610, #7716, #2693 ) ;
#6397 = EDGE_CURVE ( 'NONE', #5130, #1352, #1824, .T. ) ;
#6398 = FACE_OUTER_BOUND ( 'NONE', #3692, .T. ) ;
#6399 = ORIENTED_EDGE ( 'NONE', *, *, #7040, .F. ) ;
#6400 = ORIENTED_EDGE ( 'NONE', *, *, #30, .T. ) ;
#6401 =( BOUNDED_SURFACE ( )  B_SPLINE_SURFACE ( 3, 3, ( 
 ( #2393, #4899, #7416, #2679, #1354, #3214, #7620, #5058, #5229, #3300, #7041, #77, #7573, #5102 ),
 ( #3823, #3988, #7744, #646, #1981, #1396, #729, #4484, #2102, #5187, #2722, #3866, #5719, #6337 ),
 ( #5764, #687, #6423, #3255, #3170, #122, #3949, #6467, #202, #3905, #5147, #4608, #2594, #7125 ),
 ( #6999, #2550, #7700, #5806, #1481, #4441, #5677, #4522, #1440, #2640, #6378, #2023, #35, #1313 ),
 ( #1932, #7661, #6959, #3341, #5846, #773, #160, #813, #2061, #4563, #7085, #7247, #1522, #325 ),
 ( #5271, #7166, #3382, #2851, #6667, #6508, #4733, #5311, #4069, #7826, #4770, #5394, #2226, #2765 ),
 ( #6546, #4029, #4649, #5355, #898, #1563, #3428, #1605, #7431, #1130, #4109, #2894, #4919, #7905 ) ),
 .UNSPECIFIED., .T., .F., .F. ) 
 B_SPLINE_SURFACE_WITH_KNOTS ( ( 4, 3, 4 ),
 ( 4, 2, 2, 2, 2, 2, 4 ),
 ( 0.000000000000000000, 0.5000000000000000000, 1.000000000000000000 ),
 ( 0.000000000000000000, 0.3070086783423210397, 0.6140173566846420794, 0.7854570399214941823, 0.8711768815399202337, 0.9140368023491332039, 0.9568967231583462851 ),
 .UNSPECIFIED. ) 
 GEOMETRIC_REPRESENTATION_ITEM ( )  RATIONAL_B_SPLINE_SURFACE ( (
 ( 1.000000000000000000, 1.000000000000000000, 1.000000000000000000, 1.000000000000000000, 1.000000000000000000, 1.000000000000000000, 1.000000000000000000, 1.000000000000000000, 1.000000000000000000, 1.000000000000000000, 1.000000000000000000, 1.000000000000000000, 1.000000000000000000, 1.000000000000000000),
 ( 0.3333333333333333703, 0.3333333333333333703, 0.3333333333333333703, 0.3333333333333333703, 0.3333333333333333703, 0.3333333333333333703, 0.3333333333333333703, 0.3333333333333333703, 0.3333333333333333703, 0.3333333333333333703, 0.3333333333333333703, 0.3333333333333333703, 0.3333333333333333703, 0.3333333333333333703),
 ( 0.3333333333333333703, 0.3333333333333333703, 0.3333333333333333703, 0.3333333333333333703, 0.3333333333333333703, 0.3333333333333333703, 0.3333333333333333703, 0.3333333333333333703, 0.3333333333333333703, 0.3333333333333333703, 0.3333333333333333703, 0.3333333333333333703, 0.3333333333333333703, 0.3333333333333333703),
 ( 1.000000000000000000, 1.000000000000000000, 1.000000000000000000, 1.000000000000000000, 1.000000000000000000, 1.000000000000000000, 1.000000000000000000, 1.000000000000000000, 1.000000000000000000, 1.000000000000000000, 1.000000000000000000, 1.000000000000000000, 1.000000000000000000, 1.000000000000000000),
 ( 0.3333333333333333703, 0.3333333333333333703, 0.3333333333333333703, 0.3333333333333333703, 0.3333333333333333703, 0.3333333333333333703, 0.3333333333333333703, 0.3333333333333333703, 0.3333333333333333703, 0.3333333333333333703, 0.3333333333333333703, 0.3333333333333333703, 0.3333333333333333703, 0.3333333333333333703),
 ( 0.3333333333333333703, 0.3333333333333333703, 0.3333333333333333703, 0.3333333333333333703, 0.3333333333333333703, 0.3333333333333333703, 0.3333333333333333703, 0.3333333333333333703, 0.3333333333333333703, 0.3333333333333333703, 0.3333333333333333703, 0.3333333333333333703, 0.3333333333333333703, 0.3333333333333333703),
 ( 1.000000000000000000, 1.000000000000000000, 1.000000000000000000, 1.000000000000000000, 1.000000000000000000, 1.000000000000000000, 1.000000000000000000, 1.000000000000000000, 1.000000000000000000, 1.000000000000000000, 1.000000000000000000, 1.000000000000000000, 1.000000000000000000, 1.000000000000000000) ) ) 
 REPRESENTATION_ITEM ( '' )  SURFACE ( )  );
#6402 = VERTEX_POINT ( 'NONE', #4332 ) ;
#6403 = DIRECTION ( 'NONE',  ( 0.000000000000000000, 1.000000000000000000, 0.000000000000000000 ) ) ;
#6404 = DIRECTION ( 'NONE',  ( 0.9510565162951544194, -0.000000000000000000, 0.3090169943749447312 ) ) ;
#6405 = CARTESIAN_POINT ( 'NONE',  ( -6.002787406415633242, 6.000000000000000000, 17.35272211066336467 ) ) ;
#6406 = CARTESIAN_POINT ( 'NONE',  ( 5.799282471249015636, 6.800000000000000711, 21.67682676946076725 ) ) ;
#6407 = CARTESIAN_POINT ( 'NONE',  ( 7.032520163665839874, 9.477509049787308015, 7.192958968824716415 ) ) ;
#6408 = DIRECTION ( 'NONE',  ( -0.000000000000000000, -1.000000000000000000, -0.000000000000000000 ) ) ;
#6409 = CIRCLE ( 'NONE', #6140, 0.01999999999999918510 ) ;
#6410 = AXIS2_PLACEMENT_3D ( 'NONE', #2569, #3682, #2449 ) ;
#6411 = CARTESIAN_POINT ( 'NONE',  ( 6.166248191233726139, 6.000000000000000000, 17.41877168871373271 ) ) ;
#6412 = VERTEX_POINT ( 'NONE', #6314 ) ;
#6413 = CARTESIAN_POINT ( 'NONE',  ( -7.489594051418325904, 6.800000000000002487, 19.77807792897081995 ) ) ;
#6414 = DIRECTION ( 'NONE',  ( -0.000000000000000000, -1.000000000000000000, -0.000000000000000000 ) ) ;
#6415 = CARTESIAN_POINT ( 'NONE',  ( 8.901102426010899293, 11.77999999999999936, 4.206471276695338268 ) ) ;
#6416 = CARTESIAN_POINT ( 'NONE',  ( 1.263273741117457716, 10.81090696724873723, 9.867454276084849596 ) ) ;
#6417 = DIRECTION ( 'NONE',  ( -1.000000000000000000, 0.000000000000000000, 0.000000000000000000 ) ) ;
#6418 = CIRCLE ( 'NONE', #7463, 0.04999999999999921174 ) ;
#6419 = CARTESIAN_POINT ( 'NONE',  ( -7.380355779802142635, 9.515981511982360530, 6.515821047899311047 ) ) ;
#6420 = DIRECTION ( 'NONE',  ( 0.000000000000000000, 1.000000000000000000, -0.000000000000000000 ) ) ;
#6421 = EDGE_LOOP ( 'NONE', ( #190, #4738, #1980, #83 ) ) ;
#6422 = TOROIDAL_SURFACE ( 'NONE', #5101, 10.94999999999999929, 0.1999999999999993727 ) ;
#6423 = CARTESIAN_POINT ( 'NONE',  ( 6.133939628032193170, 9.943296279897580803, 8.836280578756863235 ) ) ;
#6424 = CARTESIAN_POINT ( 'NONE',  ( 8.521774313636823805, 6.281129465939816470, 4.920048693951436292 ) ) ;
#6425 = DIRECTION ( 'NONE',  ( -0.9510565162951544194, -0.000000000000000000, -0.3090169943749447312 ) ) ;
#6426 = AXIS2_PLACEMENT_3D ( 'NONE', #547, #3078, #4960 ) ;
#6427 = CARTESIAN_POINT ( 'NONE',  ( -7.367060054257408730, 9.626365795601975250, 6.711207385659254676 ) ) ;
#6428 = ORIENTED_EDGE ( 'NONE', *, *, #1656, .F. ) ;
#6429 = TOROIDAL_SURFACE ( 'NONE', #4061, 12.30000000000000071, 0.2000000000000000111 ) ;
#6430 = CARTESIAN_POINT ( 'NONE',  ( 6.179975291509107294, 6.772151432006277894, 21.14900720046875549 ) ) ;
#6431 = CARTESIAN_POINT ( 'NONE',  ( 6.500754582982142260, 6.998323939122626847, 20.41629722347513010 ) ) ;
#6432 = DIRECTION ( 'NONE',  ( 0.000000000000000000, 0.000000000000000000, -1.000000000000000000 ) ) ;
#6433 = EDGE_CURVE ( 'NONE', #7931, #4373, #6954, .T. ) ;
#6434 = CARTESIAN_POINT ( 'NONE',  ( 1.272557905337444506, 0.000000000000000000, 9.868287408540714623 ) ) ;
#6436 = CARTESIAN_POINT ( 'NONE',  ( 5.602140543746160439, 6.128269129226989520, 21.62404582263830477 ) ) ;
#6435 = TOROIDAL_SURFACE ( 'NONE', #8143, 0.04000000000000000083, 0.02000000000000000042 ) ;
#6437 = VERTEX_POINT ( 'NONE', #1240 ) ;
#6438 = CARTESIAN_POINT ( 'NONE',  ( 0.000000000000000000, 10.81999999999999851, 0.000000000000000000 ) ) ;
#6439 = CARTESIAN_POINT ( 'NONE',  ( -9.950000000000001066, 10.79999999999999893, 0.000000000000000000 ) ) ;
#6440 = ORIENTED_EDGE ( 'NONE', *, *, #3817, .F. ) ;
#6441 = LINE ( 'NONE', #4585, #336 ) ;
#6442 = DIRECTION ( 'NONE',  ( 0.000000000000000000, 0.000000000000000000, 1.000000000000000000 ) ) ;
#6443 = ORIENTED_EDGE ( 'NONE', *, *, #2784, .T. ) ;
#6444 = CARTESIAN_POINT ( 'NONE',  ( -8.906839758004954533, 11.79885841573694805, 4.194309302521965321 ) ) ;
#6445 = DIRECTION ( 'NONE',  ( -1.297293286543607101E-16, 0.000000000000000000, -1.000000000000000000 ) ) ;
#6446 = ADVANCED_FACE ( 'NONE', ( #3144 ), #4193, .T. ) ;
#6447 = CARTESIAN_POINT ( 'NONE',  ( -7.454287952134884598, 6.000000000000000000, 19.87692118900167415 ) ) ;
#6448 = EDGE_CURVE ( 'NONE', #1879, #2423, #1784, .T. ) ;
#6449 = CARTESIAN_POINT ( 'NONE',  ( -6.505213034913026604E-16, 6.000000000000000000, -4.995798655503515207 ) ) ;
#6450 = CARTESIAN_POINT ( 'NONE',  ( 6.842240667876774651, 9.574904029193895383, 7.296687210464224194 ) ) ;
#6451 = VERTEX_POINT ( 'NONE', #3680 ) ;
#6452 = AXIS2_PLACEMENT_3D ( 'NONE', #3603, #1821, #4245 ) ;
#6453 = CARTESIAN_POINT ( 'NONE',  ( -4.761323057842190565, 10.81999999999999851, -8.714052027550691193 ) ) ;
#6454 = B_SPLINE_CURVE_WITH_KNOTS ( 'NONE', 3,
 ( #178, #3277, #3404, #4003, #916, #5162, #2826, #5248, #4663, #6483, #790, #5946, #137, #7679, #5205, #7017 ),
 .UNSPECIFIED., .F., .F.,
 ( 4, 3, 3, 3, 3, 4 ),
 ( 0.000000000000000000, 6.813607764377626848E-06, 1.362888691619952586E-05, 2.041741829247383048E-05, 2.715169260939098383E-05, 3.137330819557982808E-05 ),
 .UNSPECIFIED. ) ;
#6455 = CARTESIAN_POINT ( 'NONE',  ( 4.662655850001535818, 6.000000000000000000, 17.57433034378535908 ) ) ;
#6456 = EDGE_LOOP ( 'NONE', ( #3820 ) ) ;
#6457 = CARTESIAN_POINT ( 'NONE',  ( -5.847182873456191921, 6.799999999999999822, 17.29931607792782700 ) ) ;
#6458 = EDGE_CURVE ( 'NONE', #1571, #3143, #4722, .T. ) ;
#6459 = CARTESIAN_POINT ( 'NONE',  ( 5.378753315022937187, 7.210053782974551240, 18.32460588087223385 ) ) ;
#6460 = CARTESIAN_POINT ( 'NONE',  ( 8.901102426010902846, 11.78222506763284372, 4.206471276695339157 ) ) ;
#6461 = DIRECTION ( 'NONE',  ( 0.9820588696906382697, 0.000000000000000000, -0.1885745912416251502 ) ) ;
#6462 = CARTESIAN_POINT ( 'NONE',  ( 7.211536464706469474, 9.234328550553792425, 6.703653135570303512 ) ) ;
#6463 = CARTESIAN_POINT ( 'NONE',  ( 6.394491141902571840, 9.678805837719625771, 7.399823455747464251 ) ) ;
#6464 = DIRECTION ( 'NONE',  ( 0.000000000000000000, 0.000000000000000000, 1.000000000000000000 ) ) ;
#6465 = CARTESIAN_POINT ( 'NONE',  ( -3.995763778698051549, 5.804459541583674387, 19.07056115700990873 ) ) ;
#6466 = ORIENTED_EDGE ( 'NONE', *, *, #2732, .T. ) ;
#6467 = CARTESIAN_POINT ( 'NONE',  ( 5.280308682995618064, 7.831671563998265917, 17.02612409685216477 ) ) ;
#6468 = CARTESIAN_POINT ( 'NONE',  ( 8.314796120132012192, 6.186041673017721898, 5.133314927829902174 ) ) ;
#6469 = ADVANCED_FACE ( 'NONE', ( #2524 ), #3667, .F. ) ;
#6470 = CARTESIAN_POINT ( 'NONE',  ( 7.112831945748592233, 8.599999999999999645, 6.868781967098553487 ) ) ;
#6471 = CARTESIAN_POINT ( 'NONE',  ( -6.982934848064301647, 10.10974275206621975, 7.029445583953393140 ) ) ;
#6472 = ORIENTED_EDGE ( 'NONE', *, *, #4525, .F. ) ;
#6473 = CARTESIAN_POINT ( 'NONE',  ( 4.242384664407821582, 7.111696915830715504, 19.68374476559463560 ) ) ;
#6474 = CARTESIAN_POINT ( 'NONE',  ( -5.280308682995618064, 7.831671563998265917, 17.02612409685216477 ) ) ;
#6475 = CARTESIAN_POINT ( 'NONE',  ( -3.558981856588974146, 6.848692902189974951, 19.22161359646673873 ) ) ;
#6476 = CARTESIAN_POINT ( 'NONE',  ( -6.680789776143186032, 9.704501432125194782, 7.339296155538667321 ) ) ;
#6477 = VECTOR ( 'NONE', #2073, 1000.000000000000000 ) ;
#6478 = CARTESIAN_POINT ( 'NONE',  ( 2.399999999999963940, 4.100000000000000533, 16.80000000000000071 ) ) ;
#6479 = ORIENTED_EDGE ( 'NONE', *, *, #1655, .F. ) ;
#6480 = CARTESIAN_POINT ( 'NONE',  ( 0.000000000000000000, 11.79999999999999716, 0.000000000000000000 ) ) ;
#6481 = FACE_OUTER_BOUND ( 'NONE', #4992, .T. ) ;
#6482 = ORIENTED_EDGE ( 'NONE', *, *, #4825, .T. ) ;
#6483 = CARTESIAN_POINT ( 'NONE',  ( -6.753357246363798971, 10.80952540632320868, -7.163532013119698227 ) ) ;
#6484 = ADVANCED_FACE ( 'NONE', ( #3068 ), #1282, .F. ) ;
#6485 = PLANE ( 'NONE',  #40 ) ;
#6486 = CARTESIAN_POINT ( 'NONE',  ( 5.300000000000001599, 6.800000000000000711, 19.38047814307507366 ) ) ;
#6487 = AXIS2_PLACEMENT_3D ( 'NONE', #5858, #293, #7838 ) ;
#6488 = CARTESIAN_POINT ( 'NONE',  ( 3.323032830975961804, 6.600000000000000533, 19.64958055990333463 ) ) ;
#6489 = CARTESIAN_POINT ( 'NONE',  ( -6.653581644349985780, 5.794751364237837876, 18.02279786433280862 ) ) ;
#6490 = CARTESIAN_POINT ( 'NONE',  ( 1.245852706230216933, 11.79240105006936012, 9.765852623073254080 ) ) ;
#6491 = ORIENTED_EDGE ( 'NONE', *, *, #7500, .T. ) ;
#6492 = CARTESIAN_POINT ( 'NONE',  ( -4.744968828037434250, 11.80000000000013749, -8.626082435218403788 ) ) ;
#6493 = CIRCLE ( 'NONE', #4777, 0.8999999999999999112 ) ;
#6494 = EDGE_CURVE ( 'NONE', #7801, #2129, #1822, .T. ) ;
#6495 = ADVANCED_FACE ( 'NONE', ( #1201 ), #2760, .T. ) ;
#6496 = CARTESIAN_POINT ( 'NONE',  ( 4.360590037669388686, 6.000000000000000000, 17.82937592194299725 ) ) ;
#6497 = ORIENTED_EDGE ( 'NONE', *, *, #5534, .T. ) ;
#6498 = CARTESIAN_POINT ( 'NONE',  ( -4.811435756170538980, 6.800000000000002487, 21.17431100475600303 ) ) ;
#6499 = CARTESIAN_POINT ( 'NONE',  ( 5.344765862192105033, 7.184521241859556540, 18.25495520154577633 ) ) ;
#6500 = CARTESIAN_POINT ( 'NONE',  ( 8.907749550761639767, 11.79947760415738323, 4.192376765142733497 ) ) ;
#6501 = LINE ( 'NONE', #4140, #6721 ) ;
#6502 = PLANE ( 'NONE',  #7560 ) ;
#6503 = DIRECTION ( 'NONE',  ( -0.8775480390282801579, 0.000000000000000000, -0.4794887268723013740 ) ) ;
#6504 = EDGE_CURVE ( 'NONE', #1611, #262, #3186, .T. ) ;
#6505 = CARTESIAN_POINT ( 'NONE',  ( 7.081140696390536782, 8.364254973920784764, 6.863665523940141178 ) ) ;
#6506 = ORIENTED_EDGE ( 'NONE', *, *, #3363, .T. ) ;
#6507 = DIRECTION ( 'NONE',  ( -0.000000000000000000, 1.000000000000000000, -0.000000000000000000 ) ) ;
#6508 = CARTESIAN_POINT ( 'NONE',  ( 4.926722322169192481, 8.330762082090824805, 15.30749852300721159 ) ) ;
#6509 = CARTESIAN_POINT ( 'NONE',  ( -7.202769339894924627, 8.329280768081256170, 6.807216728839024178 ) ) ;
#6510 = DIRECTION ( 'NONE',  ( 0.000000000000000000, 0.000000000000000000, 1.000000000000000000 ) ) ;
#6511 = CARTESIAN_POINT ( 'NONE',  ( -7.408594132299993973, 9.875706402114476035, 6.494133762811520327 ) ) ;
#6512 = VERTEX_POINT ( 'NONE', #1495 ) ;
#6513 = AXIS2_PLACEMENT_3D ( 'NONE', #27, #71, #5552 ) ;
#6514 = CARTESIAN_POINT ( 'NONE',  ( 6.824893966289460323, 7.150258285748027909, 18.81588638400928559 ) ) ;
#6515 = FACE_OUTER_BOUND ( 'NONE', #2259, .T. ) ;
#6516 = CARTESIAN_POINT ( 'NONE',  ( -2.875579048770126267, 6.631508508978449790, 18.75948242733883831 ) ) ;
#6517 = CARTESIAN_POINT ( 'NONE',  ( 1.270000000000081952, 11.79999999999999716, 9.848451654955704626 ) ) ;
#6518 = CARTESIAN_POINT ( 'NONE',  ( 5.300000000000001599, 6.000000000000000000, 19.38047814307507366 ) ) ;
#6519 = ORIENTED_EDGE ( 'NONE', *, *, #2464, .F. ) ;
#6520 = CARTESIAN_POINT ( 'NONE',  ( -3.519133998076033887, 6.800000000000000711, 19.64958055990333463 ) ) ;
#6521 = EDGE_LOOP ( 'NONE', ( #7949, #5219, #7862 ) ) ;
#6522 = DIRECTION ( 'NONE',  ( 0.000000000000000000, 0.000000000000000000, 1.000000000000000000 ) ) ;
#6523 = LINE ( 'NONE', #3405, #8068 ) ;
#6524 = CARTESIAN_POINT ( 'NONE',  ( 5.211487537578545215, 7.000000000000000000, 23.43858651601436094 ) ) ;
#6525 = CARTESIAN_POINT ( 'NONE',  ( -7.487928435544107586, 6.000000000000000000, 19.77837014747689537 ) ) ;
#6526 = CARTESIAN_POINT ( 'NONE',  ( -3.323962506846995790, 6.075500027888977250, 19.39978004803402811 ) ) ;
#6527 = CARTESIAN_POINT ( 'NONE',  ( 4.732308136075905836, 11.79240105006935480, -8.633034583878236745 ) ) ;
#6528 = ADVANCED_FACE ( 'NONE', ( #5287 ), #5203, .F. ) ;
#6529 = AXIS2_PLACEMENT_3D ( 'NONE', #3347, #5152, #3914 ) ;
#6530 = EDGE_LOOP ( 'NONE', ( #4134 ) ) ;
#6531 = CARTESIAN_POINT ( 'NONE',  ( 0.000000000000000000, 11.77999999999999936, 0.000000000000000000 ) ) ;
#6532 = CARTESIAN_POINT ( 'NONE',  ( 4.368535850907268703, 6.000000000000000000, 17.82230021728746650 ) ) ;
#6533 = VERTEX_POINT ( 'NONE', #3313 ) ;
#6534 = CARTESIAN_POINT ( 'NONE',  ( -3.787468658297874935, 6.800000000000001599, 18.33913562854255730 ) ) ;
#6535 = CARTESIAN_POINT ( 'NONE',  ( 5.222929409572531156, 7.190367395817068186, 18.30367813422471102 ) ) ;
#6536 = CARTESIAN_POINT ( 'NONE',  ( -7.392052563226653383, 7.332256572154845387, 6.506585819287233896 ) ) ;
#6537 = DIRECTION ( 'NONE',  ( -0.5877852522924802425, 0.000000000000000000, -0.8090169943749423442 ) ) ;
#6538 = EDGE_CURVE ( 'NONE', #215, #2930, #6302, .T. ) ;
#6539 = CARTESIAN_POINT ( 'NONE',  ( 6.756613295063026214, 10.80430913857915165, -7.160461252538178556 ) ) ;
#6540 = EDGE_CURVE ( 'NONE', #5718, #4605, #3932, .T. ) ;
#6541 = CARTESIAN_POINT ( 'NONE',  ( 2.385244779468109755E-15, 3.799999999999999822, 19.94999999999999574 ) ) ;
#6542 = VECTOR ( 'NONE', #5868, 1000.000000000000000 ) ;
#6543 = CARTESIAN_POINT ( 'NONE',  ( 7.075889046885153633, 8.373266196905614578, 6.852338371217725488 ) ) ;
#6544 = ORIENTED_EDGE ( 'NONE', *, *, #5796, .F. ) ;
#6545 = CARTESIAN_POINT ( 'NONE',  ( 11.08758383676868675, 6.820000000000000284, 20.11905188458655402 ) ) ;
#6546 = CARTESIAN_POINT ( 'NONE',  ( 7.069671557728274713, 9.700000000000001066, 6.827102464871014575 ) ) ;
#6547 = CARTESIAN_POINT ( 'NONE',  ( 2.399999999999961275, 4.100000000000000533, -2.503776043029156214E-15 ) ) ;
#6548 = CARTESIAN_POINT ( 'NONE',  ( 4.056535548424704984, 6.989722071960152050, 19.49234680215053217 ) ) ;
#6549 = EDGE_CURVE ( 'NONE', #1454, #5555, #218, .T. ) ;
#6550 = EDGE_CURVE ( 'NONE', #6402, #363, #5640, .T. ) ;
#6551 = CARTESIAN_POINT ( 'NONE',  ( -7.207756373064385436, 9.536684933529459229, 7.044003995958656894 ) ) ;
#6552 = EDGE_LOOP ( 'NONE', ( #7591 ) ) ;
#6553 = DIRECTION ( 'NONE',  ( -0.8031104691132103790, 0.000000000000000000, -0.5958301556658232023 ) ) ;
#6554 = CIRCLE ( 'NONE', #2348, 0.02000000000000005246 ) ;
#6555 = CARTESIAN_POINT ( 'NONE',  ( 4.377406584273148660, 5.800000000000003375, 20.14271085177850651 ) ) ;
#6556 = AXIS2_PLACEMENT_3D ( 'NONE', #930, #2800, #4680 ) ;
#6557 = CARTESIAN_POINT ( 'NONE',  ( -6.465180984532858943, 9.700000020712348459, 7.453070863683151082 ) ) ;
#6558 = CARTESIAN_POINT ( 'NONE',  ( 6.551383440922136536, 6.806233777470271917, 20.81579271325748692 ) ) ;
#6559 = LINE ( 'NONE', #2197, #1693 ) ;
#6560 = CARTESIAN_POINT ( 'NONE',  ( -6.996122245647784510, 9.721282445380888149, 7.229909933438582570 ) ) ;
#6561 = CARTESIAN_POINT ( 'NONE',  ( -4.081673267170072172, 5.813351173879489409, 19.62461297432883711 ) ) ;
#6562 = ORIENTED_EDGE ( 'NONE', *, *, #52, .T. ) ;
#6563 = DIRECTION ( 'NONE',  ( 0.000000000000000000, 1.000000000000000000, 0.000000000000000000 ) ) ;
#6564 = CIRCLE ( 'NONE', #7883, 2.299999999999999822 ) ;
#6565 = ORIENTED_EDGE ( 'NONE', *, *, #3042, .T. ) ;
#6566 = CARTESIAN_POINT ( 'NONE',  ( 7.052832034732567479, 8.599999999999999645, 6.868885301841317848 ) ) ;
#6567 = FACE_OUTER_BOUND ( 'NONE', #6521, .T. ) ;
#6568 = CARTESIAN_POINT ( 'NONE',  ( -4.083817610589577818, 5.799999999999998934, 19.54232316023644245 ) ) ;
#6569 = FACE_OUTER_BOUND ( 'NONE', #5201, .T. ) ;
#6570 = ADVANCED_FACE ( 'NONE', ( #6398 ), #3402, .F. ) ;
#6571 = CARTESIAN_POINT ( 'NONE',  ( -5.752946676960910111, 5.300124499850845439, 18.65356747092963730 ) ) ;
#6572 = CARTESIAN_POINT ( 'NONE',  ( 4.740431578824957803, 11.79885841573694627, -8.628576559692747949 ) ) ;
#6573 = B_SPLINE_CURVE_WITH_KNOTS ( 'NONE', 3,
 ( #7927, #7149, #1503, #6572, #6609, #7232, #1666, #5992, #6527, #881, #4671, #3411, #5414, #3451, #7769, #6032 ),
 .UNSPECIFIED., .F., .F.,
 ( 4, 3, 3, 3, 3, 4 ),
 ( 0.000000000000000000, 6.809599830059492638E-06, 1.362066388328324723E-05, 2.040797263591020386E-05, 2.714308747458088364E-05, 3.136851461183915997E-05 ),
 .UNSPECIFIED. ) ;
#6574 = EDGE_LOOP ( 'NONE', ( #6443 ) ) ;
#6575 = CARTESIAN_POINT ( 'NONE',  ( 8.899833542417010079, 10.80932092604688144, 4.209155478754611934 ) ) ;
#6576 = CIRCLE ( 'NONE', #3029, 0.06000000000000015737 ) ;
#6577 = ORIENTED_EDGE ( 'NONE', *, *, #1297, .T. ) ;
#6578 = CARTESIAN_POINT ( 'NONE',  ( 4.342484599684033775, 6.000000000000000000, 17.84552248493205440 ) ) ;
#6579 = CARTESIAN_POINT ( 'NONE',  ( -4.052839746803791776, 6.800000000000000711, 18.09749562741680506 ) ) ;
#6580 = CARTESIAN_POINT ( 'NONE',  ( -4.733681859205312925, 6.000000000000000000, 21.14107789702146434 ) ) ;
#6581 = CARTESIAN_POINT ( 'NONE',  ( -3.089133998076035947, 6.600000000000000533, 20.22958055990334003 ) ) ;
#6582 = CARTESIAN_POINT ( 'NONE',  ( 4.350583901137214937, 5.857105926947859587, 20.30608064972754434 ) ) ;
#6584 = ORIENTED_EDGE ( 'NONE', *, *, #1623, .F. ) ;
#6583 = CARTESIAN_POINT ( 'NONE',  ( -7.097946181201763238, 10.19488895362924730, 6.822662410861414450 ) ) ;
#6585 = CARTESIAN_POINT ( 'NONE',  ( 7.166727913140191752, 8.310662132619059506, 6.886833033363582324 ) ) ;
#6586 = ORIENTED_EDGE ( 'NONE', *, *, #8150, .T. ) ;
#6587 = ADVANCED_FACE ( 'NONE', ( #2611 ), #4661, .F. ) ;
#6588 = CARTESIAN_POINT ( 'NONE',  ( -5.309596136519068033, 7.335973941154739997, 18.80555947608380052 ) ) ;
#6589 = CYLINDRICAL_SURFACE ( 'NONE', #3589, 0.09999999999999982514 ) ;
#6590 = CARTESIAN_POINT ( 'NONE',  ( 4.063642985398011831, 6.998519965630086936, 19.43485768632322674 ) ) ;
#6591 = CARTESIAN_POINT ( 'NONE',  ( -7.309519423663669357, 9.581588646750850202, 6.899533114920075150 ) ) ;
#6592 = VERTEX_POINT ( 'NONE', #3231 ) ;
#6593 = ADVANCED_FACE ( 'NONE', ( #787 ), #5781, .F. ) ;
#6594 = VERTEX_POINT ( 'NONE', #5245 ) ;
#6595 = EDGE_CURVE ( 'NONE', #4495, #5260, #2362, .T. ) ;
#6596 = DIRECTION ( 'NONE',  ( -1.000000000000000000, 0.000000000000000000, 0.000000000000000000 ) ) ;
#6597 = CARTESIAN_POINT ( 'NONE',  ( -6.465180984532858943, 9.700000020712348459, 7.453070863683151082 ) ) ;
#6598 = CARTESIAN_POINT ( 'NONE',  ( 0.000000000000000000, 10.79999999999999893, 0.000000000000000000 ) ) ;
#6599 = LINE ( 'NONE', #2151, #3198 ) ;
#6600 = ORIENTED_EDGE ( 'NONE', *, *, #7403, .F. ) ;
#6601 = LINE ( 'NONE', #8106, #5759 ) ;
#6602 = ORIENTED_EDGE ( 'NONE', *, *, #4314, .F. ) ;
#6603 = CARTESIAN_POINT ( 'NONE',  ( 0.000000000000000000, 7.772521246458921951, -13.85410764872521305 ) ) ;
#6604 = EDGE_CURVE ( 'NONE', #8112, #3034, #7751, .T. ) ;
#6605 = LINE ( 'NONE', #2947, #1226 ) ;
#6606 = DIRECTION ( 'NONE',  ( 0.000000000000000000, 1.000000000000000000, 0.000000000000000000 ) ) ;
#6607 = CARTESIAN_POINT ( 'NONE',  ( -7.258009404074757143, 6.000000000000000000, 20.22215001212135022 ) ) ;
#6608 = CARTESIAN_POINT ( 'NONE',  ( -7.551011366866566377, 5.971931887334410050, 19.30417949784789400 ) ) ;
#6609 = CARTESIAN_POINT ( 'NONE',  ( 4.738553858295241561, 11.79810775233106135, -8.629608155765829736 ) ) ;
#6610 = EDGE_LOOP ( 'NONE', ( #3963 ) ) ;
#6611 = FACE_OUTER_BOUND ( 'NONE', #1301, .T. ) ;
#6612 = DIRECTION ( 'NONE',  ( 0.000000000000000000, 0.000000000000000000, 1.000000000000000000 ) ) ;
#6613 = VERTEX_POINT ( 'NONE', #261 ) ;
#6614 = AXIS2_PLACEMENT_3D ( 'NONE', #536, #6147, #1781 ) ;
#6615 = PLANE ( 'NONE',  #425 ) ;
#6616 = CARTESIAN_POINT ( 'NONE',  ( 7.110841250845966854, 9.196060677739446021, 6.808815000076661406 ) ) ;
#6617 = CARTESIAN_POINT ( 'NONE',  ( 9.010131511974014629, 11.79999999999999716, 4.268305300342615460 ) ) ;
#6618 = DIRECTION ( 'NONE',  ( -0.3090169943749094261, 0.000000000000000000, 0.9510565162951659657 ) ) ;
#6619 = CYLINDRICAL_SURFACE ( 'NONE', #3169, 4.584519503718790467 ) ;
#6620 = LINE ( 'NONE', #319, #6648 ) ;
#6621 = VECTOR ( 'NONE', #4338, 1000.000000000000000 ) ;
#6622 = B_SPLINE_CURVE_WITH_KNOTS ( 'NONE', 3,
 ( #5960, #4064, #318, #5883, #2885, #7241, #3538, #1598, #2843, #5346, #4681, #7859, #5386, #4020, #6659, #7160 ),
 .UNSPECIFIED., .F., .F.,
 ( 4, 3, 3, 3, 3, 4 ),
 ( 2.453269466693398698E-18, 6.813607764377862324E-06, 1.362888691620062192E-05, 2.041741829247074389E-05, 2.715169260938944901E-05, 3.137330819557799849E-05 ),
 .UNSPECIFIED. ) ;
#6624 = VERTEX_POINT ( 'NONE', #2783 ) ;
#6623 = CARTESIAN_POINT ( 'NONE',  ( -6.994002861322019982, 10.19542695727175285, 6.929176454647217653 ) ) ;
#6625 = CARTESIAN_POINT ( 'NONE',  ( -9.671903307685681739, 11.79688234426551752, 1.838018336901036109 ) ) ;
#6626 = VERTEX_POINT ( 'NONE', #7718 ) ;
#6627 = DIRECTION ( 'NONE',  ( -0.5877852522924802425, -0.000000000000000000, -0.8090169943749423442 ) ) ;
#6628 = AXIS2_PLACEMENT_3D ( 'NONE', #4955, #5658, #6320 ) ;
#6629 = DIRECTION ( 'NONE',  ( 0.9510565162951545304, -0.000000000000000000, 0.3090169943749447867 ) ) ;
#6630 = PLANE ( 'NONE',  #6343 ) ;
#6631 = CARTESIAN_POINT ( 'NONE',  ( -6.505213034913026604E-16, 6.750000000000000888, -4.995798655503515207 ) ) ;
#6632 = CARTESIAN_POINT ( 'NONE',  ( -6.764748779699965020, 10.14643464877013557, 7.170675886733146598 ) ) ;
#6633 = ORIENTED_EDGE ( 'NONE', *, *, #1212, .T. ) ;
#6634 = ORIENTED_EDGE ( 'NONE', *, *, #1402, .T. ) ;
#6635 = LINE ( 'NONE', #946, #343 ) ;
#6636 = CARTESIAN_POINT ( 'NONE',  ( -5.195497750391110614, 7.103259198108545114, 17.95959103353147057 ) ) ;
#6637 = CARTESIAN_POINT ( 'NONE',  ( -5.683323943362269759, 7.027104097607860034, 17.73388619077264039 ) ) ;
#6638 = CARTESIAN_POINT ( 'NONE',  ( 5.006061230865884504, 5.800000000000000711, 19.21077251559043830 ) ) ;
#6639 = CARTESIAN_POINT ( 'NONE',  ( 6.904624652936713680, 9.796864582368311147, 7.257912483503610623 ) ) ;
#6640 = EDGE_CURVE ( 'NONE', #5260, #4107, #3533, .T. ) ;
#6641 = EDGE_CURVE ( 'NONE', #7699, #8108, #5737, .T. ) ;
#6642 = ORIENTED_EDGE ( 'NONE', *, *, #5934, .F. ) ;
#6643 = ORIENTED_EDGE ( 'NONE', *, *, #4420, .T. ) ;
#6644 = DIRECTION ( 'NONE',  ( -0.9820588696906377146, 0.000000000000000000, -0.1885745912416279257 ) ) ;
#6645 = DIRECTION ( 'NONE',  ( 0.000000000000000000, -1.000000000000000000, 0.000000000000000000 ) ) ;
#6646 = CARTESIAN_POINT ( 'NONE',  ( 11.08758383676868675, 6.980000000000000426, 20.11905188458655402 ) ) ;
#6647 = FACE_OUTER_BOUND ( 'NONE', #7666, .T. ) ;
#6648 = VECTOR ( 'NONE', #5305, 1000.000000000000000 ) ;
#6649 = ADVANCED_FACE ( 'NONE', ( #4537, #1456 ), #3913, .T. ) ;
#6650 = CARTESIAN_POINT ( 'NONE',  ( 4.770912832379510249, 11.77999999999999936, -8.731602988331324866 ) ) ;
#6651 = CARTESIAN_POINT ( 'NONE',  ( 0.000000000000000000, 10.81999999999999851, 0.000000000000000000 ) ) ;
#6652 = ORIENTED_EDGE ( 'NONE', *, *, #1712, .T. ) ;
#6653 = DIRECTION ( 'NONE',  ( -0.8090169943749417891, 0.000000000000000000, -0.5877852522924810197 ) ) ;
#6654 = EDGE_LOOP ( 'NONE', ( #2270, #6565, #4963, #5038 ) ) ;
#6655 = CARTESIAN_POINT ( 'NONE',  ( 3.832490212656296968, 6.000000000000000000, 19.98737361612865016 ) ) ;
#6656 = CARTESIAN_POINT ( 'NONE',  ( -4.531885019208951704, 6.000000000000000000, 17.67969763762275548 ) ) ;
#6657 = CARTESIAN_POINT ( 'NONE',  ( -7.797237569402213353, 6.884002568855079218, 6.137098533480386919 ) ) ;
#6658 = CIRCLE ( 'NONE', #4275, 0.1000000000000010464 ) ;
#6659 = CARTESIAN_POINT ( 'NONE',  ( 4.728641350681463074, 10.81858051027426093, -8.635043484350582332 ) ) ;
#6660 = AXIS2_PLACEMENT_3D ( 'NONE', #194, #5671, #1553 ) ;
#6661 = CARTESIAN_POINT ( 'NONE',  ( -11.08758383676868320, 6.820000000000000284, 20.11905188458655402 ) ) ;
#6663 = ORIENTED_EDGE ( 'NONE', *, *, #6833, .T. ) ;
#6662 = CARTESIAN_POINT ( 'NONE',  ( 5.300000000000001599, 6.800000000000000711, 19.38047814307507366 ) ) ;
#6664 = AXIS2_PLACEMENT_3D ( 'NONE', #635, #5010, #1971 ) ;
#6665 = CARTESIAN_POINT ( 'NONE',  ( -9.673573384440805611, 11.78448080680738208, 1.829208440710778039 ) ) ;
#6666 = EDGE_LOOP ( 'NONE', ( #7675 ) ) ;
#6667 = CARTESIAN_POINT ( 'NONE',  ( 4.936655581827056771, 9.139994836987826332, 13.36677001676289933 ) ) ;
#6668 = DIRECTION ( 'NONE',  ( -1.297293286543607101E-16, 0.000000000000000000, -1.000000000000000000 ) ) ;
#6669 = CARTESIAN_POINT ( 'NONE',  ( 4.063053306398360043, 6.998265252465095010, 19.43499351701967370 ) ) ;
#6670 = CARTESIAN_POINT ( 'NONE',  ( -6.426827344281736742, 9.534912329659263719, 7.379588591527191710 ) ) ;
#6671 = ORIENTED_EDGE ( 'NONE', *, *, #2725, .F. ) ;
#6672 = ORIENTED_EDGE ( 'NONE', *, *, #7948, .T. ) ;
#6673 = VECTOR ( 'NONE', #1387, 1000.000000000000000 ) ;
#6674 = AXIS2_PLACEMENT_3D ( 'NONE', #5326, #5908, #2696 ) ;
#6675 = PLANE ( 'NONE',  #3754 ) ;
#6676 = CARTESIAN_POINT ( 'NONE',  ( -4.915866670903086266, 8.505944009775047832, 15.40629495686352612 ) ) ;
#6677 = CARTESIAN_POINT ( 'NONE',  ( -4.483761760867094104, 7.284167388675640176, 19.51470263074018163 ) ) ;
#6678 = CARTESIAN_POINT ( 'NONE',  ( 9.672579808850835903, 11.79414188046776424, 1.834455765888318712 ) ) ;
#6679 = EDGE_LOOP ( 'NONE', ( #2075 ) ) ;
#6680 = ORIENTED_EDGE ( 'NONE', *, *, #2771, .T. ) ;
#6681 = DIRECTION ( 'NONE',  ( 0.000000000000000000, 1.000000000000000000, -0.000000000000000000 ) ) ;
#6682 = DIRECTION ( 'NONE',  ( -0.000000000000000000, -1.000000000000000000, -0.000000000000000000 ) ) ;
#6683 = EDGE_CURVE ( 'NONE', #3738, #659, #5235, .T. ) ;
#6684 = EDGE_CURVE ( 'NONE', #3514, #2005, #3775, .T. ) ;
#6685 = PLANE ( 'NONE',  #258 ) ;
#6686 = AXIS2_PLACEMENT_3D ( 'NONE', #2127, #5297, #5257 ) ;
#6687 = CARTESIAN_POINT ( 'NONE',  ( 0.000000000000000000, 6.100000000000004086, 0.000000000000000000 ) ) ;
#6688 = CARTESIAN_POINT ( 'NONE',  ( 4.040135404576816747, 5.813325431609213112, 19.46959156069295815 ) ) ;
#6689 = B_SPLINE_CURVE_WITH_KNOTS ( 'NONE', 3,
 ( #4901, #2238, #7260, #1618, #2942, #4121, #6639, #2278, #1654, #4160, #1812, #3783, #5600, #6838, #5680, #4941, #4321, #606, #565, #1271, #6383, #6304, #5643, #7003 ),
 .UNSPECIFIED., .T., .F.,
 ( 4, 2, 2, 2, 2, 2, 2, 2, 2, 2, 2, 4 ),
 ( 0.000000000000000000, 0.0001060493214878191275, 0.0002120986429756382551, 0.0003181479644634573555, 0.0003711726252073658215, 0.0004241972859512742333, 0.0004772219466951826451, 0.0005302466074390910569, 0.0006362959289269049532, 0.0007423452504147187410, 0.0007953699111586253097, 0.0008483945719025318783 ),
 .UNSPECIFIED. ) ;
#6691 = DIRECTION ( 'NONE',  ( 0.9820588696906381587, 0.000000000000000000, -0.1885745912416262604 ) ) ;
#6690 = CIRCLE ( 'NONE', #5502, 2.299999999999999822 ) ;
#6692 = ORIENTED_EDGE ( 'NONE', *, *, #5440, .F. ) ;
#6693 = FACE_OUTER_BOUND ( 'NONE', #4417, .T. ) ;
#6694 = ORIENTED_EDGE ( 'NONE', *, *, #4381, .F. ) ;
#6695 = CARTESIAN_POINT ( 'NONE',  ( 4.564234640561549483, 6.000000000000000000, 21.06047495467817754 ) ) ;
#6696 = ADVANCED_FACE ( 'NONE', ( #6481, #3354 ), #4703, .T. ) ;
#6697 = AXIS2_PLACEMENT_3D ( 'NONE', #5905, #830, #4620 ) ;
#6698 = EDGE_CURVE ( 'NONE', #321, #4460, #7411, .T. ) ;
#6699 = CARTESIAN_POINT ( 'NONE',  ( -4.252300661931255554, 6.000000000000000000, 17.92494790823807804 ) ) ;
#6700 = DIRECTION ( 'NONE',  ( -0.9510565162951658547, 0.000000000000000000, -0.3090169943749094816 ) ) ;
#6701 = CARTESIAN_POINT ( 'NONE',  ( 0.000000000000000000, -27.84586504312624911, 0.000000000000000000 ) ) ;
#6702 = FACE_OUTER_BOUND ( 'NONE', #3521, .T. ) ;
#6703 = CONICAL_SURFACE ( 'NONE', #3150, 10.47745039250036037, 0.8703959635643301329 ) ;
#6705 = ORIENTED_EDGE ( 'NONE', *, *, #901, .T. ) ;
#6704 = CARTESIAN_POINT ( 'NONE',  ( 5.284926367360656130, 7.335318002849954944, 18.81420485923973729 ) ) ;
#6706 = CARTESIAN_POINT ( 'NONE',  ( -9.672575081360198723, 11.79416303947169453, 1.834480372418787253 ) ) ;
#6707 = EDGE_CURVE ( 'NONE', #7618, #2856, #5593, .T. ) ;
#6708 = ORIENTED_EDGE ( 'NONE', *, *, #3766, .T. ) ;
#6709 = DIRECTION ( 'NONE',  ( -0.000000000000000000, 0.000000000000000000, 1.000000000000000000 ) ) ;
#6710 = LINE ( 'NONE', #3008, #6246 ) ;
#6711 = CARTESIAN_POINT ( 'NONE',  ( 4.061983745896680098, 6.997728088315819051, 19.43602549534220714 ) ) ;
#6712 = CARTESIAN_POINT ( 'NONE',  ( -6.998978634066167714, 9.335669959717341371, 7.108208686055296432 ) ) ;
#6713 = ORIENTED_EDGE ( 'NONE', *, *, #7494, .T. ) ;
#6714 = VECTOR ( 'NONE', #2496, 1000.000000000000000 ) ;
#6715 = ORIENTED_EDGE ( 'NONE', *, *, #6050, .T. ) ;
#6716 = EDGE_CURVE ( 'NONE', #7919, #4719, #7373, .T. ) ;
#6717 = CARTESIAN_POINT ( 'NONE',  ( -16.89999999999999858, 5.899999999999999467, 23.29999999999999716 ) ) ;
#6718 = CARTESIAN_POINT ( 'NONE',  ( -5.169037455267297965, 7.339590623792748403, 17.81354984643425610 ) ) ;
#6719 = CARTESIAN_POINT ( 'NONE',  ( -7.966463989216650887, 6.607770014824397187, 19.89788657724593079 ) ) ;
#6720 = CARTESIAN_POINT ( 'NONE',  ( 9.671920222299409176, 11.79697642398282298, 1.837930181268243812 ) ) ;
#6721 = VECTOR ( 'NONE', #4601, 999.9999999999998863 ) ;
#6722 = ORIENTED_EDGE ( 'NONE', *, *, #7090, .T. ) ;
#6723 = EDGE_LOOP ( 'NONE', ( #5851 ) ) ;
#6724 = VERTEX_POINT ( 'NONE', #1078 ) ;
#6725 = CARTESIAN_POINT ( 'NONE',  ( -4.902222911935707472, 6.815203653962850439, 21.18271703800372308 ) ) ;
#6726 = CARTESIAN_POINT ( 'NONE',  ( -4.780502606917083952, 11.79999999999999716, -8.749153949111821760 ) ) ;
#6727 = CARTESIAN_POINT ( 'NONE',  ( 4.574347435748328472, 6.999999999999999112, 20.40567321091847219 ) ) ;
#6728 = CARTESIAN_POINT ( 'NONE',  ( -6.713104846140467430, 6.062071664414939498, 20.84596975260089735 ) ) ;
#6729 = CARTESIAN_POINT ( 'NONE',  ( 3.970546967519136938, 6.072307629613264979, 17.99198430262521597 ) ) ;
#6730 = EDGE_CURVE ( 'NONE', #5407, #728, #6601, .T. ) ;
#6731 = ORIENTED_EDGE ( 'NONE', *, *, #4070, .F. ) ;
#6732 = CARTESIAN_POINT ( 'NONE',  ( 0.000000000000000000, 10.79999999999999893, 0.000000000000000000 ) ) ;
#6733 = VERTEX_POINT ( 'NONE', #2468 ) ;
#6734 = DIRECTION ( 'NONE',  ( 0.000000000000000000, 1.000000000000000000, -0.000000000000000000 ) ) ;
#6735 = CARTESIAN_POINT ( 'NONE',  ( -3.863108511564940173, 6.000000000000000000, 18.26952682265687855 ) ) ;
#6736 = CARTESIAN_POINT ( 'NONE',  ( -7.341706259474041651, 7.708952768784883780, 6.544388495432437836 ) ) ;
#6737 = CARTESIAN_POINT ( 'NONE',  ( 2.569411764705846757, 4.000000000000000000, 16.60235294117647342 ) ) ;
#6738 = CARTESIAN_POINT ( 'NONE',  ( 7.436439715737303224, 9.905527741265064634, 6.358155837821778178 ) ) ;
#6739 = EDGE_CURVE ( 'NONE', #4779, #1697, #2084, .T. ) ;
#6740 = AXIS2_PLACEMENT_3D ( 'NONE', #4461, #2529, #1869 ) ;
#6741 = EDGE_CURVE ( 'NONE', #4371, #1963, #2824, .T. ) ;
#6742 = CARTESIAN_POINT ( 'NONE',  ( 5.305011538581298147, 7.336343464906002865, 18.80953779080236643 ) ) ;
#6743 = CARTESIAN_POINT ( 'NONE',  ( 11.08758383676868675, 6.820000000000000284, 20.11905188458655402 ) ) ;
#6744 = ORIENTED_EDGE ( 'NONE', *, *, #243, .T. ) ;
#6745 = DIRECTION ( 'NONE',  ( 1.000000000000000000, 8.673617379884012753E-14, 0.000000000000000000 ) ) ;
#6746 = CARTESIAN_POINT ( 'NONE',  ( -1.244295567303603134, 11.79416303947169453, 9.766051171406417097 ) ) ;
#6747 = CARTESIAN_POINT ( 'NONE',  ( 4.052887384763630862, 6.800000000000000711, 18.09745441729168292 ) ) ;
#6748 = AXIS2_PLACEMENT_3D ( 'NONE', #1667, #8080, #2372 ) ;
#6749 = CIRCLE ( 'NONE', #7409, 0.02000000000000005246 ) ;
#6750 = CARTESIAN_POINT ( 'NONE',  ( -6.453379451628548757, 9.345249875936051609, 7.336998356909847807 ) ) ;
#6751 = EDGE_CURVE ( 'NONE', #8066, #5130, #3984, .T. ) ;
#6752 = DIRECTION ( 'NONE',  ( -0.9771696282492320362, 0.000000000000000000, 0.2124606260634139543 ) ) ;
#6753 = VERTEX_POINT ( 'NONE', #8065 ) ;
#6754 = CIRCLE ( 'NONE', #3858, 0.01999999999999966388 ) ;
#6755 = ORIENTED_EDGE ( 'NONE', *, *, #7437, .F. ) ;
#6756 = DIRECTION ( 'NONE',  ( -0.000000000000000000, -1.000000000000000000, -0.000000000000000000 ) ) ;
#6757 = CARTESIAN_POINT ( 'NONE',  ( -4.748081256315433762, 5.811579112167839511, 20.60228245430042904 ) ) ;
#6758 = CARTESIAN_POINT ( 'NONE',  ( -6.455879743986405295, 6.672065556055636115, 17.19284694658844614 ) ) ;
#6759 = FACE_OUTER_BOUND ( 'NONE', #7327, .T. ) ;
#6760 = ORIENTED_EDGE ( 'NONE', *, *, #7657, .T. ) ;
#6761 = VERTEX_POINT ( 'NONE', #7987 ) ;
#6762 = CARTESIAN_POINT ( 'NONE',  ( -1.999999999999958478, 4.000000000000000000, 22.89999999999999503 ) ) ;
#6763 = FACE_OUTER_BOUND ( 'NONE', #2525, .T. ) ;
#6764 = DIRECTION ( 'NONE',  ( 0.000000000000000000, 0.000000000000000000, 1.000000000000000000 ) ) ;
#6765 = CARTESIAN_POINT ( 'NONE',  ( 4.766967729906126827, 7.000000000000000000, 20.59484327470950760 ) ) ;
#6766 = CARTESIAN_POINT ( 'NONE',  ( -9.007949785259800279, 11.79999999999999716, 4.220158843721161013 ) ) ;
#6767 = CARTESIAN_POINT ( 'NONE',  ( -4.811340560054154558, 6.049999999999999822, 17.13298799810183581 ) ) ;
#6768 = VECTOR ( 'NONE', #3049, 1000.000000000000000 ) ;
#6769 = ORIENTED_EDGE ( 'NONE', *, *, #355, .F. ) ;
#6770 = DIRECTION ( 'NONE',  ( 0.000000000000000000, 1.000000000000000000, 0.000000000000000000 ) ) ;
#6771 = ORIENTED_EDGE ( 'NONE', *, *, #297, .T. ) ;
#6772 = CARTESIAN_POINT ( 'NONE',  ( 3.893766414846154156, 6.000000000000000000, 20.09833970261633240 ) ) ;
#6773 = AXIS2_PLACEMENT_3D ( 'NONE', #3021, #7881, #5525 ) ;
#6774 = CARTESIAN_POINT ( 'NONE',  ( -4.331726503362582470, 6.000000000000000000, 17.85512987455425105 ) ) ;
#6775 = CARTESIAN_POINT ( 'NONE',  ( -7.288333501385691804, 8.237581934648359194, 6.739308850886464697 ) ) ;
#6776 = CARTESIAN_POINT ( 'NONE',  ( 2.399999999999963496, 6.000000000000000000, 16.80000000000000071 ) ) ;
#6777 = CARTESIAN_POINT ( 'NONE',  ( 7.280925838487624979, 9.439763717675921484, 6.819689649816517374 ) ) ;
#6778 = ORIENTED_EDGE ( 'NONE', *, *, #3433, .T. ) ;
#6779 = CIRCLE ( 'NONE', #5338, 0.4000000000000010214 ) ;
#6780 = CARTESIAN_POINT ( 'NONE',  ( 7.389646018095833213, 6.800000000000000711, 22.86256345725345795 ) ) ;
#6781 = CARTESIAN_POINT ( 'NONE',  ( -9.673092997405973392, 11.79067960927247860, 1.831747469146319585 ) ) ;
#6782 = ORIENTED_EDGE ( 'NONE', *, *, #4356, .F. ) ;
#6783 = CIRCLE ( 'NONE', #6664, 9.950000000000001066 ) ;
#6784 = FACE_OUTER_BOUND ( 'NONE', #6394, .T. ) ;
#6785 = LINE ( 'NONE', #5550, #4529 ) ;
#6786 = ADVANCED_FACE ( 'NONE', ( #4704 ), #2351, .T. ) ;
#6787 = CARTESIAN_POINT ( 'NONE',  ( 7.430651863619026187, 6.800000000000000711, 19.93217239907428961 ) ) ;
#6788 = DIRECTION ( 'NONE',  ( 0.000000000000000000, 1.000000000000000000, 0.000000000000000000 ) ) ;
#6789 = CIRCLE ( 'NONE', #7447, 0.09999999999999939493 ) ;
#6790 = CIRCLE ( 'NONE', #4412, 0.04000000000000010492 ) ;
#6791 = CARTESIAN_POINT ( 'NONE',  ( -2.939133998076038701, 6.600000000000000533, 19.21958055990333847 ) ) ;
#6792 = EDGE_LOOP ( 'NONE', ( #126, #43 ) ) ;
#6793 = ORIENTED_EDGE ( 'NONE', *, *, #6943, .F. ) ;
#6794 = DIRECTION ( 'NONE',  ( -1.000000000000000000, 0.000000000000000000, 0.000000000000000000 ) ) ;
#6795 = EDGE_CURVE ( 'NONE', #4498, #945, #3662, .T. ) ;
#6796 = CARTESIAN_POINT ( 'NONE',  ( -4.072366801282683468, 6.979999999999998650, 19.61588572453121415 ) ) ;
#6797 = CARTESIAN_POINT ( 'NONE',  ( 9.672867433065096776, 11.79240105006936368, 1.832938090486567084 ) ) ;
#6798 = ORIENTED_EDGE ( 'NONE', *, *, #3576, .T. ) ;
#6799 = VERTEX_POINT ( 'NONE', #6129 ) ;
#6800 = VECTOR ( 'NONE', #4387, 1000.000000000000114 ) ;
#6801 = CARTESIAN_POINT ( 'NONE',  ( -5.540968659984804034, 6.800000000000000711, 23.40865253099103072 ) ) ;
#6802 = TOROIDAL_SURFACE ( 'NONE', #4035, 16.80000000000000071, 0.1000000000000000056 ) ;
#6803 = FACE_OUTER_BOUND ( 'NONE', #5171, .T. ) ;
#6804 = EDGE_CURVE ( 'NONE', #5186, #4797, #1146, .T. ) ;
#6805 = FACE_OUTER_BOUND ( 'NONE', #6039, .T. ) ;
#6806 = CARTESIAN_POINT ( 'NONE',  ( 4.153666500875243806, 7.000000000000005329, 19.71607726753805778 ) ) ;
#6807 = PLANE ( 'NONE',  #1985 ) ;
#6808 = VECTOR ( 'NONE', #3166, 1000.000000000000000 ) ;
#6809 = DIRECTION ( 'NONE',  ( -0.9510565162951658547, 2.010221379817388149E-14, -0.3090169943749094816 ) ) ;
#6810 = CARTESIAN_POINT ( 'NONE',  ( 7.142660386637761150, 8.374062827508536699, 6.781260845567090634 ) ) ;
#6811 = ORIENTED_EDGE ( 'NONE', *, *, #850, .F. ) ;
#6812 = CARTESIAN_POINT ( 'NONE',  ( -2.939133998076038701, 6.600000000000000533, 19.64958055990333463 ) ) ;
#6813 = EDGE_LOOP ( 'NONE', ( #8083, #4445, #6904, #4732 ) ) ;
#6814 = AXIS2_PLACEMENT_3D ( 'NONE', #7114, #3413, #6612 ) ;
#6815 = CARTESIAN_POINT ( 'NONE',  ( -6.742951398640710359, 11.79810775233106490, -7.173328099675503999 ) ) ;
#6816 = EDGE_CURVE ( 'NONE', #5391, #5399, #5624, .T. ) ;
#6817 = DIRECTION ( 'NONE',  ( 0.000000000000000000, 0.000000000000000000, -1.000000000000000000 ) ) ;
#6818 = CARTESIAN_POINT ( 'NONE',  ( -3.965585733534383373, 6.000000000000000000, 18.17407071382565320 ) ) ;
#6819 = AXIS2_PLACEMENT_3D ( 'NONE', #6883, #8078, #3223 ) ;
#6820 = TOROIDAL_SURFACE ( 'NONE', #3412, 11.90000000000000036, 0.2000000000000015654 ) ;
#6821 = CARTESIAN_POINT ( 'NONE',  ( -8.533083870190248277, 6.303958365336704617, 5.237300894081313274 ) ) ;
#6822 = CARTESIAN_POINT ( 'NONE',  ( 0.000000000000000000, 11.79999999999999716, 0.000000000000000000 ) ) ;
#6823 = CARTESIAN_POINT ( 'NONE',  ( 7.341005453147298354, 9.233046549348426169, 6.368129393745678435 ) ) ;
#6824 = CARTESIAN_POINT ( 'NONE',  ( -5.293232524340895750, 7.336206178792729737, 18.81455149011267025 ) ) ;
#6825 = AXIS2_PLACEMENT_3D ( 'NONE', #5268, #7203, #2059 ) ;
#6826 = CARTESIAN_POINT ( 'NONE',  ( 6.186743289035467441, 6.000000000000000000, 21.06795318950939233 ) ) ;
#6827 = ORIENTED_EDGE ( 'NONE', *, *, #4816, .T. ) ;
#6828 = CARTESIAN_POINT ( 'NONE',  ( 0.000000000000000000, 0.000000000000000000, 0.000000000000000000 ) ) ;
#6829 = CARTESIAN_POINT ( 'NONE',  ( 3.577856236512236165, 6.800000000000001599, 19.47583593340257124 ) ) ;
#6830 = VECTOR ( 'NONE', #3384, 1000.000000000000000 ) ;
#6831 = PLANE ( 'NONE',  #5332 ) ;
#6832 = DIRECTION ( 'NONE',  ( 0.9820588696906382697, 0.000000000000000000, -0.1885745912416255110 ) ) ;
#6833 = EDGE_CURVE ( 'NONE', #5666, #7606, #5891, .T. ) ;
#6834 = VERTEX_POINT ( 'NONE', #3623 ) ;
#6835 = EDGE_LOOP ( 'NONE', ( #6985 ) ) ;
#6836 = CARTESIAN_POINT ( 'NONE',  ( -7.052832034732568367, 9.179184621573169167, 6.868885301841203272 ) ) ;
#6837 = FACE_OUTER_BOUND ( 'NONE', #2764, .T. ) ;
#6838 = CARTESIAN_POINT ( 'NONE',  ( 6.962832872269058448, 9.643867603251866427, 7.246642437185148999 ) ) ;
#6839 = ADVANCED_FACE ( 'NONE', ( #2428 ), #4975, .T. ) ;
#6840 = VERTEX_POINT ( 'NONE', #3696 ) ;
#6841 = CARTESIAN_POINT ( 'NONE',  ( -6.388963468326139150, 7.000000000000002665, 20.50396626631849983 ) ) ;
#6842 = CARTESIAN_POINT ( 'NONE',  ( 6.514561619485125021, 6.982901115779662327, 20.44360233803569926 ) ) ;
#6843 = DIRECTION ( 'NONE',  ( 0.000000000000000000, 1.000000000000000000, 0.000000000000000000 ) ) ;
#6844 = CARTESIAN_POINT ( 'NONE',  ( -8.897900232937130838, 10.80444578712996950, 4.213240610824257715 ) ) ;
#6845 = DIRECTION ( 'NONE',  ( 0.9510565162951499785, 0.000000000000000000, -0.3090169943749581649 ) ) ;
#6846 = EDGE_LOOP ( 'NONE', ( #1593, #704, #8147, #6827 ) ) ;
#6847 = EDGE_CURVE ( 'NONE', #5955, #5078, #7490, .T. ) ;
#6848 = DIRECTION ( 'NONE',  ( 0.9820588696906380477, 0.000000000000000000, -0.1885745912416263159 ) ) ;
#6849 = ORIENTED_EDGE ( 'NONE', *, *, #6340, .T. ) ;
#6850 = EDGE_LOOP ( 'NONE', ( #4569, #684, #6399, #5676 ) ) ;
#6851 = DIRECTION ( 'NONE',  ( 0.000000000000000000, -1.000000000000000000, 0.000000000000000000 ) ) ;
#6852 = EDGE_LOOP ( 'NONE', ( #3892 ) ) ;
#6853 = CARTESIAN_POINT ( 'NONE',  ( 4.305293461728365578, 6.980000000000000426, 20.13748468381273327 ) ) ;
#6854 = CARTESIAN_POINT ( 'NONE',  ( -7.444043547715410547, 6.000000000000000000, 18.94985927468349374 ) ) ;
#6855 = FACE_OUTER_BOUND ( 'NONE', #3594, .T. ) ;
#6856 = FACE_OUTER_BOUND ( 'NONE', #4593, .T. ) ;
#6857 = CARTESIAN_POINT ( 'NONE',  ( 7.288901584258467459, 9.771268084322636938, 6.948008292511065775 ) ) ;
#6858 = DIRECTION ( 'NONE',  ( -0.000000000000000000, -1.000000000000000000, -0.000000000000000000 ) ) ;
#6859 = CARTESIAN_POINT ( 'NONE',  ( 7.380294709272835263, 6.000000000000000000, 18.77133832867021468 ) ) ;
#6860 = ORIENTED_EDGE ( 'NONE', *, *, #7040, .T. ) ;
#6861 = FACE_OUTER_BOUND ( 'NONE', #6110, .T. ) ;
#6862 = CARTESIAN_POINT ( 'NONE',  ( 0.000000000000000000, 4.100000000000000533, 0.000000000000000000 ) ) ;
#6863 = CARTESIAN_POINT ( 'NONE',  ( 7.510928967812076529, 6.799999999999998934, 19.23370717598108115 ) ) ;
#6864 = AXIS2_PLACEMENT_3D ( 'NONE', #2852, #7867, #1025 ) ;
#6865 = LINE ( 'NONE', #6252, #6901 ) ;
#6866 = CARTESIAN_POINT ( 'NONE',  ( 9.677370669148638527, 10.79999999999999893, 1.809011313370296747 ) ) ;
#6867 = ORIENTED_EDGE ( 'NONE', *, *, #1898, .F. ) ;
#6868 = ORIENTED_EDGE ( 'NONE', *, *, #6271, .T. ) ;
#6869 = AXIS2_PLACEMENT_3D ( 'NONE', #171, #7713, #1578 ) ;
#6870 = CARTESIAN_POINT ( 'NONE',  ( -9.763796022220860849, 10.80179797145100906, 1.854949811170698792 ) ) ;
#6871 = B_SPLINE_CURVE_WITH_KNOTS ( 'NONE', 3,
 ( #3094, #5108, #6259, #650, #38, #7624, #4398, #3828, #4355, #4487, #1984, #1359, #1189, #6222, #8152, #2553 ),
 .UNSPECIFIED., .F., .F.,
 ( 4, 3, 3, 3, 3, 4 ),
 ( 0.000000000000000000, 6.675202898540761274E-06, 1.334887914328033365E-05, 2.004671926366076781E-05, 2.679650801738364216E-05, 3.136835858832841197E-05 ),
 .UNSPECIFIED. ) ;
#6872 = CARTESIAN_POINT ( 'NONE',  ( -4.299624730844157305, 5.858593245063008936, 20.23743184964380148 ) ) ;
#6873 = EDGE_CURVE ( 'NONE', #1768, #4371, #4350, .T. ) ;
#6874 = CARTESIAN_POINT ( 'NONE',  ( -7.335224231743773693, 10.16346852604072737, 6.525978288061414112 ) ) ;
#6875 = CIRCLE ( 'NONE', #1353, 13.56206896551724128 ) ;
#6876 = AXIS2_PLACEMENT_3D ( 'NONE', #7266, #7422, #5490 ) ;
#6877 = EDGE_LOOP ( 'NONE', ( #1939, #2311, #3870, #1729 ) ) ;
#6878 = VERTEX_POINT ( 'NONE', #5562 ) ;
#6879 = CARTESIAN_POINT ( 'NONE',  ( 4.041736049507518302, 7.034457553189013446, 18.88352932675783791 ) ) ;
#6880 = DIRECTION ( 'NONE',  ( 0.000000000000000000, 1.000000000000000000, 0.000000000000000000 ) ) ;
#6881 = TOROIDAL_SURFACE ( 'NONE', #4648, 1.467157287525383325, 0.2999999999999999889 ) ;
#6882 = EDGE_CURVE ( 'NONE', #3513, #3322, #7841, .T. ) ;
#6883 = CARTESIAN_POINT ( 'NONE',  ( -9.758885704719602927, 11.77999999999999936, 1.835497153966576533 ) ) ;
#6884 = LINE ( 'NONE', #5028, #5166 ) ;
#6885 = CARTESIAN_POINT ( 'NONE',  ( 4.463051525296573452, 5.748494418354196611, 20.51191293533616999 ) ) ;
#6886 = ORIENTED_EDGE ( 'NONE', *, *, #641, .T. ) ;
#6887 = DIRECTION ( 'NONE',  ( 0.000000000000000000, 0.000000000000000000, -1.000000000000000000 ) ) ;
#6888 = ORIENTED_EDGE ( 'NONE', *, *, #5352, .T. ) ;
#6889 = ORIENTED_EDGE ( 'NONE', *, *, #5317, .T. ) ;
#6890 = DIRECTION ( 'NONE',  ( 0.9820588696906381587, 0.000000000000000000, -0.1885745912416260661 ) ) ;
#6891 = ORIENTED_EDGE ( 'NONE', *, *, #2, .F. ) ;
#6892 = CARTESIAN_POINT ( 'NONE',  ( -9.010131511973954233, 11.79999999999999716, 4.268305300342743358 ) ) ;
#6893 = DIRECTION ( 'NONE',  ( -0.000000000000000000, -1.000000000000000000, -0.000000000000000000 ) ) ;
#6894 = EDGE_CURVE ( 'NONE', #4719, #7, #4086, .T. ) ;
#6895 = CARTESIAN_POINT ( 'NONE',  ( -7.404375850879811871, 6.000000000000000000, 18.83092542013858406 ) ) ;
#6896 = EDGE_CURVE ( 'NONE', #1244, #7699, #5803, .T. ) ;
#6897 = CARTESIAN_POINT ( 'NONE',  ( 0.000000000000000000, 10.79999999999999716, 0.000000000000000000 ) ) ;
#6898 = DIRECTION ( 'NONE',  ( -0.000000000000000000, -1.000000000000000000, -0.000000000000000000 ) ) ;
#6899 = CARTESIAN_POINT ( 'NONE',  ( 7.051957949194488151, 10.01394959312380095, 7.063026778346547907 ) ) ;
#6900 = DIRECTION ( 'NONE',  ( 0.9820588696906382697, 0.000000000000000000, 0.1885745912416251224 ) ) ;
#6901 = VECTOR ( 'NONE', #4558, 1000.000000000000000 ) ;
#6902 = AXIS2_PLACEMENT_3D ( 'NONE', #3962, #5865, #4001 ) ;
#6903 = CARTESIAN_POINT ( 'NONE',  ( 7.523212336831517355, 6.000000000000000000, 19.33838391723538308 ) ) ;
#6904 = ORIENTED_EDGE ( 'NONE', *, *, #1197, .T. ) ;
#6905 = DIRECTION ( 'NONE',  ( -3.761581922631627100E-27, 4.336808689942194441E-14, 1.000000000000000000 ) ) ;
#6906 = CARTESIAN_POINT ( 'NONE',  ( 9.758885704719627796, 10.81999999999999851, 1.835497153966437534 ) ) ;
#6907 = CARTESIAN_POINT ( 'NONE',  ( 5.017613688127632976, 6.799999999999998934, 17.33981879194395859 ) ) ;
#6908 = CARTESIAN_POINT ( 'NONE',  ( 1.260795983024704858, 10.80858269114621173, 9.866424490157882587 ) ) ;
#6909 = CARTESIAN_POINT ( 'NONE',  ( -6.506607919322875411, 6.994645745266778292, 20.42074486914010478 ) ) ;
#6910 = VECTOR ( 'NONE', #6291, 1000.000000000000114 ) ;
#6911 = CARTESIAN_POINT ( 'NONE',  ( 9.674199253030270285, 10.80952540632320868, 1.825895345487724253 ) ) ;
#6912 = ORIENTED_EDGE ( 'NONE', *, *, #1104, .T. ) ;
#6913 = CARTESIAN_POINT ( 'NONE',  ( -9.760442241913425576, 10.80069705145041148, 1.855436491769239193 ) ) ;
#6914 = CARTESIAN_POINT ( 'NONE',  ( 8.604744071604255140, 6.208870494060181322, 4.967951306048528082 ) ) ;
#6915 = EDGE_CURVE ( 'NONE', #2477, #2477, #100, .T. ) ;
#6916 = CARTESIAN_POINT ( 'NONE',  ( -4.465621462243940520, 5.848202725690947901, 20.42617352380659312 ) ) ;
#6917 = AXIS2_PLACEMENT_3D ( 'NONE', #1232, #568, #1 ) ;
#6918 = CARTESIAN_POINT ( 'NONE',  ( -7.347926291879987915, 10.28923722724694478, 6.409850905514191233 ) ) ;
#6919 = ORIENTED_EDGE ( 'NONE', *, *, #413, .T. ) ;
#6920 = TOROIDAL_SURFACE ( 'NONE', #2859, 0.04000000000000000083, 0.02000000000000000042 ) ;
#6921 = CARTESIAN_POINT ( 'NONE',  ( 4.468742431378553093, 6.768163263041269140, 17.64375213097446959 ) ) ;
#6922 = CARTESIAN_POINT ( 'NONE',  ( -2.939133998076038701, 6.600000000000000533, 19.64958055990333463 ) ) ;
#6923 = CARTESIAN_POINT ( 'NONE',  ( -2.649999999999997691, 6.000000000000000000, 7.192339743785780115 ) ) ;
#6924 = CARTESIAN_POINT ( 'NONE',  ( 4.780502606916956942, 11.79999999999999716, -8.749153949111891038 ) ) ;
#6925 = CARTESIAN_POINT ( 'NONE',  ( 7.099091260735781894, 6.070747422555199613, 20.57563992120226004 ) ) ;
#6926 = ORIENTED_EDGE ( 'NONE', *, *, #5998, .F. ) ;
#6927 = AXIS2_PLACEMENT_3D ( 'NONE', #3798, #55, #2614 ) ;
#6928 = CARTESIAN_POINT ( 'NONE',  ( 0.000000000000000000, 4.000000000000000000, 0.000000000000000000 ) ) ;
#6929 = DIRECTION ( 'NONE',  ( 0.000000000000000000, 0.000000000000000000, 1.000000000000000000 ) ) ;
#6930 = ORIENTED_EDGE ( 'NONE', *, *, #4316, .T. ) ;
#6931 = ORIENTED_EDGE ( 'NONE', *, *, #1393, .T. ) ;
#6932 = LINE ( 'NONE', #3189, #5902 ) ;
#6934 = ADVANCED_FACE ( 'NONE', ( #29 ), #3653, .T. ) ;
#6933 = ORIENTED_EDGE ( 'NONE', *, *, #7310, .T. ) ;
#6935 = LINE ( 'NONE', #2491, #6093 ) ;
#6936 = CARTESIAN_POINT ( 'NONE',  ( -5.273200723037403392, 7.173002349621492080, 18.23789481579696670 ) ) ;
#6937 = TOROIDAL_SURFACE ( 'NONE', #883, 9.930000000000001492, 0.02000000000000000042 ) ;
#6938 = CARTESIAN_POINT ( 'NONE',  ( -7.523493460389182985, 6.000000000000000000, 19.59923207230619369 ) ) ;
#6939 = CARTESIAN_POINT ( 'NONE',  ( -4.246710173234934160, 6.966268996207457320, 20.06050624708607799 ) ) ;
#6940 = LINE ( 'NONE', #6324, #4208 ) ;
#6941 = CARTESIAN_POINT ( 'NONE',  ( 6.834283803672205337, 9.622876608059904413, 7.306230580060596225 ) ) ;
#6942 = DIRECTION ( 'NONE',  ( 0.9820588696906380477, 0.000000000000000000, -0.1885745912416258163 ) ) ;
#6943 = EDGE_CURVE ( 'NONE', #7969, #4270, #7811, .T. ) ;
#6944 = EDGE_CURVE ( 'NONE', #7376, #5109, #3129, .T. ) ;
#6945 = CARTESIAN_POINT ( 'NONE',  ( 6.152917291316497561, 6.000000000000000000, 21.08660457432725011 ) ) ;
#6946 = ORIENTED_EDGE ( 'NONE', *, *, #470, .F. ) ;
#6947 = CARTESIAN_POINT ( 'NONE',  ( -7.434317301361244468, 6.799999999999999822, 19.92422720584379547 ) ) ;
#6948 = CIRCLE ( 'NONE', #7352, 0.02000000000000079492 ) ;
#6949 = FACE_BOUND ( 'NONE', #6552, .T. ) ;
#6950 = CARTESIAN_POINT ( 'NONE',  ( 8.905905961621181532, 11.79808186012023086, 4.196292128383077191 ) ) ;
#6951 = CARTESIAN_POINT ( 'NONE',  ( 4.321208766340713048, 6.980000000000000426, 20.12537257916093481 ) ) ;
#6952 = AXIS2_PLACEMENT_3D ( 'NONE', #8084, #4335, #1243 ) ;
#6953 = CARTESIAN_POINT ( 'NONE',  ( -7.052832034732567479, 8.599999999999999645, 6.868885301841317848 ) ) ;
#6954 = CIRCLE ( 'NONE', #4590, 0.09999999999999939493 ) ;
#6955 = CARTESIAN_POINT ( 'NONE',  ( 9.675033198101155918, 10.80444578712997128, 1.821471277742781503 ) ) ;
#6956 = ADVANCED_FACE ( 'NONE', ( #2057 ), #3736, .F. ) ;
#6957 = EDGE_LOOP ( 'NONE', ( #4224 ) ) ;
#6958 = ORIENTED_EDGE ( 'NONE', *, *, #2273, .T. ) ;
#6959 = CARTESIAN_POINT ( 'NONE',  ( 6.134824906530563560, 9.542705290342999191, 8.834857433925007442 ) ) ;
#6960 = CARTESIAN_POINT ( 'NONE',  ( 6.992831945748592126, 8.599999999999999645, 6.808781967098552990 ) ) ;
#6961 = CIRCLE ( 'NONE', #2897, 0.09999999999999982514 ) ;
#6962 = DIRECTION ( 'NONE',  ( 0.3090169943749878634, 0.000000000000000000, -0.9510565162951403195 ) ) ;
#6963 = CARTESIAN_POINT ( 'NONE',  ( -7.443783241251821003, 9.480319475320328593, 6.210975684999376689 ) ) ;
#6964 = AXIS2_PLACEMENT_3D ( 'NONE', #5523, #7417, #3631 ) ;
#6965 = VERTEX_POINT ( 'NONE', #599 ) ;
#6966 = CARTESIAN_POINT ( 'NONE',  ( 6.382868254929890739, 7.156750332048444463, 18.18471308002692766 ) ) ;
#6967 = DIRECTION ( 'NONE',  ( 1.000000000000000000, 0.000000000000000000, 0.000000000000000000 ) ) ;
#6968 = DIRECTION ( 'NONE',  ( -0.000000000000000000, -1.000000000000000000, -0.000000000000000000 ) ) ;
#6969 = DIRECTION ( 'NONE',  ( 0.000000000000000000, 1.000000000000000000, 0.000000000000000000 ) ) ;
#6970 = CARTESIAN_POINT ( 'NONE',  ( 4.497655255904279059, 5.500817347012952219, 19.53272462615276339 ) ) ;
#6971 = ORIENTED_EDGE ( 'NONE', *, *, #3707, .F. ) ;
#6972 = DIRECTION ( 'NONE',  ( 0.000000000000000000, 0.000000000000000000, -1.000000000000000000 ) ) ;
#6973 = CARTESIAN_POINT ( 'NONE',  ( 7.149018908025549734, 8.370521115756876185, 6.781101516784207028 ) ) ;
#6974 = ORIENTED_EDGE ( 'NONE', *, *, #6984, .F. ) ;
#6975 = CARTESIAN_POINT ( 'NONE',  ( 4.040135404576813194, 5.800000000000000711, 19.46959156069295815 ) ) ;
#6976 = EDGE_LOOP ( 'NONE', ( #7989 ) ) ;
#6977 = AXIS2_PLACEMENT_3D ( 'NONE', #5461, #3001, #7477 ) ;
#6978 = CARTESIAN_POINT ( 'NONE',  ( -6.736496041310434890, 11.79999999999999716, -7.179390370039008040 ) ) ;
#6979 = CARTESIAN_POINT ( 'NONE',  ( -5.195412304019346728, 7.234978811638773877, 18.45318881754591089 ) ) ;
#6980 = CARTESIAN_POINT ( 'NONE',  ( -6.879460470586625576, 6.000000000000000000, 17.95726613556904283 ) ) ;
#6981 = CARTESIAN_POINT ( 'NONE',  ( -1.250000000000082379, 14.46956620078466216, 9.848451654955704626 ) ) ;
#6982 = DIRECTION ( 'NONE',  ( -0.000000000000000000, -1.000000000000000000, -0.000000000000000000 ) ) ;
#6983 = CARTESIAN_POINT ( 'NONE',  ( 6.797755376815064920, 9.766758117992367261, 7.322308065101435837 ) ) ;
#6984 = EDGE_CURVE ( 'NONE', #693, #7420, #5055, .T. ) ;
#6985 = ORIENTED_EDGE ( 'NONE', *, *, #1891, .T. ) ;
#6986 = CARTESIAN_POINT ( 'NONE',  ( 4.770912832379510249, 10.81999999999999851, -8.731602988331324866 ) ) ;
#6987 = CARTESIAN_POINT ( 'NONE',  ( 7.421039954780970227, 6.000000000000000000, 19.95161098668024380 ) ) ;
#6988 = ORIENTED_EDGE ( 'NONE', *, *, #6716, .T. ) ;
#6989 = CARTESIAN_POINT ( 'NONE',  ( -7.510924050498648974, 6.800000000000001599, 19.23367535903951264 ) ) ;
#6990 = DIRECTION ( 'NONE',  ( 0.9510565162951544194, -0.000000000000000000, 0.3090169943749447312 ) ) ;
#6991 = DIRECTION ( 'NONE',  ( -0.000000000000000000, -1.000000000000000000, -0.000000000000000000 ) ) ;
#6992 = CARTESIAN_POINT ( 'NONE',  ( 5.799282471249015636, 6.750000000000000888, 21.67682676946076725 ) ) ;
#6993 = ADVANCED_FACE ( 'NONE', ( #2508 ), #6937, .T. ) ;
#6994 = EDGE_CURVE ( 'NONE', #3940, #803, #6418, .T. ) ;
#6995 = PLANE ( 'NONE',  #5990 ) ;
#6996 = DIRECTION ( 'NONE',  ( 0.000000000000000000, -1.000000000000000000, 0.000000000000000000 ) ) ;
#6997 = EDGE_LOOP ( 'NONE', ( #778, #4482, #6299, #7742 ) ) ;
#6998 = ORIENTED_EDGE ( 'NONE', *, *, #206, .F. ) ;
#6999 = CARTESIAN_POINT ( 'NONE',  ( 7.213539517796005107, 9.700000000000001066, 6.966034138962814204 ) ) ;
#7000 = CARTESIAN_POINT ( 'NONE',  ( 7.232355646270266725, 8.533033581547256219, 6.807829544192589566 ) ) ;
#7001 = CARTESIAN_POINT ( 'NONE',  ( -1.259274886133633142, 10.80311888826280153, 9.764130875872096382 ) ) ;
#7002 = EDGE_CURVE ( 'NONE', #4498, #2189, #5493, .T. ) ;
#7003 = CARTESIAN_POINT ( 'NONE',  ( 6.680789776143186032, 9.704501432125193006, 7.339296155538661992 ) ) ;
#7004 = ORIENTED_EDGE ( 'NONE', *, *, #3230, .F. ) ;
#7005 = VECTOR ( 'NONE', #950, 1000.000000000000000 ) ;
#7006 = CARTESIAN_POINT ( 'NONE',  ( -9.746525024944602933, 11.77999999999999936, 1.873539414618382137 ) ) ;
#7007 = CARTESIAN_POINT ( 'NONE',  ( -5.200330760611887371, 7.228308768018236741, 18.80555947608375789 ) ) ;
#7008 = CARTESIAN_POINT ( 'NONE',  ( 0.000000000000000000, 8.299999999999998934, 0.000000000000000000 ) ) ;
#7009 = CARTESIAN_POINT ( 'NONE',  ( 7.405708227478099204, 6.980000000000000426, 22.85064685414014107 ) ) ;
#7010 = VECTOR ( 'NONE', #1172, 1000.000000000000000 ) ;
#7011 = CARTESIAN_POINT ( 'NONE',  ( 6.587647952814521979, 5.482370250530029132, 19.02392845628852669 ) ) ;
#7012 = ORIENTED_EDGE ( 'NONE', *, *, #6894, .F. ) ;
#7013 = DIRECTION ( 'NONE',  ( 0.9037243241699128848, 0.000000000000000000, 0.4281148746582327802 ) ) ;
#7014 = DIRECTION ( 'NONE',  ( 0.000000000000000000, 0.000000000000000000, -1.000000000000000000 ) ) ;
#7015 = ORIENTED_EDGE ( 'NONE', *, *, #1296, .F. ) ;
#7016 = ORIENTED_EDGE ( 'NONE', *, *, #2617, .F. ) ;
#7017 = CARTESIAN_POINT ( 'NONE',  ( -6.751183836619019552, 10.81999999999999851, -7.165580353619246168 ) ) ;
#7018 = ORIENTED_EDGE ( 'NONE', *, *, #7853, .T. ) ;
#7019 = AXIS2_PLACEMENT_3D ( 'NONE', #6923, #612, #1859 ) ;
#7020 = AXIS2_PLACEMENT_3D ( 'NONE', #2283, #7386, #7961 ) ;
#7021 = DIRECTION ( 'NONE',  ( 0.000000000000000000, 0.000000000000000000, 1.000000000000000000 ) ) ;
#7022 = DIRECTION ( 'NONE',  ( 0.000000000000000000, 0.000000000000000000, 1.000000000000000000 ) ) ;
#7023 = CARTESIAN_POINT ( 'NONE',  ( -5.452311520637791453, 6.000000000000000000, 17.26296154999713295 ) ) ;
#7024 = DIRECTION ( 'NONE',  ( -1.000000000000000000, 0.000000000000000000, 0.000000000000000000 ) ) ;
#7025 = CARTESIAN_POINT ( 'NONE',  ( 6.877537337236548254, 10.19056098500208662, 7.041588349400678126 ) ) ;
#7026 = ORIENTED_EDGE ( 'NONE', *, *, #4838, .T. ) ;
#7027 = DIRECTION ( 'NONE',  ( 0.000000000000000000, 0.000000000000000000, 1.000000000000000000 ) ) ;
#7028 = ORIENTED_EDGE ( 'NONE', *, *, #6340, .F. ) ;
#7029 = CARTESIAN_POINT ( 'NONE',  ( 4.507646690231899456, 6.000000000000000000, 17.70049305429507314 ) ) ;
#7030 = ORIENTED_EDGE ( 'NONE', *, *, #7693, .F. ) ;
#7031 = CARTESIAN_POINT ( 'NONE',  ( -7.530574354621961675, 6.800000000000000711, 19.59726247772716334 ) ) ;
#7032 = CARTESIAN_POINT ( 'NONE',  ( 8.193791918384345507, 6.800000000000000711, 19.74976501383081740 ) ) ;
#7033 = DIRECTION ( 'NONE',  ( 0.000000000000000000, 1.000000000000000000, 0.000000000000000000 ) ) ;
#7034 = CARTESIAN_POINT ( 'NONE',  ( 2.399999999999963940, 6.000000000000000000, 22.14408978155968555 ) ) ;
#7035 = LINE ( 'NONE', #1390, #5590 ) ;
#7036 = CARTESIAN_POINT ( 'NONE',  ( 9.676134130674890699, 10.80114195817273703, 1.815613748898297297 ) ) ;
#7037 = AXIS2_PLACEMENT_3D ( 'NONE', #4141, #7860, #4726 ) ;
#7038 = EDGE_CURVE ( 'NONE', #1414, #3103, #1977, .T. ) ;
#7039 = ORIENTED_EDGE ( 'NONE', *, *, #4531, .T. ) ;
#7040 = EDGE_CURVE ( 'NONE', #3785, #8137, #1350, .T. ) ;
#7041 = CARTESIAN_POINT ( 'NONE',  ( 5.180207657965882895, 7.299179733699106443, 17.99796898046349014 ) ) ;
#7042 = CARTESIAN_POINT ( 'NONE',  ( 7.392052563226653383, 7.332256572154845387, 6.506585819287233896 ) ) ;
#7043 = DIRECTION ( 'NONE',  ( -0.000000000000000000, -1.000000000000000000, -0.000000000000000000 ) ) ;
#7044 = CIRCLE ( 'NONE', #6381, 0.02000000000000006634 ) ;
#7045 = CARTESIAN_POINT ( 'NONE',  ( -7.354793616507618204, 9.768073783472187799, 6.750530451753780525 ) ) ;
#7046 = ORIENTED_EDGE ( 'NONE', *, *, #1915, .T. ) ;
#7047 = EDGE_CURVE ( 'NONE', #788, #4470, #3196, .T. ) ;
#7048 = ADVANCED_FACE ( 'NONE', ( #5963 ), #7783, .T. ) ;
#7049 = DIRECTION ( 'NONE',  ( -0.3090169943749910275, 0.000000000000000000, -0.9510565162951393203 ) ) ;
#7050 = CARTESIAN_POINT ( 'NONE',  ( -7.213539517796005995, 9.900000000000000355, 6.966034138962815092 ) ) ;
#7051 = VECTOR ( 'NONE', #5563, 1000.000000000000000 ) ;
#7052 = CARTESIAN_POINT ( 'NONE',  ( -4.855020331690625746, 6.790223400592432235, 17.37323250888237780 ) ) ;
#7053 = VECTOR ( 'NONE', #4725, 1000.000000000000000 ) ;
#7054 = CARTESIAN_POINT ( 'NONE',  ( -6.769350051285822012, 9.608517198359512790, 7.313175641029963536 ) ) ;
#7055 = CARTESIAN_POINT ( 'NONE',  ( 6.201661538219203962, 5.261891572213844626, 19.29425828768717466 ) ) ;
#7056 = ORIENTED_EDGE ( 'NONE', *, *, #2081, .F. ) ;
#7057 = CARTESIAN_POINT ( 'NONE',  ( 5.231356120501150286, 7.000000000000000000, 23.44087549234617640 ) ) ;
#7058 = AXIS2_PLACEMENT_3D ( 'NONE', #349, #392, #7188 ) ;
#7059 = DIRECTION ( 'NONE',  ( 8.881784197001252323E-16, 0.000000000000000000, 1.000000000000000000 ) ) ;
#7060 = ORIENTED_EDGE ( 'NONE', *, *, #2016, .F. ) ;
#7061 = ORIENTED_EDGE ( 'NONE', *, *, #81, .F. ) ;
#7062 = FACE_OUTER_BOUND ( 'NONE', #2656, .T. ) ;
#7063 = EDGE_CURVE ( 'NONE', #428, #2956, #5232, .T. ) ;
#7064 = EDGE_LOOP ( 'NONE', ( #2232, #3127, #3756, #1064 ) ) ;
#7065 = CARTESIAN_POINT ( 'NONE',  ( -6.749869428689527773, 11.78857071385585975, -7.166818617441514938 ) ) ;
#7066 = CARTESIAN_POINT ( 'NONE',  ( -4.142608415956365420, 5.800000000000009592, 19.69753085662760128 ) ) ;
#7067 = DIRECTION ( 'NONE',  ( -0.000000000000000000, 0.000000000000000000, 1.000000000000000000 ) ) ;
#7068 = DIRECTION ( 'NONE',  ( -0.000000000000000000, -1.000000000000000000, -0.000000000000000000 ) ) ;
#7069 = CARTESIAN_POINT ( 'NONE',  ( 7.150726830652046395, 9.711389338361405166, 7.138166150058314230 ) ) ;
#7070 = CARTESIAN_POINT ( 'NONE',  ( 8.893791289276789414, 10.80017665580928110, 4.221907595827556925 ) ) ;
#7071 = EDGE_CURVE ( 'NONE', #262, #4143, #7162, .T. ) ;
#7072 = CIRCLE ( 'NONE', #1143, 9.930000000000001492 ) ;
#7073 = CARTESIAN_POINT ( 'NONE',  ( 4.595977235883574430, 6.000000000000000000, 17.62589127554842960 ) ) ;
#7074 = ORIENTED_EDGE ( 'NONE', *, *, #5457, .F. ) ;
#7075 = CARTESIAN_POINT ( 'NONE',  ( -6.096087158222233349, 6.800000000000001599, 17.38820560034092466 ) ) ;
#7076 = FACE_OUTER_BOUND ( 'NONE', #6421, .T. ) ;
#7077 = CARTESIAN_POINT ( 'NONE',  ( 8.973982539007218762, 10.81999999999999851, 4.251180705356287781 ) ) ;
#7078 = CYLINDRICAL_SURFACE ( 'NONE', #2313, 0.01999999999999999001 ) ;
#7079 = CARTESIAN_POINT ( 'NONE',  ( 6.521391426376632161, 9.651585881403041967, 7.375346848380714526 ) ) ;
#7080 = VECTOR ( 'NONE', #559, 1000.000000000000000 ) ;
#7081 = CYLINDRICAL_SURFACE ( 'NONE', #231, 0.09999999999999982514 ) ;
#7082 = CARTESIAN_POINT ( 'NONE',  ( 0.6570922415819607787, 6.800000000000000711, 22.91389368417637940 ) ) ;
#7083 = EDGE_LOOP ( 'NONE', ( #2943, #7254, #7116, #3992 ) ) ;
#7084 = AXIS2_PLACEMENT_3D ( 'NONE', #6662, #8055, #7977 ) ;
#7085 = CARTESIAN_POINT ( 'NONE',  ( 5.394653923580547961, 7.120159376297464426, 17.95222731235851654 ) ) ;
#7086 = CARTESIAN_POINT ( 'NONE',  ( 7.221559850775772560, 8.047243050777375117, 6.812969566289054590 ) ) ;
#7087 = CARTESIAN_POINT ( 'NONE',  ( -4.827953083600429629, 5.800000000000000711, 20.62761665256642729 ) ) ;
#7088 = TOROIDAL_SURFACE ( 'NONE', #6556, 9.969999999999998863, 0.02000000000000000042 ) ;
#7089 = CARTESIAN_POINT ( 'NONE',  ( -7.199385095985052274, 9.678404069332266602, 7.087189846586070097 ) ) ;
#7090 = EDGE_CURVE ( 'NONE', #4279, #4279, #2737, .T. ) ;
#7091 = VERTEX_POINT ( 'NONE', #4024 ) ;
#7092 = AXIS2_PLACEMENT_3D ( 'NONE', #4044, #134, #2157 ) ;
#7093 = CARTESIAN_POINT ( 'NONE',  ( 7.781956878065127370, 6.697677768261127262, 19.08636685853551285 ) ) ;
#7094 = CARTESIAN_POINT ( 'NONE',  ( -5.944320239319903720, 9.943963046167658248, 8.770786716123723181 ) ) ;
#7095 = CARTESIAN_POINT ( 'NONE',  ( -4.041736049507518302, 7.034457553189013446, 18.88352932675783791 ) ) ;
#7096 = CARTESIAN_POINT ( 'NONE',  ( -6.950422750347974521, 9.774691600457462215, 7.242683636556511928 ) ) ;
#7098 = CARTESIAN_POINT ( 'NONE',  ( 8.901102426010899293, 11.77999999999999936, 4.206471276695338268 ) ) ;
#7097 = AXIS2_PLACEMENT_3D ( 'NONE', #6922, #6967, #5026 ) ;
#7099 = ADVANCED_FACE ( 'NONE', ( #5390 ), #7081, .T. ) ;
#7100 = EDGE_LOOP ( 'NONE', ( #3338, #6071, #1848, #7312 ) ) ;
#7101 = DIRECTION ( 'NONE',  ( -0.9820588696906381587, 0.000000000000000000, -0.1885745912416262604 ) ) ;
#7102 = DIRECTION ( 'NONE',  ( 0.000000000000000000, 0.000000000000000000, -1.000000000000000000 ) ) ;
#7103 = ORIENTED_EDGE ( 'NONE', *, *, #802, .T. ) ;
#7104 = CARTESIAN_POINT ( 'NONE',  ( 2.599999999999963229, 5.899999999999999467, 16.80000000000000071 ) ) ;
#7105 = LINE ( 'NONE', #2786, #4172 ) ;
#7106 = DIRECTION ( 'NONE',  ( -0.000000000000000000, -1.000000000000000000, -0.000000000000000000 ) ) ;
#7107 = DIRECTION ( 'NONE',  ( -0.9820588696906382697, 0.000000000000000000, -0.1885745912416251224 ) ) ;
#7108 = CARTESIAN_POINT ( 'NONE',  ( 0.000000000000000000, 8.306979899340500850, 0.000000000000000000 ) ) ;
#7109 = CARTESIAN_POINT ( 'NONE',  ( -4.855516954444329514, 6.010380685194468775, 17.37218583741454125 ) ) ;
#7110 = EDGE_CURVE ( 'NONE', #693, #2555, #4570, .T. ) ;
#7111 = CARTESIAN_POINT ( 'NONE',  ( 6.968094450456069566, 9.241833826335966506, 7.043527758954579276 ) ) ;
#7112 = ORIENTED_EDGE ( 'NONE', *, *, #394, .T. ) ;
#7113 = PRESENTATION_LAYER_ASSIGNMENT (  '', '', ( #2505 ) ) ;
#7114 = CARTESIAN_POINT ( 'NONE',  ( 0.000000000000000000, 10.81999999999999851, 0.000000000000000000 ) ) ;
#7115 = CARTESIAN_POINT ( 'NONE',  ( 4.414189768555677240, 6.000000000000000000, 17.78185690059082802 ) ) ;
#7116 = ORIENTED_EDGE ( 'NONE', *, *, #4882, .T. ) ;
#7117 = CARTESIAN_POINT ( 'NONE',  ( -4.171171228843371104, 6.800000000000000711, 20.55547593521213656 ) ) ;
#7118 = CARTESIAN_POINT ( 'NONE',  ( -7.151089601183296729, 9.255764462332436437, 6.818385493518587914 ) ) ;
#7119 = CARTESIAN_POINT ( 'NONE',  ( 8.906816034870240983, 11.79897052568867366, 4.194360252369206066 ) ) ;
#7120 = DIRECTION ( 'NONE',  ( -0.9820588696906383808, 0.000000000000000000, -0.1885745912416245118 ) ) ;
#7121 = CARTESIAN_POINT ( 'NONE',  ( 6.835843042656029489, 10.17758252739015212, 7.085252053013665119 ) ) ;
#7122 = CARTESIAN_POINT ( 'NONE',  ( 4.780502606916956942, 11.77999999999999936, -8.749153949111891038 ) ) ;
#7123 = DIRECTION ( 'NONE',  ( -0.000000000000000000, -1.000000000000000000, -0.000000000000000000 ) ) ;
#7124 = EDGE_LOOP ( 'NONE', ( #2208 ) ) ;
#7125 = CARTESIAN_POINT ( 'NONE',  ( 5.383415904986078360, 7.443900581196478683, 18.80555947608375789 ) ) ;
#7126 = CARTESIAN_POINT ( 'NONE',  ( -7.194361543698470030, 8.338211895909692473, 6.796982416678225114 ) ) ;
#7127 = CARTESIAN_POINT ( 'NONE',  ( 1.230000000000081695, 11.79999999999999716, 9.767861843822311485 ) ) ;
#7128 = CARTESIAN_POINT ( 'NONE',  ( -7.357468327219677917, 9.326841409005748318, 6.418508879612212503 ) ) ;
#7129 = ORIENTED_EDGE ( 'NONE', *, *, #899, .T. ) ;
#7130 = CARTESIAN_POINT ( 'NONE',  ( 9.673644911948310110, 10.81999999999999851, 1.828829985957294957 ) ) ;
#7131 = EDGE_CURVE ( 'NONE', #7449, #5036, #4835, .T. ) ;
#7132 = CARTESIAN_POINT ( 'NONE',  ( -5.383415904986078360, 7.443900581196476907, 18.60617693573591325 ) ) ;
#7133 = CARTESIAN_POINT ( 'NONE',  ( 0.000000000000000000, 0.000000000000000000, 0.000000000000000000 ) ) ;
#7134 = CARTESIAN_POINT ( 'NONE',  ( -6.804752960877856971, 9.803389436108254529, 7.293612339199918360 ) ) ;
#7135 = CIRCLE ( 'NONE', #7267, 9.950000000000001066 ) ;
#7136 = CARTESIAN_POINT ( 'NONE',  ( 4.428063802612634881, 6.979333541354281856, 20.29880490261086834 ) ) ;
#7137 = VERTEX_POINT ( 'NONE', #5843 ) ;
#7138 = CARTESIAN_POINT ( 'NONE',  ( 0.000000000000000000, 11.79999999999999716, 0.000000000000000000 ) ) ;
#7139 = ORIENTED_EDGE ( 'NONE', *, *, #5574, .T. ) ;
#7140 = DIRECTION ( 'NONE',  ( -0.000000000000000000, -1.000000000000000000, -0.000000000000000000 ) ) ;
#7141 = DIRECTION ( 'NONE',  ( 0.4794887268722010654, 0.000000000000000000, -0.8775480390283347809 ) ) ;
#7142 = PLANE ( 'NONE',  #7681 ) ;
#7143 = EDGE_CURVE ( 'NONE', #6185, #6185, #1941, .T. ) ;
#7144 = EDGE_CURVE ( 'NONE', #2888, #1361, #7329, .T. ) ;
#7145 = CARTESIAN_POINT ( 'NONE',  ( -4.040135404576809641, 5.800000000000000711, 19.46959156069295460 ) ) ;
#7146 = AXIS2_PLACEMENT_3D ( 'NONE', #1278, #7505, #5688 ) ;
#7147 = CARTESIAN_POINT ( 'NONE',  ( -5.314132705558834324, 6.000000000000000000, 21.41718774689812221 ) ) ;
#7148 = CARTESIAN_POINT ( 'NONE',  ( -5.498827645436525913, 6.139194212094890801, 16.92163611841679938 ) ) ;
#7149 = CARTESIAN_POINT ( 'NONE',  ( 4.744325573287826892, 11.79999999999999716, -8.626436402532718262 ) ) ;
#7150 = ORIENTED_EDGE ( 'NONE', *, *, #3171, .F. ) ;
#7151 = CARTESIAN_POINT ( 'NONE',  ( -4.728641350681535016, 11.78222506763284372, -8.635043484350545029 ) ) ;
#7152 = AXIS2_PLACEMENT_3D ( 'NONE', #8127, #4376, #1245 ) ;
#7153 = CARTESIAN_POINT ( 'NONE',  ( 5.330957371609858164, 6.000000000000000000, 17.28115485929756900 ) ) ;
#7154 = EDGE_CURVE ( 'NONE', #7137, #6624, #4299, .T. ) ;
#7155 = EDGE_LOOP ( 'NONE', ( #1590, #2239, #5792, #2476 ) ) ;
#7156 = CARTESIAN_POINT ( 'NONE',  ( -4.425807911969038777, 6.800000000000000711, 20.87637053760922967 ) ) ;
#7157 = EDGE_CURVE ( 'NONE', #5100, #6512, #6554, .T. ) ;
#7158 = CARTESIAN_POINT ( 'NONE',  ( 5.250069682327795029, 7.177716619899891626, 18.25800502766283273 ) ) ;
#7159 = CARTESIAN_POINT ( 'NONE',  ( 2.313032830975961573, 6.600000000000000533, 19.64958055990333463 ) ) ;
#7160 = CARTESIAN_POINT ( 'NONE',  ( 4.728641350681406230, 10.81999999999999851, -8.635043484350610754 ) ) ;
#7161 = CARTESIAN_POINT ( 'NONE',  ( 0.000000000000000000, 7.779999999999999361, 0.000000000000000000 ) ) ;
#7162 = LINE ( 'NONE', #3335, #6278 ) ;
#7163 = LINE ( 'NONE', #4604, #5110 ) ;
#7164 = ORIENTED_EDGE ( 'NONE', *, *, #376, .T. ) ;
#7165 = CARTESIAN_POINT ( 'NONE',  ( 6.424821642706382008, 6.820000000000000284, 23.57836966310849647 ) ) ;
#7166 = CARTESIAN_POINT ( 'NONE',  ( 6.460329924362335774, 9.500000021469093170, 7.458094298312364145 ) ) ;
#7167 = CARTESIAN_POINT ( 'NONE',  ( -7.210436424583964055, 8.313698170437721302, 6.833980605177954359 ) ) ;
#7168 = CARTESIAN_POINT ( 'NONE',  ( 4.062223081194496821, 6.997860546364890411, 19.43566688050732694 ) ) ;
#7169 = CARTESIAN_POINT ( 'NONE',  ( -6.945778228708462620, 10.09476558737908825, 7.074393835774298367 ) ) ;
#7170 = ORIENTED_EDGE ( 'NONE', *, *, #2502, .F. ) ;
#7171 = ADVANCED_FACE ( 'NONE', ( #3613 ), #7940, .F. ) ;
#7172 = VECTOR ( 'NONE', #4973, 1000.000000000000000 ) ;
#7173 = CARTESIAN_POINT ( 'NONE',  ( -1.250000000000082379, 14.46956620078466216, 9.013739512544159282 ) ) ;
#7174 = CARTESIAN_POINT ( 'NONE',  ( -5.170355374415625427, 9.563536873515062098, 11.74742597282891055 ) ) ;
#7175 = DIRECTION ( 'NONE',  ( 0.000000000000000000, -1.000000000000000000, 0.000000000000000000 ) ) ;
#7176 = DIRECTION ( 'NONE',  ( -0.000000000000000000, -1.000000000000000000, 0.000000000000000000 ) ) ;
#7177 = CARTESIAN_POINT ( 'NONE',  ( -6.711235793727984955, 9.767925148005947023, 7.327488860253303038 ) ) ;
#7178 = DIRECTION ( 'NONE',  ( 0.000000000000000000, 0.000000000000000000, 1.000000000000000000 ) ) ;
#7179 = ORIENTED_EDGE ( 'NONE', *, *, #41, .T. ) ;
#7180 = DIRECTION ( 'NONE',  ( 0.000000000000000000, 1.000000000000000000, 0.000000000000000000 ) ) ;
#7181 = VERTEX_POINT ( 'NONE', #6780 ) ;
#7182 = LINE ( 'NONE', #263, #2207 ) ;
#7183 = CARTESIAN_POINT ( 'NONE',  ( -8.905056083371611919, 11.79697642398282120, 4.198095316896370832 ) ) ;
#7184 = CARTESIAN_POINT ( 'NONE',  ( -4.734682431036884687, 6.918431797415239615, 20.80908639844283670 ) ) ;
#7185 = CARTESIAN_POINT ( 'NONE',  ( -6.985670795323528637, 6.000000000000000000, 20.48985492283413024 ) ) ;
#7186 = CARTESIAN_POINT ( 'NONE',  ( -4.419261828777429457, 5.661653057774513442, 18.63267511938274623 ) ) ;
#7187 = AXIS2_PLACEMENT_3D ( 'NONE', #6928, #829, #4579 ) ;
#7188 = DIRECTION ( 'NONE',  ( -4.336808689942006376E-14, 0.000000000000000000, 1.000000000000000000 ) ) ;
#7189 = ORIENTED_EDGE ( 'NONE', *, *, #6847, .F. ) ;
#7190 = CARTESIAN_POINT ( 'NONE',  ( 1.275115810674805727, 11.79999999999999716, 9.888123162125719290 ) ) ;
#7191 = ORIENTED_EDGE ( 'NONE', *, *, #2219, .F. ) ;
#7192 = CARTESIAN_POINT ( 'NONE',  ( 4.627208353324608225, 6.000000000000000000, 17.60146021808905203 ) ) ;
#7193 = FACE_OUTER_BOUND ( 'NONE', #3314, .T. ) ;
#7194 = CARTESIAN_POINT ( 'NONE',  ( 5.395731882124331413, 7.235468454242746539, 18.39971432164700715 ) ) ;
#7195 = DIRECTION ( 'NONE',  ( -0.8090169943749774273, 0.000000000000000000, -0.5877852522924320589 ) ) ;
#7196 = CARTESIAN_POINT ( 'NONE',  ( 4.748080362662828513, 5.811579241721704925, 20.60228217084666724 ) ) ;
#7197 = CARTESIAN_POINT ( 'NONE',  ( 6.754354511051608334, 10.80758250467072479, -7.162591719415904556 ) ) ;
#7198 = EDGE_CURVE ( 'NONE', #7571, #262, #1555, .T. ) ;
#7199 = EDGE_CURVE ( 'NONE', #395, #3190, #5631, .T. ) ;
#7201 = ORIENTED_EDGE ( 'NONE', *, *, #1450, .T. ) ;
#7200 = CARTESIAN_POINT ( 'NONE',  ( -6.949553814230434945, 9.157861357040729899, 6.974929282784126272 ) ) ;
#7202 = CIRCLE ( 'NONE', #3259, 0.4000000000000010214 ) ;
#7203 = DIRECTION ( 'NONE',  ( -0.000000000000000000, 0.000000000000000000, 1.000000000000000000 ) ) ;
#7204 = ORIENTED_EDGE ( 'NONE', *, *, #4970, .T. ) ;
#7205 = CARTESIAN_POINT ( 'NONE',  ( -1.999999999999958478, 6.000000000000000000, 23.29999999999999716 ) ) ;
#7206 = CARTESIAN_POINT ( 'NONE',  ( -6.539587320791083513, 6.800000000000000711, 20.83830674260543248 ) ) ;
#7207 = CARTESIAN_POINT ( 'NONE',  ( 7.963941695581372215, 6.652995376149286599, 5.924468968098311805 ) ) ;
#7208 = CARTESIAN_POINT ( 'NONE',  ( 4.063948129751944194, 6.998639683269921363, 19.43491422282538039 ) ) ;
#7209 = VECTOR ( 'NONE', #3090, 1000.000000000000000 ) ;
#7210 = CARTESIAN_POINT ( 'NONE',  ( -7.244187012618863442, 9.915126165544975834, 6.955967675084534285 ) ) ;
#7211 = EDGE_CURVE ( 'NONE', #5256, #6533, #4262, .T. ) ;
#7212 = ORIENTED_EDGE ( 'NONE', *, *, #6089, .T. ) ;
#7213 = AXIS2_PLACEMENT_3D ( 'NONE', #3156, #1838, #3197 ) ;
#7214 = ORIENTED_EDGE ( 'NONE', *, *, #5850, .T. ) ;
#7215 = PLANE ( 'NONE',  #593 ) ;
#7216 = CIRCLE ( 'NONE', #4807, 0.09999999999999982514 ) ;
#7217 = AXIS2_PLACEMENT_3D ( 'NONE', #1675, #7819, #5882 ) ;
#7218 = CARTESIAN_POINT ( 'NONE',  ( -5.373797409041640272, 9.365706680185139632, 11.76086855755325011 ) ) ;
#7219 = FACE_OUTER_BOUND ( 'NONE', #5481, .T. ) ;
#7220 = DIRECTION ( 'NONE',  ( 0.000000000000000000, 0.000000000000000000, 1.000000000000000000 ) ) ;
#7221 = DIRECTION ( 'NONE',  ( -0.9820588696906381587, 0.000000000000000000, -0.1885745912416260661 ) ) ;
#7222 = ORIENTED_EDGE ( 'NONE', *, *, #3075, .F. ) ;
#7223 = CARTESIAN_POINT ( 'NONE',  ( 2.399999999999964384, 4.000000000000000000, 22.89999999999999503 ) ) ;
#7224 = TOROIDAL_SURFACE ( 'NONE', #1037, 4.604519503718790041, 0.02000000000000000042 ) ;
#7225 = ORIENTED_EDGE ( 'NONE', *, *, #3114, .F. ) ;
#7226 = VERTEX_POINT ( 'NONE', #3561 ) ;
#7227 = CARTESIAN_POINT ( 'NONE',  ( -5.299999999999995381, 7.236435435219249257, 18.80555947608375789 ) ) ;
#7228 = CARTESIAN_POINT ( 'NONE',  ( 9.774311931309776824, 14.88303627697544940, 1.861538683308893827 ) ) ;
#7229 = CARTESIAN_POINT ( 'NONE',  ( -8.986343218782158360, 11.77999999999999936, 4.213138444704608965 ) ) ;
#7230 = AXIS2_PLACEMENT_3D ( 'NONE', #6264, #655, #4282 ) ;
#7231 = CARTESIAN_POINT ( 'NONE',  ( -5.316691551294008278, 5.269939786653308644, 19.91405675289784583 ) ) ;
#7232 = CARTESIAN_POINT ( 'NONE',  ( 4.736763192319902949, 11.79697642398281943, -8.630591092018226718 ) ) ;
#7233 = ORIENTED_EDGE ( 'NONE', *, *, #6283, .F. ) ;
#7234 = CARTESIAN_POINT ( 'NONE',  ( 8.898644039599176381, 10.80583783305559820, 4.211669644861609996 ) ) ;
#7235 = ORIENTED_EDGE ( 'NONE', *, *, #2409, .T. ) ;
#7236 = CARTESIAN_POINT ( 'NONE',  ( 3.853900426225038256, 6.000000000000000000, 20.02688314689392968 ) ) ;
#7237 = CYLINDRICAL_SURFACE ( 'NONE', #7717, 9.950000000000001066 ) ;
#7238 = CARTESIAN_POINT ( 'NONE',  ( 5.198777708705662803, 7.265623019877621047, 18.55817856471878713 ) ) ;
#7239 = EDGE_CURVE ( 'NONE', #5718, #2548, #1155, .T. ) ;
#7240 = CARTESIAN_POINT ( 'NONE',  ( 7.112831945748592233, 8.599999999999999645, 6.868781967098553487 ) ) ;
#7241 = CARTESIAN_POINT ( 'NONE',  ( 4.720516674993509909, 10.80302497031295950, -8.639487858789145491 ) ) ;
#7242 = DIRECTION ( 'NONE',  ( 0.000000000000000000, 0.000000000000000000, -1.000000000000000000 ) ) ;
#7244 = ORIENTED_EDGE ( 'NONE', *, *, #5725, .F. ) ;
#7243 = CARTESIAN_POINT ( 'NONE',  ( -4.780502606917083952, 11.77999999999999936, -8.749153949111821760 ) ) ;
#7245 = LINE ( 'NONE', #2763, #2229 ) ;
#7246 = EDGE_LOOP ( 'NONE', ( #1403, #4440, #6232, #5315, #5638 ) ) ;
#7247 = CARTESIAN_POINT ( 'NONE',  ( 5.411197232743382379, 7.061307922107276980, 18.36268207818673659 ) ) ;
#7248 = EDGE_CURVE ( 'NONE', #1372, #3235, #5242, .T. ) ;
#7249 = DIRECTION ( 'NONE',  ( 0.000000000000000000, 0.000000000000000000, -1.000000000000000000 ) ) ;
#7250 = EDGE_CURVE ( 'NONE', #1126, #6594, #7366, .T. ) ;
#7251 = CARTESIAN_POINT ( 'NONE',  ( 4.060267866796961833, 6.996574559099621560, 19.44068099514946724 ) ) ;
#7252 = CARTESIAN_POINT ( 'NONE',  ( -6.935885125418601582, 9.147993900405694490, 6.977532704853058654 ) ) ;
#7253 = EDGE_LOOP ( 'NONE', ( #664, #1217, #6150 ) ) ;
#7254 = ORIENTED_EDGE ( 'NONE', *, *, #4924, .F. ) ;
#7255 = DIRECTION ( 'NONE',  ( 0.000000000000000000, 0.000000000000000000, -1.000000000000000000 ) ) ;
#7256 = EDGE_CURVE ( 'NONE', #1374, #4528, #3500, .T. ) ;
#7257 = CARTESIAN_POINT ( 'NONE',  ( -5.126485337263861020, 8.344713690411770912, 15.30195426120655178 ) ) ;
#7258 = CARTESIAN_POINT ( 'NONE',  ( -6.897905455345978432, 6.827031663273658069, 17.82402025057080408 ) ) ;
#7259 = DIRECTION ( 'NONE',  ( 0.000000000000000000, 1.000000000000000000, 0.000000000000000000 ) ) ;
#7260 = CARTESIAN_POINT ( 'NONE',  ( 6.711073619851009475, 9.767847204953930884, 7.327547564971712113 ) ) ;
#7261 = ORIENTED_EDGE ( 'NONE', *, *, #1554, .T. ) ;
#7262 = EDGE_LOOP ( 'NONE', ( #1840, #7292 ) ) ;
#7263 = CARTESIAN_POINT ( 'NONE',  ( 6.829954775867876471, 11.77999999999999936, -7.235621449440234443 ) ) ;
#7264 = DIRECTION ( 'NONE',  ( 0.000000000000000000, 1.000000000000000000, 0.000000000000000000 ) ) ;
#7265 = CARTESIAN_POINT ( 'NONE',  ( -4.821465879933464649, 6.875113487300796855, 20.98676478397385026 ) ) ;
#7266 = CARTESIAN_POINT ( 'NONE',  ( 1.999999999999964029, 5.899999999999998579, 22.89999999999999503 ) ) ;
#7267 = AXIS2_PLACEMENT_3D ( 'NONE', #2691, #296, #2155 ) ;
#7268 = CARTESIAN_POINT ( 'NONE',  ( -7.359620782005159789, 5.982918569961078070, 18.48326879349124852 ) ) ;
#7269 = CARTESIAN_POINT ( 'NONE',  ( 1.250000000000082379, 11.77999999999999936, 9.765322575317203047 ) ) ;
#7270 = CARTESIAN_POINT ( 'NONE',  ( 6.836941784469793504, 9.176644155502454936, 7.085105047391874855 ) ) ;
#7271 = ORIENTED_EDGE ( 'NONE', *, *, #7300, .T. ) ;
#7272 = DIRECTION ( 'NONE',  ( 0.9820588696906381587, 0.000000000000000000, -0.1885745912416257608 ) ) ;
#7273 = ORIENTED_EDGE ( 'NONE', *, *, #3031, .F. ) ;
#7274 = VECTOR ( 'NONE', #4534, 1000.000000000000000 ) ;
#7275 = FACE_OUTER_BOUND ( 'NONE', #7498, .T. ) ;
#7276 = CARTESIAN_POINT ( 'NONE',  ( 5.282794825780523951, 7.172129841995858790, 18.23288087265638779 ) ) ;
#7277 = DIRECTION ( 'NONE',  ( -0.000000000000000000, -1.000000000000000000, -0.000000000000000000 ) ) ;
#7278 = DIRECTION ( 'NONE',  ( 0.000000000000000000, 0.000000000000000000, -1.000000000000000000 ) ) ;
#7279 = CARTESIAN_POINT ( 'NONE',  ( 6.763605383018184369, 10.80017665580928288, -7.153856964444393896 ) ) ;
#7280 = CIRCLE ( 'NONE', #7672, 1.221359479792052838 ) ;
#7282 = ORIENTED_EDGE ( 'NONE', *, *, #5190, .F. ) ;
#7281 = CARTESIAN_POINT ( 'NONE',  ( 5.299799988041396404, 7.336469521705205388, 18.81266225346519150 ) ) ;
#7283 = CARTESIAN_POINT ( 'NONE',  ( -7.180720835528222601, 8.307440795974230241, 6.879792562696244396 ) ) ;
#7284 = ORIENTED_EDGE ( 'NONE', *, *, #1655, .T. ) ;
#7285 = CARTESIAN_POINT ( 'NONE',  ( -2.939133998076038701, 6.600000000000000533, 19.79958055990334032 ) ) ;
#7286 = CIRCLE ( 'NONE', #3345, 0.4000000000000010214 ) ;
#7287 = CARTESIAN_POINT ( 'NONE',  ( -6.549888419888514335, 6.804675792811235802, 20.82017010036373961 ) ) ;
#7288 = CARTESIAN_POINT ( 'NONE',  ( -7.172115050805309089, 8.356024311407294292, 6.784344358898293237 ) ) ;
#7289 = CARTESIAN_POINT ( 'NONE',  ( 4.924869976314775855, 6.800000000000001599, 21.23203905390871071 ) ) ;
#7290 = CARTESIAN_POINT ( 'NONE',  ( -6.568472901500372885, 9.564250431889512072, 7.360914227273771537 ) ) ;
#7291 = ADVANCED_FACE ( 'NONE', ( #2627, #757 ), #1964, .F. ) ;
#7292 = ORIENTED_EDGE ( 'NONE', *, *, #6385, .F. ) ;
#7293 = ORIENTED_EDGE ( 'NONE', *, *, #8149, .T. ) ;
#7294 = DIRECTION ( 'NONE',  ( -1.000000000000000000, 0.000000000000000000, 0.000000000000000000 ) ) ;
#7295 = CARTESIAN_POINT ( 'NONE',  ( -5.415922573790129313, 7.045223623644044864, 18.80555947608375789 ) ) ;
#7296 = CARTESIAN_POINT ( 'NONE',  ( -6.198361143778361004, 6.802765281788227369, 17.37319336131650971 ) ) ;
#7297 = DIRECTION ( 'NONE',  ( 1.000000000000000000, 0.000000000000000000, 0.000000000000000000 ) ) ;
#7298 = ORIENTED_EDGE ( 'NONE', *, *, #7693, .T. ) ;
#7299 = EDGE_CURVE ( 'NONE', #7929, #7137, #3287, .T. ) ;
#7300 = EDGE_CURVE ( 'NONE', #4584, #4094, #7518, .T. ) ;
#7301 = EDGE_LOOP ( 'NONE', ( #1031, #1601, #230, #4619, #3864 ) ) ;
#7302 = CARTESIAN_POINT ( 'NONE',  ( -1.230000000000081695, 11.79999999999999716, 9.848451654955704626 ) ) ;
#7303 = CARTESIAN_POINT ( 'NONE',  ( 1.275115810674805727, 11.77999999999999936, 9.888123162125719290 ) ) ;
#7304 = CARTESIAN_POINT ( 'NONE',  ( 1.999999999999964029, 5.899999999999998579, 23.39999999999999858 ) ) ;
#7305 = CARTESIAN_POINT ( 'NONE',  ( -4.305293461728362026, 6.980000000000000426, 20.13748468381273327 ) ) ;
#7306 = CARTESIAN_POINT ( 'NONE',  ( 4.081673267170077501, 5.813351173879485856, 19.62461297432884422 ) ) ;
#7307 = VECTOR ( 'NONE', #678, 1000.000000000000000 ) ;
#7308 = CARTESIAN_POINT ( 'NONE',  ( 2.499999999999963585, 4.100000000000000533, 16.80000000000000071 ) ) ;
#7309 = CARTESIAN_POINT ( 'NONE',  ( 5.498827645436525913, 6.139194212094890801, 16.92163611841679938 ) ) ;
#7310 = EDGE_CURVE ( 'NONE', #4839, #5099, #1253, .T. ) ;
#7311 = AXIS2_PLACEMENT_3D ( 'NONE', #1723, #6709, #6745 ) ;
#7312 = ORIENTED_EDGE ( 'NONE', *, *, #2603, .F. ) ;
#7313 = DIRECTION ( 'NONE',  ( -0.000000000000000000, -1.000000000000000000, -0.000000000000000000 ) ) ;
#7314 = VERTEX_POINT ( 'NONE', #3808 ) ;
#7315 = CARTESIAN_POINT ( 'NONE',  ( 3.699076348323352637, 6.000000000000000000, 19.72216307431561688 ) ) ;
#7316 = CARTESIAN_POINT ( 'NONE',  ( -3.488917377399679332, 6.000000000000000000, 19.03295722290731717 ) ) ;
#7317 = CYLINDRICAL_SURFACE ( 'NONE', #7747, 0.06000000000000015737 ) ;
#7318 = CIRCLE ( 'NONE', #6001, 0.02000000000000034042 ) ;
#7319 = DIRECTION ( 'NONE',  ( -0.000000000000000000, -1.000000000000000000, -0.000000000000000000 ) ) ;
#7320 = AXIS2_PLACEMENT_3D ( 'NONE', #154, #7695, #6461 ) ;
#7321 = DIRECTION ( 'NONE',  ( 0.000000000000000000, 1.000000000000000000, 0.000000000000000000 ) ) ;
#7322 = ADVANCED_FACE ( 'NONE', ( #19 ), #4307, .F. ) ;
#7324 = ORIENTED_EDGE ( 'NONE', *, *, #7143, .T. ) ;
#7323 = DIRECTION ( 'NONE',  ( 0.000000000000000000, 0.000000000000000000, 1.000000000000000000 ) ) ;
#7325 = CIRCLE ( 'NONE', #4280, 4.604519503718944584 ) ;
#7326 = CARTESIAN_POINT ( 'NONE',  ( 5.822795585113911265, 6.000000000000000000, 21.24224785596715037 ) ) ;
#7327 = EDGE_LOOP ( 'NONE', ( #6130, #6064, #3947, #7947 ) ) ;
#7328 = FACE_OUTER_BOUND ( 'NONE', #2685, .T. ) ;
#7329 = B_SPLINE_CURVE_WITH_KNOTS ( 'NONE', 3,
 ( #810, #5923, #280, #7822, #2179, #4682, #1556, #6047, #406, #1059, #437, #4258, #2962 ),
 .UNSPECIFIED., .F., .F.,
 ( 4, 3, 3, 3, 4 ),
 ( 0.000000000000000000, 4.009295753477639887E-05, 6.823998061861099316E-05, 8.511700512735812440E-05, 9.496638863331416781E-05 ),
 .UNSPECIFIED. ) ;
#7330 = CARTESIAN_POINT ( 'NONE',  ( -1.250000000000082379, 11.77999999999999936, 9.765322575317203047 ) ) ;
#7331 = CARTESIAN_POINT ( 'NONE',  ( 3.918361725451547262, 6.800000000000000711, 20.14157367562378198 ) ) ;
#7332 = CARTESIAN_POINT ( 'NONE',  ( -7.069716140016231165, 9.192180460056599500, 6.869312722044277564 ) ) ;
#7333 =( GEOMETRIC_REPRESENTATION_CONTEXT ( 3 ) GLOBAL_UNCERTAINTY_ASSIGNED_CONTEXT ( ( #1464 ) ) GLOBAL_UNIT_ASSIGNED_CONTEXT ( ( #5066, #7580, #7499 ) ) REPRESENTATION_CONTEXT ( 'NONE', 'WORKASPACE' ) );
#7334 = ORIENTED_EDGE ( 'NONE', *, *, #2081, .T. ) ;
#7335 = ORIENTED_EDGE ( 'NONE', *, *, #225, .F. ) ;
#7336 = FACE_OUTER_BOUND ( 'NONE', #4621, .T. ) ;
#7337 = DIRECTION ( 'NONE',  ( 0.000000000000000000, 1.000000000000000000, 0.000000000000000000 ) ) ;
#7338 = CARTESIAN_POINT ( 'NONE',  ( -5.224034553993683438, 7.551048615621938076, 18.99627194630321370 ) ) ;
#7339 = EDGE_CURVE ( 'NONE', #2729, #3730, #108, .T. ) ;
#7340 = CARTESIAN_POINT ( 'NONE',  ( 4.895757551429182008, 6.819999999999997620, 21.16702921574279728 ) ) ;
#7341 = ORIENTED_EDGE ( 'NONE', *, *, #5725, .T. ) ;
#7342 = AXIS2_PLACEMENT_3D ( 'NONE', #5131, #6408, #310 ) ;
#7343 = ORIENTED_EDGE ( 'NONE', *, *, #1096, .T. ) ;
#7344 = CARTESIAN_POINT ( 'NONE',  ( 2.385244779468109755E-15, 7.000000000000000000, 21.41715728752537728 ) ) ;
#7345 = CARTESIAN_POINT ( 'NONE',  ( -4.925141033628793963, 6.804510228301312580, 21.22106742935053703 ) ) ;
#7346 = CARTESIAN_POINT ( 'NONE',  ( 5.300000000000001599, 6.750000000000000888, 19.38047814307507366 ) ) ;
#7347 = AXIS2_PLACEMENT_3D ( 'NONE', #7930, #1670, #2291 ) ;
#7348 = EDGE_CURVE ( 'NONE', #1611, #5893, #7480, .T. ) ;
#7349 = CARTESIAN_POINT ( 'NONE',  ( 4.335476508688358876, 6.999999999999999112, 20.07587495258468380 ) ) ;
#7350 = EDGE_CURVE ( 'NONE', #662, #5810, #2217, .T. ) ;
#7351 = CARTESIAN_POINT ( 'NONE',  ( 2.399999999999963496, 6.000000000000000000, 17.52246497084220778 ) ) ;
#7353 = CARTESIAN_POINT ( 'NONE',  ( 2.875247645588709045, 6.173860684278336564, 18.75908923127647654 ) ) ;
#7352 = AXIS2_PLACEMENT_3D ( 'NONE', #5432, #3468, #4691 ) ;
#7354 = ORIENTED_EDGE ( 'NONE', *, *, #42, .F. ) ;
#7355 = CARTESIAN_POINT ( 'NONE',  ( 6.736496041310330085, 11.79999999999999716, -7.179390370039105740 ) ) ;
#7356 = ORIENTED_EDGE ( 'NONE', *, *, #1247, .T. ) ;
#7357 = CARTESIAN_POINT ( 'NONE',  ( 3.898931579867511044, 6.000000000000000000, 20.10742766457219233 ) ) ;
#7358 = CIRCLE ( 'NONE', #7615, 4.604519503718790929 ) ;
#7359 = EDGE_CURVE ( 'NONE', #5966, #7919, #6284, .T. ) ;
#7360 = CARTESIAN_POINT ( 'NONE',  ( -4.593282620178406717, 6.000000000000000000, 17.62857249053049813 ) ) ;
#7361 = CARTESIAN_POINT ( 'NONE',  ( -8.667322176903361708, 6.304675718254366679, 5.004080791988345212 ) ) ;
#7362 = FACE_OUTER_BOUND ( 'NONE', #6073, .T. ) ;
#7363 = CARTESIAN_POINT ( 'NONE',  ( 7.414382549035452463, 9.827727617161411189, 6.482439969637609600 ) ) ;
#7364 = B_SPLINE_CURVE_WITH_KNOTS ( 'NONE', 3,
 ( #7906, #369, #7827, #4771, #7288, #3989, #4609, #7126, #2185, #6509, #859, #5889, #7788, #4650, #7167, #4850, #6082, #517, #1641, #5547, #3614, #6121, #439, #7903, #7283, #1137, #8057, #8021, #3580, #1098, #2965, #2385, #408, #3046, #3654, #2422, #5392, #2262, #1681, #1720, #5466, #7978, #4888 ),
 .UNSPECIFIED., .F., .F.,
 ( 4, 3, 3, 3, 3, 3, 3, 3, 3, 3, 3, 3, 3, 3, 4 ),
 ( 1.370121895836140416E-15, 3.029288149361687016E-05, 6.498922488122649852E-05, 8.871574685220510071E-05, 0.0001078152720224450527, 0.0001271004035277613624, 0.0001437892777446874533, 0.0001600251299549489831, 0.0001777803689510248106, 0.0001983043603033858994, 0.0002223890587362007732, 0.0002501444639748133178, 0.0002805601333691858774, 0.0003110551245543911295, 0.0003265432350950041676 ),
 .UNSPECIFIED. ) ;
#7365 = AXIS2_PLACEMENT_3D ( 'NONE', #500, #959, #2869 ) ;
#7366 = LINE ( 'NONE', #3541, #3407 ) ;
#7367 = CARTESIAN_POINT ( 'NONE',  ( -3.519133998076033887, 6.600000000000000533, 19.64958055990333463 ) ) ;
#7368 = ORIENTED_EDGE ( 'NONE', *, *, #4113, .F. ) ;
#7369 = CYLINDRICAL_SURFACE ( 'NONE', #6384, 0.02000000000000005246 ) ;
#7370 = CARTESIAN_POINT ( 'NONE',  ( -1.242597289899239899, 11.79569196017576793, 9.766267482725270455 ) ) ;
#7371 = CARTESIAN_POINT ( 'NONE',  ( 3.545714517416921119, 6.799999999999998934, 18.66655147234857282 ) ) ;
#7372 = CARTESIAN_POINT ( 'NONE',  ( -6.669664082643311787, 9.737458808002948274, 7.354424030891155262 ) ) ;
#7373 = LINE ( 'NONE', #3014, #4300 ) ;
#7374 = ORIENTED_EDGE ( 'NONE', *, *, #30, .F. ) ;
#7375 = AXIS2_PLACEMENT_3D ( 'NONE', #5790, #3933, #2577 ) ;
#7376 = VERTEX_POINT ( 'NONE', #5046 ) ;
#7377 = DIRECTION ( 'NONE',  ( 0.000000000000000000, 1.000000000000000000, 0.000000000000000000 ) ) ;
#7378 = CARTESIAN_POINT ( 'NONE',  ( -5.216584095013913291, 7.028970289242021607, 18.80555947608375789 ) ) ;
#7379 = DIRECTION ( 'NONE',  ( 0.000000000000000000, 0.000000000000000000, 1.000000000000000000 ) ) ;
#7380 = CARTESIAN_POINT ( 'NONE',  ( 4.164368546225968970, 5.839926581748344780, 19.93323595731152054 ) ) ;
#7381 = AXIS2_PLACEMENT_3D ( 'NONE', #6002, #4762, #7278 ) ;
#7382 = ORIENTED_EDGE ( 'NONE', *, *, #2218, .T. ) ;
#7383 = ORIENTED_EDGE ( 'NONE', *, *, #2723, .T. ) ;
#7384 = DIRECTION ( 'NONE',  ( -1.000000000000000000, 0.000000000000000000, -0.000000000000000000 ) ) ;
#7385 = EDGE_CURVE ( 'NONE', #5537, #5099, #7558, .T. ) ;
#7386 = DIRECTION ( 'NONE',  ( 0.000000000000000000, 1.000000000000000000, 0.000000000000000000 ) ) ;
#7387 = CARTESIAN_POINT ( 'NONE',  ( -4.895757551429175791, 6.819999999999998508, 21.16702921574279372 ) ) ;
#7388 = CARTESIAN_POINT ( 'NONE',  ( 6.276607211830415700, 7.000000000000007994, 20.58282546257756351 ) ) ;
#7389 = CARTESIAN_POINT ( 'NONE',  ( -7.099091260735781894, 6.070747422555199613, 20.57563992120226004 ) ) ;
#7390 = CARTESIAN_POINT ( 'NONE',  ( 3.600225533387700239, 6.074195296818787781, 18.25134299263769933 ) ) ;
#7391 = ORIENTED_EDGE ( 'NONE', *, *, #5998, .T. ) ;
#7392 = CARTESIAN_POINT ( 'NONE',  ( -4.770912832379639035, 0.000000000000000000, -8.731602988331257365 ) ) ;
#7394 = EDGE_CURVE ( 'NONE', #2930, #2180, #6292, .T. ) ;
#7393 = ORIENTED_EDGE ( 'NONE', *, *, #394, .F. ) ;
#7395 = CARTESIAN_POINT ( 'NONE',  ( 3.771944116125053093, 6.000000000000000000, 19.87138745074562962 ) ) ;
#7396 = CARTESIAN_POINT ( 'NONE',  ( -3.502832438401685788, 6.000000000000000000, 19.14150276873214906 ) ) ;
#7397 = CARTESIAN_POINT ( 'NONE',  ( -6.992355748328024312, 8.507294230199367036, 6.809734412269222048 ) ) ;
#7398 = CYLINDRICAL_SURFACE ( 'NONE', #2986, 9.845000000000000639 ) ;
#7399 = CARTESIAN_POINT ( 'NONE',  ( 7.309519423663669357, 9.581588646750850202, 6.899533114920075150 ) ) ;
#7400 = AXIS2_PLACEMENT_3D ( 'NONE', #12, #6237, #8086 ) ;
#7401 = CARTESIAN_POINT ( 'NONE',  ( 5.280761609815339597, 7.334567409331143040, 18.81252277031810038 ) ) ;
#7402 = ADVANCED_FACE ( 'NONE', ( #2006 ), #1876, .F. ) ;
#7403 = EDGE_CURVE ( 'NONE', #7842, #6799, #6045, .T. ) ;
#7404 = CARTESIAN_POINT ( 'NONE',  ( -2.410188870128328720, 10.81999999999999851, 5.477993438979855689 ) ) ;
#7405 = ORIENTED_EDGE ( 'NONE', *, *, #901, .F. ) ;
#7406 = CARTESIAN_POINT ( 'NONE',  ( -4.712294412114313324, 10.79999999999986215, -8.643975285639525552 ) ) ;
#7407 = CARTESIAN_POINT ( 'NONE',  ( 4.198050035388474654, 6.965183107303947629, 19.97826875602550700 ) ) ;
#7408 = CARTESIAN_POINT ( 'NONE',  ( 7.229745357928441862, 6.799999999999999822, 18.45988952406279893 ) ) ;
#7409 = AXIS2_PLACEMENT_3D ( 'NONE', #3108, #3238, #3719 ) ;
#7410 = CARTESIAN_POINT ( 'NONE',  ( -6.573112498349510169, 10.19807335345397448, 7.256439268147969912 ) ) ;
#7411 = LINE ( 'NONE', #6791, #7209 ) ;
#7412 = B_SPLINE_CURVE_WITH_KNOTS ( 'NONE', 3,
 ( #2169, #7727, #229, #2836, #5831, #6575, #2795, #7234, #188, #1592, #7688, #4056, #841, #7070, #1546, #7772 ),
 .UNSPECIFIED., .F., .F.,
 ( 4, 3, 3, 3, 3, 4 ),
 ( 0.000000000000000000, 6.674844931762864620E-06, 1.334819580725247181E-05, 2.004522600748596562E-05, 2.679446686807711764E-05, 3.137313318925731120E-05 ),
 .UNSPECIFIED. ) ;
#7413 = ORIENTED_EDGE ( 'NONE', *, *, #225, .T. ) ;
#7414 = CIRCLE ( 'NONE', #4786, 0.09999999999999982514 ) ;
#7415 = ORIENTED_EDGE ( 'NONE', *, *, #4063, .F. ) ;
#7416 = CARTESIAN_POINT ( 'NONE',  ( 5.944762878569087583, 9.743667551389703974, 8.770075143709123111 ) ) ;
#7417 = DIRECTION ( 'NONE',  ( -0.000000000000000000, -1.000000000000000000, -0.000000000000000000 ) ) ;
#7418 = CARTESIAN_POINT ( 'NONE',  ( 9.669879559919220213, 11.79999999999999716, 1.848635793404557193 ) ) ;
#7419 = ORIENTED_EDGE ( 'NONE', *, *, #3967, .T. ) ;
#7420 = VERTEX_POINT ( 'NONE', #6986 ) ;
#7421 = DIRECTION ( 'NONE',  ( 0.000000000000000000, 0.000000000000000000, 1.000000000000000000 ) ) ;
#7422 = DIRECTION ( 'NONE',  ( -0.000000000000000000, -1.000000000000000000, -0.000000000000000000 ) ) ;
#7423 = DIRECTION ( 'NONE',  ( -0.000000000000000000, -1.000000000000000000, 0.000000000000000000 ) ) ;
#7424 = DIRECTION ( 'NONE',  ( -0.9771696282492320362, 2.208773511237372856E-15, -0.2124606260634139543 ) ) ;
#7425 = CARTESIAN_POINT ( 'NONE',  ( 7.199587020867886267, 8.306493976803793089, 6.862292176015539091 ) ) ;
#7426 = VERTEX_POINT ( 'NONE', #2582 ) ;
#7427 = CARTESIAN_POINT ( 'NONE',  ( 7.110841250845966854, 9.196060677739446021, 6.808815000076661406 ) ) ;
#7428 = ORIENTED_EDGE ( 'NONE', *, *, #3161, .F. ) ;
#7429 = DIRECTION ( 'NONE',  ( 0.000000000000000000, 1.000000000000000000, 0.000000000000000000 ) ) ;
#7430 = AXIS2_PLACEMENT_3D ( 'NONE', #6767, #7424, #4876 ) ;
#7431 = CARTESIAN_POINT ( 'NONE',  ( 5.128855848827961417, 7.490756646065496405, 17.28169749653307363 ) ) ;
#7432 = CIRCLE ( 'NONE', #3227, 11.75694117647058867 ) ;
#7433 = CARTESIAN_POINT ( 'NONE',  ( -4.573894599470655464, 6.000000000000000000, 17.64454172023508605 ) ) ;
#7434 = CARTESIAN_POINT ( 'NONE',  ( -7.753843241536011455, 6.938501082674070730, 6.039065589864645922 ) ) ;
#7435 = CARTESIAN_POINT ( 'NONE',  ( 11.08758383676868675, 6.980000000000000426, 20.11905188458655402 ) ) ;
#7436 = CARTESIAN_POINT ( 'NONE',  ( 7.385265084335836505, 9.797902637892276445, 6.617156585099105648 ) ) ;
#7437 = EDGE_CURVE ( 'NONE', #363, #4495, #7604, .T. ) ;
#7438 = CARTESIAN_POINT ( 'NONE',  ( 5.274043594800145840, 7.333051868762135328, 18.80831111354851259 ) ) ;
#7439 = CARTESIAN_POINT ( 'NONE',  ( 7.501588684322334721, 6.000000000000000000, 19.18175800532860720 ) ) ;
#7440 = ORIENTED_EDGE ( 'NONE', *, *, #7485, .F. ) ;
#7441 = CARTESIAN_POINT ( 'NONE',  ( -4.722095001311229723, 10.80430913857915165, -8.638625316953763900 ) ) ;
#7442 = CARTESIAN_POINT ( 'NONE',  ( -1.234541248432271310, 11.79947760415738323, 9.767288923028852210 ) ) ;
#7443 = CARTESIAN_POINT ( 'NONE',  ( 7.530571455161527261, 6.800000000000002487, 19.59728967135684741 ) ) ;
#7444 = EDGE_CURVE ( 'NONE', #659, #1767, #3849, .T. ) ;
#7445 = EDGE_CURVE ( 'NONE', #3737, #7426, #587, .T. ) ;
#7446 = FACE_BOUND ( 'NONE', #8125, .T. ) ;
#7447 = AXIS2_PLACEMENT_3D ( 'NONE', #3353, #3312, #3923 ) ;
#7448 = DIRECTION ( 'NONE',  ( 0.000000000000000000, 0.000000000000000000, -1.000000000000000000 ) ) ;
#7449 = VERTEX_POINT ( 'NONE', #5749 ) ;
#7450 = EDGE_LOOP ( 'NONE', ( #1038, #6428, #7415, #1689, #7831, #4756 ) ) ;
#7451 = CARTESIAN_POINT ( 'NONE',  ( -4.728641350681531463, 10.81999999999999851, -8.635043484350545029 ) ) ;
#7452 = DIRECTION ( 'NONE',  ( 0.000000000000000000, -1.000000000000000000, 0.000000000000000000 ) ) ;
#7453 = EDGE_CURVE ( 'NONE', #5602, #5602, #2744, .T. ) ;
#7454 = CARTESIAN_POINT ( 'NONE',  ( 8.992057025490616695, 10.81999999999999851, 4.259743002849450733 ) ) ;
#7455 = VERTEX_POINT ( 'NONE', #5172 ) ;
#7456 = AXIS2_PLACEMENT_3D ( 'NONE', #3981, #7818, #4760 ) ;
#7457 = CARTESIAN_POINT ( 'NONE',  ( 5.521327482590994151, 7.000000000000000000, 23.40488103916619878 ) ) ;
#7458 = AXIS2_PLACEMENT_3D ( 'NONE', #4539, #2159, #7843 ) ;
#7459 = FACE_OUTER_BOUND ( 'NONE', #4334, .T. ) ;
#7460 = DIRECTION ( 'NONE',  ( 0.000000000000000000, -1.000000000000000000, -0.000000000000000000 ) ) ;
#7461 = CARTESIAN_POINT ( 'NONE',  ( -1.250000000000082379, 10.81999999999999851, 9.848451654955704626 ) ) ;
#7462 = DIRECTION ( 'NONE',  ( 0.000000000000000000, 0.000000000000000000, -1.000000000000000000 ) ) ;
#7463 = AXIS2_PLACEMENT_3D ( 'NONE', #7570, #1265, #6334 ) ;
#7464 = FACE_OUTER_BOUND ( 'NONE', #2876, .T. ) ;
#7465 = CARTESIAN_POINT ( 'NONE',  ( 7.207109335798424610, 8.323356243261951448, 6.815635898856409192 ) ) ;
#7466 = ORIENTED_EDGE ( 'NONE', *, *, #2173, .T. ) ;
#7467 = EDGE_LOOP ( 'NONE', ( #6275, #1970, #2225, #6769 ) ) ;
#7468 = DIRECTION ( 'NONE',  ( -0.000000000000000000, 1.000000000000000000, -0.000000000000000000 ) ) ;
#7469 = ORIENTED_EDGE ( 'NONE', *, *, #4685, .F. ) ;
#7470 = AXIS2_PLACEMENT_3D ( 'NONE', #3570, #7313, #4916 ) ;
#7471 = LINE ( 'NONE', #581, #3601 ) ;
#7472 = DIRECTION ( 'NONE',  ( 0.000000000000000000, 0.000000000000000000, -1.000000000000000000 ) ) ;
#7473 = CARTESIAN_POINT ( 'NONE',  ( -6.067281146391647617, 6.000000000000000000, 17.37668567311524370 ) ) ;
#7474 = AXIS2_PLACEMENT_3D ( 'NONE', #7712, #5319, #7794 ) ;
#7475 = VECTOR ( 'NONE', #2811, 1000.000000000000000 ) ;
#7476 = CARTESIAN_POINT ( 'NONE',  ( -7.232355646270266725, 8.533033581547256219, 6.807829544192589566 ) ) ;
#7477 = DIRECTION ( 'NONE',  ( 0.3090169943749878634, 0.000000000000000000, 0.9510565162951403195 ) ) ;
#7478 = CARTESIAN_POINT ( 'NONE',  ( 7.176984773616915447, 10.19952305773626300, 6.731106411136867251 ) ) ;
#7479 = VERTEX_POINT ( 'NONE', #4012 ) ;
#7480 = LINE ( 'NONE', #1340, #3010 ) ;
#7481 = AXIS2_PLACEMENT_3D ( 'NONE', #53, #2567, #1825 ) ;
#7482 = CARTESIAN_POINT ( 'NONE',  ( 7.493891080129662541, 6.000000000000000000, 19.78111982099896693 ) ) ;
#7483 = ORIENTED_EDGE ( 'NONE', *, *, #7002, .F. ) ;
#7484 = LINE ( 'NONE', #8060, #856 ) ;
#7485 = EDGE_CURVE ( 'NONE', #8098, #5100, #2089, .T. ) ;
#7486 = CARTESIAN_POINT ( 'NONE',  ( 4.090560765008040889, 6.973605268622168118, 19.71076590531159312 ) ) ;
#7487 = CARTESIAN_POINT ( 'NONE',  ( 5.270403985198979235, 6.800000000000002487, 17.28926593093084563 ) ) ;
#7488 = CIRCLE ( 'NONE', #5777, 0.1000000000000010464 ) ;
#7489 = CARTESIAN_POINT ( 'NONE',  ( -6.492818480884908539, 7.000000000000055067, 20.41860352370454024 ) ) ;
#7490 = LINE ( 'NONE', #3443, #751 ) ;
#7491 = ORIENTED_EDGE ( 'NONE', *, *, #4324, .F. ) ;
#7492 = EDGE_CURVE ( 'NONE', #5966, #1768, #3323, .T. ) ;
#7493 = ORIENTED_EDGE ( 'NONE', *, *, #8150, .F. ) ;
#7494 = EDGE_CURVE ( 'NONE', #2879, #3569, #5894, .T. ) ;
#7495 = FACE_OUTER_BOUND ( 'NONE', #2975, .T. ) ;
#7496 = CARTESIAN_POINT ( 'NONE',  ( 5.130294372515040280, 5.800000000000000711, 19.67441691220900779 ) ) ;
#7497 = CARTESIAN_POINT ( 'NONE',  ( -7.434193667124851856, 9.292796544032405848, 6.133358919629272599 ) ) ;
#7498 = EDGE_LOOP ( 'NONE', ( #7341, #5570, #2240, #7587 ) ) ;
#7499 =( NAMED_UNIT ( * ) SI_UNIT ( $, .STERADIAN. ) SOLID_ANGLE_UNIT ( ) );
#7500 = EDGE_CURVE ( 'NONE', #2697, #4057, #7412, .T. ) ;
#7501 = ADVANCED_FACE ( 'NONE', ( #3364 ), #6153, .T. ) ;
#7502 = CARTESIAN_POINT ( 'NONE',  ( 3.800358953048246669, 6.953523268889880704, 19.05257146161228832 ) ) ;
#7503 = FACE_BOUND ( 'NONE', #3752, .T. ) ;
#7504 = CARTESIAN_POINT ( 'NONE',  ( 4.072366801282690574, 6.980000000000003091, 19.61588572453123547 ) ) ;
#7505 = DIRECTION ( 'NONE',  ( -0.000000000000000000, -1.000000000000000000, -0.000000000000000000 ) ) ;
#7506 = CARTESIAN_POINT ( 'NONE',  ( 5.752946676960910111, 5.300124499850845439, 18.65356747092963730 ) ) ;
#7507 = EDGE_LOOP ( 'NONE', ( #7466, #6891, #5982, #7774 ) ) ;
#7508 = CARTESIAN_POINT ( 'NONE',  ( 7.174081495044401180, 8.354635250991051976, 6.784976043159318237 ) ) ;
#7509 = ORIENTED_EDGE ( 'NONE', *, *, #2933, .T. ) ;
#7510 = ORIENTED_EDGE ( 'NONE', *, *, #1140, .F. ) ;
#7511 = CARTESIAN_POINT ( 'NONE',  ( 0.000000000000000000, 7.779999999999999361, 0.000000000000000000 ) ) ;
#7512 = EDGE_LOOP ( 'NONE', ( #6722 ) ) ;
#7513 = LINE ( 'NONE', #2619, #7010 ) ;
#7514 = CARTESIAN_POINT ( 'NONE',  ( -6.306523489642752445, 6.000000000000000000, 17.47305015860661115 ) ) ;
#7515 = CARTESIAN_POINT ( 'NONE',  ( -8.459699150651101007, 6.208584552354591501, 5.218745059510665030 ) ) ;
#7516 = CARTESIAN_POINT ( 'NONE',  ( -8.607407964159175862, 10.81999999999999851, -4.132073405849957304 ) ) ;
#7517 = CARTESIAN_POINT ( 'NONE',  ( 7.244187012618863442, 9.915126165544975834, 6.955967675084534285 ) ) ;
#7518 = LINE ( 'NONE', #3728, #1690 ) ;
#7519 = CARTESIAN_POINT ( 'NONE',  ( 7.499940171950130186, 6.000000000000000000, 19.17285034026407331 ) ) ;
#7520 = EDGE_LOOP ( 'NONE', ( #6868 ) ) ;
#7521 = CARTESIAN_POINT ( 'NONE',  ( -7.441430123253701012, 6.799999999999998046, 18.92598327565578131 ) ) ;
#7522 = DIRECTION ( 'NONE',  ( 0.000000000000000000, 0.000000000000000000, -1.000000000000000000 ) ) ;
#7523 = CARTESIAN_POINT ( 'NONE',  ( 7.480666555055747402, 6.800000000000000711, 19.08027976336049747 ) ) ;
#7524 = CARTESIAN_POINT ( 'NONE',  ( -4.853898157430387883, 7.494525295897176420, 19.25548728852170299 ) ) ;
#7525 = AXIS2_PLACEMENT_3D ( 'NONE', #1711, #3534, #3572 ) ;
#7526 = CARTESIAN_POINT ( 'NONE',  ( -6.499780123526661235, 6.998713466864949773, 20.41611748064212861 ) ) ;
#7527 = CARTESIAN_POINT ( 'NONE',  ( 9.675361100357591226, 10.80302497031295950, 1.819729572970661069 ) ) ;
#7528 = ORIENTED_EDGE ( 'NONE', *, *, #404, .T. ) ;
#7529 = VECTOR ( 'NONE', #7965, 1000.000000000000000 ) ;
#7530 = DIRECTION ( 'NONE',  ( 0.000000000000000000, 0.000000000000000000, 1.000000000000000000 ) ) ;
#7531 = CARTESIAN_POINT ( 'NONE',  ( 8.584352418935933926, 6.376934690134002715, 4.956178179891253421 ) ) ;
#7532 = LINE ( 'NONE', #5641, #7756 ) ;
#7533 = FACE_OUTER_BOUND ( 'NONE', #5595, .T. ) ;
#7534 = ADVANCED_FACE ( 'NONE', ( #2047, #4674 ), #4594, .F. ) ;
#7535 = AXIS2_PLACEMENT_3D ( 'NONE', #6030, #3526, #2244 ) ;
#7536 = VERTEX_POINT ( 'NONE', #7190 ) ;
#7537 = CARTESIAN_POINT ( 'NONE',  ( 2.385244779468109755E-15, 4.000000000000000000, 21.69999999999999574 ) ) ;
#7538 = CYLINDRICAL_SURFACE ( 'NONE', #5472, 0.09999999999999939493 ) ;
#7539 = DIRECTION ( 'NONE',  ( 0.000000000000000000, 0.000000000000000000, 1.000000000000000000 ) ) ;
#7540 = CARTESIAN_POINT ( 'NONE',  ( -1.270000000000082174, 10.81999999999999851, 9.848451654955706402 ) ) ;
#7541 = CARTESIAN_POINT ( 'NONE',  ( -8.897141763056179542, 10.80302497031295772, 4.214842415694611155 ) ) ;
#7542 = DIRECTION ( 'NONE',  ( -0.000000000000000000, 1.000000000000000000, -0.000000000000000000 ) ) ;
#7543 = ADVANCED_FACE ( 'NONE', ( #2209, #5954 ), #925, .T. ) ;
#7544 = ORIENTED_EDGE ( 'NONE', *, *, #1891, .F. ) ;
#7545 = CARTESIAN_POINT ( 'NONE',  ( -2.509133998076038541, 6.600000000000000533, 19.79958055990334032 ) ) ;
#7546 = CARTESIAN_POINT ( 'NONE',  ( -9.950000000000001066, 10.79999999999999893, 0.000000000000000000 ) ) ;
#7547 = VERTEX_POINT ( 'NONE', #4632 ) ;
#7548 = ORIENTED_EDGE ( 'NONE', *, *, #1014, .F. ) ;
#7549 = DIRECTION ( 'NONE',  ( 0.9820588696906382697, 0.000000000000000000, -0.1885745912416251224 ) ) ;
#7550 = ORIENTED_EDGE ( 'NONE', *, *, #4914, .F. ) ;
#7551 = DIRECTION ( 'NONE',  ( -1.000000000000000000, 0.000000000000000000, 0.000000000000000000 ) ) ;
#7552 = CARTESIAN_POINT ( 'NONE',  ( -5.313736929444690560, 7.174784823638191256, 18.23323514066844453 ) ) ;
#7553 = CARTESIAN_POINT ( 'NONE',  ( -7.490803213401274974, 6.000000000000000000, 19.12789956391310753 ) ) ;
#7554 = CARTESIAN_POINT ( 'NONE',  ( -4.072366801282683468, 6.979999999999998650, 19.61588572453121415 ) ) ;
#7555 = CARTESIAN_POINT ( 'NONE',  ( 8.973982539007218762, 11.77999999999999936, 4.251180705356286893 ) ) ;
#7556 = EDGE_CURVE ( 'NONE', #1887, #2526, #4755, .T. ) ;
#7557 = CARTESIAN_POINT ( 'NONE',  ( 7.173608618316896113, 9.394844108445802533, 6.958652526916694114 ) ) ;
#7558 = LINE ( 'NONE', #1919, #1813 ) ;
#7559 = B_SPLINE_CURVE_WITH_KNOTS ( 'NONE', 3,
 ( #1493, #6561, #5816, #5903 ),
 .UNSPECIFIED., .F., .F.,
 ( 4, 4 ),
 ( 3.576224061345498009E-18, 0.0004807365403092762153 ),
 .UNSPECIFIED. ) ;
#7560 = AXIS2_PLACEMENT_3D ( 'NONE', #3901, #6417, #767 ) ;
#7561 = AXIS2_PLACEMENT_3D ( 'NONE', #5431, #3657, #2462 ) ;
#7562 = CARTESIAN_POINT ( 'NONE',  ( 7.426101542426194690, 6.000000000000000000, 19.94138397863059353 ) ) ;
#7563 = ORIENTED_EDGE ( 'NONE', *, *, #2673, .F. ) ;
#7564 = CARTESIAN_POINT ( 'NONE',  ( -6.170838845085657276, 6.800000000000000711, 17.42093587530413856 ) ) ;
#7565 = DIRECTION ( 'NONE',  ( 0.000000000000000000, 0.000000000000000000, 1.000000000000000000 ) ) ;
#7566 = CIRCLE ( 'NONE', #4672, 9.845000000000000639 ) ;
#7567 = LINE ( 'NONE', #3205, #5906 ) ;
#7568 = DIRECTION ( 'NONE',  ( 0.6056052325900765920, 0.000000000000000000, 0.7957652306173719214 ) ) ;
#7569 = CARTESIAN_POINT ( 'NONE',  ( -7.052832075011729707, 8.523674116829447200, 6.868885260483375887 ) ) ;
#7570 = CARTESIAN_POINT ( 'NONE',  ( 5.788659439945845087, 6.049999999999999822, 21.62796828804830440 ) ) ;
#7571 = VERTEX_POINT ( 'NONE', #2088 ) ;
#7572 = VERTEX_POINT ( 'NONE', #2250 ) ;
#7573 = CARTESIAN_POINT ( 'NONE',  ( 5.200330760611887371, 7.228308768018235853, 18.60237012714701166 ) ) ;
#7574 = CARTESIAN_POINT ( 'NONE',  ( 7.112831945748592233, 8.599999999999999645, 6.928781967098553096 ) ) ;
#7575 = FACE_BOUND ( 'NONE', #2233, .T. ) ;
#7576 = AXIS2_PLACEMENT_3D ( 'NONE', #6116, #7319, #474 ) ;
#7577 = AXIS2_PLACEMENT_3D ( 'NONE', #3555, #4155, #990 ) ;
#7578 = FACE_OUTER_BOUND ( 'NONE', #1631, .T. ) ;
#7579 = EDGE_LOOP ( 'NONE', ( #440, #3311, #7103, #5656 ) ) ;
#7580 =( NAMED_UNIT ( * ) PLANE_ANGLE_UNIT ( ) SI_UNIT ( $, .RADIAN. ) );
#7581 = CARTESIAN_POINT ( 'NONE',  ( 6.108085976712832377, 7.230042498319219746, 20.25861855426792602 ) ) ;
#7582 = EDGE_CURVE ( 'NONE', #44, #44, #7872, .T. ) ;
#7583 = CARTESIAN_POINT ( 'NONE',  ( 6.309414396448116413, 10.81999999999999851, -6.557536883151575680 ) ) ;
#7584 = DIRECTION ( 'NONE',  ( 0.9820588696906380477, 0.000000000000000000, -0.1885745912416260384 ) ) ;
#7585 = FACE_BOUND ( 'NONE', #6957, .T. ) ;
#7586 = CYLINDRICAL_SURFACE ( 'NONE', #4103, 16.89999999999999858 ) ;
#7587 = ORIENTED_EDGE ( 'NONE', *, *, #7299, .T. ) ;
#7588 = TOROIDAL_SURFACE ( 'NONE', #1673, 1.229999999999970894, 0.02000000000000000042 ) ;
#7589 = DIRECTION ( 'NONE',  ( 0.000000000000000000, -1.000000000000000000, 0.000000000000000000 ) ) ;
#7590 = DIRECTION ( 'NONE',  ( 1.000000000000000000, 0.000000000000000000, -0.000000000000000000 ) ) ;
#7591 = ORIENTED_EDGE ( 'NONE', *, *, #1393, .F. ) ;
#7592 = LINE ( 'NONE', #6975, #609 ) ;
#7593 = ORIENTED_EDGE ( 'NONE', *, *, #7444, .T. ) ;
#7594 = DIRECTION ( 'NONE',  ( 1.000000000000000000, -8.673617379884388882E-14, 0.000000000000000000 ) ) ;
#7595 = EDGE_CURVE ( 'NONE', #5186, #321, #507, .T. ) ;
#7596 = EDGE_CURVE ( 'NONE', #5506, #6624, #2877, .T. ) ;
#7597 = DIRECTION ( 'NONE',  ( -0.5877852522924685852, 0.000000000000000000, 0.8090169943749507819 ) ) ;
#7598 = VECTOR ( 'NONE', #5324, 1000.000000000000000 ) ;
#7599 = CARTESIAN_POINT ( 'NONE',  ( -7.473443665960086690, 6.000000000000000000, 19.05377619216539031 ) ) ;
#7600 = CARTESIAN_POINT ( 'NONE',  ( -4.197097776468289076, 6.965182084170463028, 19.97651033311623436 ) ) ;
#7601 = CARTESIAN_POINT ( 'NONE',  ( 6.945778228708462620, 10.09476558737908825, 7.074393835774298367 ) ) ;
#7602 = ORIENTED_EDGE ( 'NONE', *, *, #4872, .F. ) ;
#7603 = CARTESIAN_POINT ( 'NONE',  ( 3.323032830975961804, 6.600000000000000533, 19.79958055990334032 ) ) ;
#7604 = CIRCLE ( 'NONE', #4709, 0.01999999999999966388 ) ;
#7605 = CARTESIAN_POINT ( 'NONE',  ( 7.410916779490522188, 6.000000000000000000, 19.97206500277953722 ) ) ;
#7606 = VERTEX_POINT ( 'NONE', #1746 ) ;
#7607 = CARTESIAN_POINT ( 'NONE',  ( -7.444699894633602710, 6.800000000000001599, 19.90038190925685413 ) ) ;
#7608 = AXIS2_PLACEMENT_3D ( 'NONE', #6391, #5154, #1449 ) ;
#7609 = CIRCLE ( 'NONE', #4054, 9.950000000000001066 ) ;
#7610 = CARTESIAN_POINT ( 'NONE',  ( -8.186304456623469505, 11.77999999999999936, 3.974219337614213643 ) ) ;
#7611 = DIRECTION ( 'NONE',  ( 0.000000000000000000, 1.000000000000000000, 0.000000000000000000 ) ) ;
#7612 = DIRECTION ( 'NONE',  ( 0.000000000000000000, 0.000000000000000000, -1.000000000000000000 ) ) ;
#7613 = CARTESIAN_POINT ( 'NONE',  ( 6.751183836618916523, 10.81999999999999851, -7.165580353619342091 ) ) ;
#7614 = LINE ( 'NONE', #3660, #7172 ) ;
#7615 = AXIS2_PLACEMENT_3D ( 'NONE', #7082, #771, #2224 ) ;
#7616 = CARTESIAN_POINT ( 'NONE',  ( 6.450748129717364776, 9.203499250743643501, 7.282901359657746099 ) ) ;
#7617 = CARTESIAN_POINT ( 'NONE',  ( 9.673818726764931597, 10.81357317115932481, 1.827910411104793464 ) ) ;
#7618 = VERTEX_POINT ( 'NONE', #3035 ) ;
#7619 = ORIENTED_EDGE ( 'NONE', *, *, #5574, .F. ) ;
#7620 = CARTESIAN_POINT ( 'NONE',  ( 4.986494766183310112, 8.110467365123021466, 16.00443463234032038 ) ) ;
#7621 = CARTESIAN_POINT ( 'NONE',  ( 7.112831945748592233, 8.599999999999999645, 6.808781967098552990 ) ) ;
#7622 = VECTOR ( 'NONE', #8033, 1000.000000000000000 ) ;
#7623 = LINE ( 'NONE', #5189, #1573 ) ;
#7624 = CARTESIAN_POINT ( 'NONE',  ( 6.749022474782504055, 11.79067960927247860, -7.167616239871460238 ) ) ;
#7625 = ORIENTED_EDGE ( 'NONE', *, *, #994, .F. ) ;
#7626 = CARTESIAN_POINT ( 'NONE',  ( 5.352793854097706472, 7.547774429357623660, 18.90609873893918547 ) ) ;
#7627 = CARTESIAN_POINT ( 'NONE',  ( 6.501616242157623127, 6.997907246033737927, 20.41663821331216511 ) ) ;
#7628 = CARTESIAN_POINT ( 'NONE',  ( -4.057055339077700218, 6.991323980323321585, 19.47910058147476420 ) ) ;
#7629 = CARTESIAN_POINT ( 'NONE',  ( -8.901036569855349967, 10.81715293021752089, 4.206610639674008389 ) ) ;
#7630 = CARTESIAN_POINT ( 'NONE',  ( 6.204866783091701699, 5.990268290913875582, 17.38210704757526059 ) ) ;
#7631 = VERTEX_POINT ( 'NONE', #2374 ) ;
#7632 = DIRECTION ( 'NONE',  ( 0.000000000000000000, 1.000000000000000000, 0.000000000000000000 ) ) ;
#7633 = DIRECTION ( 'NONE',  ( -0.000000000000000000, -1.000000000000000000, -0.000000000000000000 ) ) ;
#7634 = ADVANCED_FACE ( 'NONE', ( #4288, #4248 ), #6422, .T. ) ;
#7635 = VERTEX_POINT ( 'NONE', #1632 ) ;
#7636 = ORIENTED_EDGE ( 'NONE', *, *, #243, .F. ) ;
#7637 = LINE ( 'NONE', #8124, #4696 ) ;
#7638 = EDGE_LOOP ( 'NONE', ( #5296, #4977, #6138 ) ) ;
#7639 = AXIS2_PLACEMENT_3D ( 'NONE', #4171, #3527, #391 ) ;
#7640 = DIRECTION ( 'NONE',  ( 0.000000000000000000, 0.000000000000000000, -1.000000000000000000 ) ) ;
#7641 = PLANE ( 'NONE',  #5690 ) ;
#7642 = CARTESIAN_POINT ( 'NONE',  ( -7.144823142134262284, 6.000000000000000000, 18.31977140354647915 ) ) ;
#7643 = LINE ( 'NONE', #2001, #2223 ) ;
#7644 = FACE_OUTER_BOUND ( 'NONE', #7512, .T. ) ;
#7645 = CARTESIAN_POINT ( 'NONE',  ( 6.518923379807712415, 10.07299484841175286, 7.326974948511909780 ) ) ;
#7646 = EDGE_CURVE ( 'NONE', #531, #531, #2886, .T. ) ;
#7647 = VERTEX_POINT ( 'NONE', #1709 ) ;
#7648 = CARTESIAN_POINT ( 'NONE',  ( -2.499999999999959144, -4.348755257721902190, 16.80000000000000071 ) ) ;
#7649 = CARTESIAN_POINT ( 'NONE',  ( 5.573665669665724742, 6.000000000000000000, 17.24476824069669689 ) ) ;
#7650 = ORIENTED_EDGE ( 'NONE', *, *, #4266, .T. ) ;
#7651 = DIRECTION ( 'NONE',  ( 0.000000000000000000, 1.000000000000000000, 0.000000000000000000 ) ) ;
#7652 = LINE ( 'NONE', #3160, #4427 ) ;
#7653 = CARTESIAN_POINT ( 'NONE',  ( 1.999999999999964029, 4.099999999999999645, 23.39999999999999858 ) ) ;
#7654 = CARTESIAN_POINT ( 'NONE',  ( 1.272348489331135202, 10.81978906217680780, 9.868314413631191329 ) ) ;
#7655 = CARTESIAN_POINT ( 'NONE',  ( 7.252261309488316599, 10.16241543594987995, 6.658390601414989618 ) ) ;
#7656 = EDGE_CURVE ( 'NONE', #6613, #5048, #3918, .T. ) ;
#7657 = EDGE_CURVE ( 'NONE', #2879, #818, #4972, .T. ) ;
#7658 = CARTESIAN_POINT ( 'NONE',  ( -3.519133998076033887, 6.600000000000000533, 19.79958055990334032 ) ) ;
#7659 = CARTESIAN_POINT ( 'NONE',  ( 9.674706596290491234, 10.80586096905066640, 1.823206074991224890 ) ) ;
#7660 = VERTEX_POINT ( 'NONE', #4212 ) ;
#7661 = CARTESIAN_POINT ( 'NONE',  ( 6.663692355297673231, 9.500000018198116791, 7.535417569517337988 ) ) ;
#7662 = CARTESIAN_POINT ( 'NONE',  ( 8.459196208337713685, 6.185324241745630225, 4.883919208011619162 ) ) ;
#7663 = CARTESIAN_POINT ( 'NONE',  ( -1.250000000000082379, 10.81999999999999851, 9.765322575317203047 ) ) ;
#7664 = CARTESIAN_POINT ( 'NONE',  ( -6.913252120180590765, 10.20553402315979064, 6.995210245550130601 ) ) ;
#7665 = EDGE_CURVE ( 'NONE', #2615, #165, #3133, .T. ) ;
#7666 = EDGE_LOOP ( 'NONE', ( #1526, #2528, #2592, #5393 ) ) ;
#7667 = CIRCLE ( 'NONE', #1089, 9.845000000000000639 ) ;
#7668 = CARTESIAN_POINT ( 'NONE',  ( 5.126436087126971408, 7.015569554076332537, 20.94609137355934791 ) ) ;
#7669 = CARTESIAN_POINT ( 'NONE',  ( -4.977259442104888798, 8.281351934331269149, 16.10911240164473668 ) ) ;
#7670 = CARTESIAN_POINT ( 'NONE',  ( -5.756335432418783427, 6.585780026425114286, 16.74202005733414467 ) ) ;
#7671 = CARTESIAN_POINT ( 'NONE',  ( -8.894429446099968217, 10.80039105662954668, 4.220563282650543258 ) ) ;
#7672 = AXIS2_PLACEMENT_3D ( 'NONE', #5948, #3406, #3930 ) ;
#7673 = EDGE_CURVE ( 'NONE', #2615, #4779, #3540, .T. ) ;
#7674 = CARTESIAN_POINT ( 'NONE',  ( 7.551011366866566377, 5.971931887334410050, 19.30417949784789400 ) ) ;
#7675 = ORIENTED_EDGE ( 'NONE', *, *, #2933, .F. ) ;
#7676 = DIRECTION ( 'NONE',  ( 0.000000000000000000, 1.000000000000000000, 0.000000000000000000 ) ) ;
#7677 = CARTESIAN_POINT ( 'NONE',  ( -2.399999999999958167, 6.000000000000000000, 22.89999999999999503 ) ) ;
#7678 = EDGE_LOOP ( 'NONE', ( #6760, #8073, #4409, #985 ) ) ;
#7679 = CARTESIAN_POINT ( 'NONE',  ( -6.751296028016662731, 10.81715293021752089, -7.165474655164670637 ) ) ;
#7680 = EDGE_LOOP ( 'NONE', ( #2695 ) ) ;
#7681 = AXIS2_PLACEMENT_3D ( 'NONE', #5823, #7765, #1417 ) ;
#7682 = FACE_OUTER_BOUND ( 'NONE', #4984, .T. ) ;
#7683 = CARTESIAN_POINT ( 'NONE',  ( -4.062033147274227041, 5.800000000000001599, 18.88090742590942028 ) ) ;
#7684 = CARTESIAN_POINT ( 'NONE',  ( -5.799543382293595783, 6.000000000000000000, 21.33044947464913577 ) ) ;
#7685 = DIRECTION ( 'NONE',  ( -0.000000000000000000, -1.000000000000000000, -0.000000000000000000 ) ) ;
#7686 = CARTESIAN_POINT ( 'NONE',  ( 7.160075840880446130, 9.663420743811153457, 7.130003355124537201 ) ) ;
#7687 = ORIENTED_EDGE ( 'NONE', *, *, #7144, .F. ) ;
#7688 = CARTESIAN_POINT ( 'NONE',  ( 8.896288002129923100, 10.80191945183063673, 4.216644211523042252 ) ) ;
#7689 = CARTESIAN_POINT ( 'NONE',  ( 4.669764392989955049, 6.000000000000000000, 17.56906932634883134 ) ) ;
#7690 = ORIENTED_EDGE ( 'NONE', *, *, #6283, .T. ) ;
#7691 = CARTESIAN_POINT ( 'NONE',  ( -7.000826729716006724, 6.799999999999999822, 20.51510013838981550 ) ) ;
#7692 = DIRECTION ( 'NONE',  ( 0.000000000000000000, 1.000000000000000000, 0.000000000000000000 ) ) ;
#7693 = EDGE_CURVE ( 'NONE', #397, #7631, #335, .T. ) ;
#7694 = DIRECTION ( 'NONE',  ( -0.9820588696906380477, 0.000000000000000000, -0.1885745912416258163 ) ) ;
#7695 = DIRECTION ( 'NONE',  ( 0.000000000000000000, 1.000000000000000000, 0.000000000000000000 ) ) ;
#7696 = FACE_OUTER_BOUND ( 'NONE', #3552, .T. ) ;
#7697 = DIRECTION ( 'NONE',  ( 0.8090169943749923043, 0.000000000000000000, 0.5877852522924112977 ) ) ;
#7698 = CARTESIAN_POINT ( 'NONE',  ( -9.746525024944602933, 11.79999999999999716, 1.873539414618382359 ) ) ;
#7699 = VERTEX_POINT ( 'NONE', #2918 ) ;
#7700 = CARTESIAN_POINT ( 'NONE',  ( 6.134382267281376144, 9.743000785120289109, 8.835569006340934450 ) ) ;
#7701 = ADVANCED_FACE ( 'NONE', ( #6693 ), #5417, .T. ) ;
#7702 = CARTESIAN_POINT ( 'NONE',  ( 7.870373660108498370, 6.577225049289450176, 5.927807374209904445 ) ) ;
#7703 = EDGE_CURVE ( 'NONE', #4827, #3492, #4175, .T. ) ;
#7704 = DIRECTION ( 'NONE',  ( 0.000000000000000000, 0.000000000000000000, -1.000000000000000000 ) ) ;
#7705 = AXIS2_PLACEMENT_3D ( 'NONE', #7161, #7321, #7899 ) ;
#7706 = CARTESIAN_POINT ( 'NONE',  ( -7.226102290709689235, 9.252111326955668957, 6.697214890498924156 ) ) ;
#7707 = ORIENTED_EDGE ( 'NONE', *, *, #5021, .T. ) ;
#7708 = CARTESIAN_POINT ( 'NONE',  ( 6.125349654721845560, 7.293362554304512635, 18.36505949475499477 ) ) ;
#7709 = EDGE_CURVE ( 'NONE', #818, #7449, #6109, .T. ) ;
#7710 = CARTESIAN_POINT ( 'NONE',  ( -4.915866670903086266, 8.505944009775047832, 15.40629495686352612 ) ) ;
#7711 = AXIS2_PLACEMENT_3D ( 'NONE', #3017, #8032, #1268 ) ;
#7712 = CARTESIAN_POINT ( 'NONE',  ( -0.6570922415819573370, 6.800000000000000711, 22.91389368417637940 ) ) ;
#7713 = DIRECTION ( 'NONE',  ( 0.000000000000000000, 1.000000000000000000, -0.000000000000000000 ) ) ;
#7714 = LINE ( 'NONE', #259, #6477 ) ;
#7715 = VERTEX_POINT ( 'NONE', #7355 ) ;
#7716 = DIRECTION ( 'NONE',  ( -0.000000000000000000, -1.000000000000000000, -0.000000000000000000 ) ) ;
#7717 = AXIS2_PLACEMENT_3D ( 'NONE', #3496, #356, #2172 ) ;
#7718 = CARTESIAN_POINT ( 'NONE',  ( 6.751183836618916523, 10.81999999999999851, -7.165580353619342091 ) ) ;
#7719 = EDGE_LOOP ( 'NONE', ( #5866 ) ) ;
#7720 = EDGE_LOOP ( 'NONE', ( #5784, #3212, #3926, #7235 ) ) ;
#7721 = DIRECTION ( 'NONE',  ( 0.000000000000000000, 0.000000000000000000, -1.000000000000000000 ) ) ;
#7722 = CARTESIAN_POINT ( 'NONE',  ( -6.750850631493535481, 11.78423760195580350, -7.165894274357681226 ) ) ;
#7723 = DIRECTION ( 'NONE',  ( -0.000000000000000000, -1.000000000000000000, -0.000000000000000000 ) ) ;
#7724 = CARTESIAN_POINT ( 'NONE',  ( -7.459636762039529856, 6.000000000000000000, 19.86309288547961316 ) ) ;
#7725 = CARTESIAN_POINT ( 'NONE',  ( -3.600225533387700239, 6.074195296818787781, 18.25134299263769933 ) ) ;
#7726 = CARTESIAN_POINT ( 'NONE',  ( 6.442690205710550622, 9.947853253380122496, 7.375649801031920916 ) ) ;
#7727 = CARTESIAN_POINT ( 'NONE',  ( 8.901102426010902846, 10.81777505168941111, 4.206471276695340045 ) ) ;
#7728 = CIRCLE ( 'NONE', #4170, 2.349999999999997868 ) ;
#7729 = TOROIDAL_SURFACE ( 'NONE', #2998, 0.2000000000000000111, 0.1000000000000000056 ) ;
#7730 = CARTESIAN_POINT ( 'NONE',  ( 4.556123348186004840, 6.000000000000000000, 17.65890222095043072 ) ) ;
#7731 = B_SPLINE_CURVE_WITH_KNOTS ( 'NONE', 3,
 ( #7330, #3617, #7981, #3087, #1141, #4969, #410, #6746, #7370, #1724, #4226, #1684, #7442, #1799, #1842, #6125 ),
 .UNSPECIFIED., .F., .F.,
 ( 4, 3, 3, 3, 3, 4 ),
 ( 0.000000000000000000, 6.675202898540666406E-06, 1.334887914328015069E-05, 2.004671926366026976E-05, 2.679650801738021676E-05, 3.136835858832785632E-05 ),
 .UNSPECIFIED. ) ;
#7732 = EDGE_LOOP ( 'NONE', ( #3999, #4860, #1154, #1318 ) ) ;
#7733 = CARTESIAN_POINT ( 'NONE',  ( -5.298886165483982502, 6.800000000000002487, 17.28445487910744660 ) ) ;
#7734 = CARTESIAN_POINT ( 'NONE',  ( -7.095297118039105122, 9.279077868050022104, 6.927065009325080069 ) ) ;
#7735 = DIRECTION ( 'NONE',  ( 0.5877852522924685852, -0.000000000000000000, -0.8090169943749507819 ) ) ;
#7736 = CARTESIAN_POINT ( 'NONE',  ( -6.800045883667180213, 10.81999999999999851, -7.232833191773544002 ) ) ;
#7737 = VECTOR ( 'NONE', #6374, 1000.000000000000000 ) ;
#7738 = DIRECTION ( 'NONE',  ( 0.000000000000000000, 8.673617379884012753E-14, -1.000000000000000000 ) ) ;
#7739 = ADVANCED_FACE ( 'NONE', ( #1907 ), #4372, .F. ) ;
#7740 = B_SPLINE_SURFACE_WITH_KNOTS ( 'NONE', 5, 5, ( 
 ( #1892, #5559, #6918, #690, #3217, #8072, #4443, #4982, #2434, #6963, #1316, #7497 ),
 ( #1852, #6342, #5724, #6874, #1230, #6511, #2682, #4527, #1400, #862, #1569, #207 ),
 ( #4611, #5274, #7829, #7790, #2143, #2106, #3910, #777, #2812, #3952, #7128, #5892 ),
 ( #1486, #1525, #2065, #2187, #5314, #4692, #7045, #6427, #3344, #3388, #3991, #4075 ),
 ( #3304, #5809, #1444, #164, #7210, #2728, #5192, #6591, #2769, #817, #7706, #4566 ),
 ( #3261, #7664, #6471, #2027, #5769, #4032, #7089, #6551, #125, #5849, #4652, #248 ),
 ( #5233, #7748, #7169, #904, #2643, #3431, #5932, #286, #5150, #2971, #7332, #2230 ),
 ( #1688, #6632, #5972, #4737, #5434, #4194, #3550, #4267, #6712, #372, #7252, #1608 ),
 ( #7410, #6055, #4112, #2308, #5471, #5517, #7984, #2349, #7946, #984, #3511, #482 ),
 ( #4815, #3585, #3011, #1068, #7372, #7910, #8027, #2389, #4894, #6013, #2898, #1028 ),
 ( #6090, #1764, #446, #5398, #2268, #7290, #4774, #942, #412, #1646, #3470, #4857 ),
 ( #2934, #1105, #328, #1726, #4150, #6670, #4228, #6750, #3621, #6127, #5358, #2854 ) ),
 .UNSPECIFIED., .F., .F., .F.,
 ( 6, 3, 3, 6 ),
 ( 6, 3, 3, 6 ),
 ( -0.7181003327322472707, -0.1182793786087339427, 0.1816310984530227213, 0.7651377456353053441 ),
 ( -0.5905043661629472140, -0.09508611072885364557, 0.1526230169881931387, 0.6364651178235360973 ),
 .UNSPECIFIED. ) ;
#7741 = CARTESIAN_POINT ( 'NONE',  ( 7.084220798783073647, 8.359775536894266779, 6.868917214844604935 ) ) ;
#7742 = ORIENTED_EDGE ( 'NONE', *, *, #1363, .T. ) ;
#7743 = AXIS2_PLACEMENT_3D ( 'NONE', #3116, #1298, #6326 ) ;
#7744 = CARTESIAN_POINT ( 'NONE',  ( 5.944320239319903720, 9.943963046167658248, 8.770786716123723181 ) ) ;
#7745 = CARTESIAN_POINT ( 'NONE',  ( 8.294981142869518820, 6.315518741482493148, 5.465495195127788364 ) ) ;
#7746 = LINE ( 'NONE', #2726, #5516 ) ;
#7747 = AXIS2_PLACEMENT_3D ( 'NONE', #7240, #4139, #2214 ) ;
#7748 = CARTESIAN_POINT ( 'NONE',  ( -6.877537337236548254, 10.19056098500208662, 7.041588349400678126 ) ) ;
#7749 = EDGE_CURVE ( 'NONE', #3483, #5175, #3784, .T. ) ;
#7750 = EDGE_LOOP ( 'NONE', ( #1192 ) ) ;
#7751 = CIRCLE ( 'NONE', #632, 9.845000000000000639 ) ;
#7752 = CARTESIAN_POINT ( 'NONE',  ( 4.684410375767397383, 7.210550693303510172, 20.31491806957699353 ) ) ;
#7753 = CARTESIAN_POINT ( 'NONE',  ( -5.184077426209861450, 7.427647246794453650, 18.80555947608375789 ) ) ;
#7754 = DIRECTION ( 'NONE',  ( 0.000000000000000000, 0.000000000000000000, -1.000000000000000000 ) ) ;
#7755 = CARTESIAN_POINT ( 'NONE',  ( -6.871428256406457713, 9.802959598301510979, 7.269696738679279235 ) ) ;
#7757 = DIRECTION ( 'NONE',  ( 0.000000000000000000, 0.000000000000000000, -1.000000000000000000 ) ) ;
#7756 = VECTOR ( 'NONE', #4320, 1000.000000000000000 ) ;
#7758 = ORIENTED_EDGE ( 'NONE', *, *, #589, .F. ) ;
#7759 = EDGE_CURVE ( 'NONE', #2548, #662, #6932, .T. ) ;
#7760 = DIRECTION ( 'NONE',  ( 1.000000000000000000, 0.000000000000000000, 0.000000000000000000 ) ) ;
#7761 = EDGE_CURVE ( 'NONE', #1099, #7931, #8004, .T. ) ;
#7762 = ORIENTED_EDGE ( 'NONE', *, *, #6239, .F. ) ;
#7763 = DIRECTION ( 'NONE',  ( -0.000000000000000000, 1.000000000000000000, -0.000000000000000000 ) ) ;
#7764 = DIRECTION ( 'NONE',  ( 0.1144488165907830285, -0.000000000000000000, 0.9934291461301956172 ) ) ;
#7765 = DIRECTION ( 'NONE',  ( 1.000000000000000000, 0.000000000000000000, -1.297293286543607101E-16 ) ) ;
#7766 = FACE_OUTER_BOUND ( 'NONE', #1570, .T. ) ;
#7767 = FACE_OUTER_BOUND ( 'NONE', #1609, .T. ) ;
#7768 = FACE_BOUND ( 'NONE', #1699, .T. ) ;
#7769 = CARTESIAN_POINT ( 'NONE',  ( 4.728641350681352051, 11.78142075262612387, -8.635043484350644505 ) ) ;
#7770 = ORIENTED_EDGE ( 'NONE', *, *, #716, .F. ) ;
#7771 = AXIS2_PLACEMENT_3D ( 'NONE', #7555, #7685, #628 ) ;
#7772 = CARTESIAN_POINT ( 'NONE',  ( 8.892467503436229492, 10.79999999999999893, 4.224694864760148327 ) ) ;
#7773 = CARTESIAN_POINT ( 'NONE',  ( 6.083458141659806806, 6.000000000000000000, 17.38314050648380515 ) ) ;
#7774 = ORIENTED_EDGE ( 'NONE', *, *, #3827, .F. ) ;
#7775 = CARTESIAN_POINT ( 'NONE',  ( -3.891375783128410148, 6.800000000000000711, 20.09415131862515480 ) ) ;
#7776 = CARTESIAN_POINT ( 'NONE',  ( -4.314225750556242467, 6.000000000000000000, 20.72935870091896504 ) ) ;
#7777 = DIRECTION ( 'NONE',  ( -0.5877852522924319478, -1.466444043291768721E-13, 0.8090169943749774273 ) ) ;
#7778 = LINE ( 'NONE', #4182, #5738 ) ;
#7779 = CARTESIAN_POINT ( 'NONE',  ( 6.759371133779303875, 10.80191945183063673, -7.157857954670706846 ) ) ;
#7780 = CIRCLE ( 'NONE', #5277, 4.604519503718791817 ) ;
#7781 = FACE_OUTER_BOUND ( 'NONE', #4967, .T. ) ;
#7782 = EDGE_CURVE ( 'NONE', #2692, #1649, #897, .T. ) ;
#7783 = SPHERICAL_SURFACE ( 'NONE', #2471, 0.02000000000000000042 ) ;
#7784 = CARTESIAN_POINT ( 'NONE',  ( -4.062033147274227041, 5.800000000000001599, 18.88090742590942028 ) ) ;
#7785 = EDGE_LOOP ( 'NONE', ( #2935, #3426, #621, #895 ) ) ;
#7786 = DIRECTION ( 'NONE',  ( 0.000000000000000000, 1.000000000000000000, 0.000000000000000000 ) ) ;
#7787 = CARTESIAN_POINT ( 'NONE',  ( -5.397723008919373733, 7.252638489719951842, 18.45451763463888994 ) ) ;
#7788 = CARTESIAN_POINT ( 'NONE',  ( -7.209119464827826285, 8.319410463335257688, 6.822347374388966657 ) ) ;
#7789 = LINE ( 'NONE', #6341, #4072 ) ;
#7790 = CARTESIAN_POINT ( 'NONE',  ( -7.287007300167632984, 10.13358888418195214, 6.641754189267775388 ) ) ;
#7791 = ORIENTED_EDGE ( 'NONE', *, *, #3302, .F. ) ;
#7792 = LINE ( 'NONE', #7913, #5213 ) ;
#7793 = CARTESIAN_POINT ( 'NONE',  ( -1.270000000000082396, 10.81999999999999851, 9.848451654955704626 ) ) ;
#7794 = DIRECTION ( 'NONE',  ( 0.9820588696906381587, 0.000000000000000000, -0.1885745912416260661 ) ) ;
#7795 = DIRECTION ( 'NONE',  ( 1.000000000000000000, 0.000000000000000000, 0.000000000000000000 ) ) ;
#7796 = CARTESIAN_POINT ( 'NONE',  ( 8.901102426010899293, 10.81999999999999851, 4.206471276695338268 ) ) ;
#7797 = CIRCLE ( 'NONE', #2665, 11.09305882352941097 ) ;
#7798 = CARTESIAN_POINT ( 'NONE',  ( 4.040135404576813194, 5.800000000000000711, 19.46959156069295815 ) ) ;
#7799 = VERTEX_POINT ( 'NONE', #6356 ) ;
#7800 = DIRECTION ( 'NONE',  ( -0.9510565162951499785, 0.000000000000000000, 0.3090169943749581649 ) ) ;
#7801 = VERTEX_POINT ( 'NONE', #3839 ) ;
#7802 = LINE ( 'NONE', #4665, #2684 ) ;
#7803 = CARTESIAN_POINT ( 'NONE',  ( -4.039217444383178979, 5.799999999999912781, 18.96083515250512264 ) ) ;
#7804 = TOROIDAL_SURFACE ( 'NONE', #8056, 0.04000000000000000083, 0.02000000000000000042 ) ;
#7805 = AXIS2_PLACEMENT_3D ( 'NONE', #794, #7723, #182 ) ;
#7806 = EDGE_CURVE ( 'NONE', #321, #7618, #2527, .T. ) ;
#7807 = CARTESIAN_POINT ( 'NONE',  ( -7.448715543058280986, 6.000000000000000000, 19.89064637976666106 ) ) ;
#7808 = EDGE_CURVE ( 'NONE', #567, #567, #4830, .T. ) ;
#7809 = CARTESIAN_POINT ( 'NONE',  ( -6.650376399477492484, 5.637330250314876778, 19.93494910444471913 ) ) ;
#7810 = DIRECTION ( 'NONE',  ( 0.000000000000000000, 1.000000000000000000, 0.000000000000000000 ) ) ;
#7811 = B_SPLINE_CURVE_WITH_KNOTS ( 'NONE', 3,
 ( #6866, #4438, #3126, #7036, #5673, #7527, #6955, #7659, #4392, #6911, #682, #7617, #1886, #3210, #1310, #1224 ),
 .UNSPECIFIED., .F., .F.,
 ( 4, 3, 3, 3, 3, 4 ),
 ( 1.734723475976807094E-18, 6.813607764377865712E-06, 1.362888691620133342E-05, 2.041741829247379998E-05, 2.715169260939097706E-05, 3.137330819557963157E-05 ),
 .UNSPECIFIED. ) ;
#7812 = ORIENTED_EDGE ( 'NONE', *, *, #2458, .T. ) ;
#7813 = DIRECTION ( 'NONE',  ( -0.000000000000000000, -1.000000000000000000, -0.000000000000000000 ) ) ;
#7814 = AXIS2_PLACEMENT_3D ( 'NONE', #4128, #5371, #2988 ) ;
#7815 = CARTESIAN_POINT ( 'NONE',  ( 4.348570269723624371, 6.000000000000000000, 17.84009002448812353 ) ) ;
#7816 = CARTESIAN_POINT ( 'NONE',  ( -11.08758383676868320, 6.800000000000000711, 20.11905188458655402 ) ) ;
#7817 = ADVANCED_FACE ( 'NONE', ( #6274 ), #7588, .T. ) ;
#7818 = DIRECTION ( 'NONE',  ( 0.000000000000000000, 1.000000000000000000, 0.000000000000000000 ) ) ;
#7819 = DIRECTION ( 'NONE',  ( -0.000000000000000000, -1.000000000000000000, -0.000000000000000000 ) ) ;
#7820 = DIRECTION ( 'NONE',  ( 1.776356839400250465E-15, 0.000000000000000000, 1.000000000000000000 ) ) ;
#7821 = DIRECTION ( 'NONE',  ( 0.9820588696906379367, 0.000000000000000000, -0.1885745912416261771 ) ) ;
#7822 = CARTESIAN_POINT ( 'NONE',  ( 4.912935027540115129, 6.809793854786360789, 21.20178859083343781 ) ) ;
#7823 = CARTESIAN_POINT ( 'NONE',  ( 7.075130075757935622, 8.377266658801596932, 6.845915527605162865 ) ) ;
#7824 = EDGE_LOOP ( 'NONE', ( #3615 ) ) ;
#7825 = DIRECTION ( 'NONE',  ( 0.000000000000000000, 1.000000000000000000, 0.000000000000000000 ) ) ;
#7826 = CARTESIAN_POINT ( 'NONE',  ( 5.183776904261877760, 7.145672556172161904, 17.76611789647398254 ) ) ;
#7827 = CARTESIAN_POINT ( 'NONE',  ( -7.154159703628975464, 8.367604528231009198, 6.781087981690120614 ) ) ;
#7828 = CARTESIAN_POINT ( 'NONE',  ( 4.062520418913247333, 6.998010195368510544, 19.43537659224501724 ) ) ;
#7829 = CARTESIAN_POINT ( 'NONE',  ( -7.236788025942304081, 10.22943585959372470, 6.626820526484296536 ) ) ;
#7830 = EDGE_LOOP ( 'NONE', ( #1865, #5146, #1342, #5309, #4483 ) ) ;
#7831 = ORIENTED_EDGE ( 'NONE', *, *, #6896, .F. ) ;
#7832 = AXIS2_PLACEMENT_3D ( 'NONE', #642, #3209, #6293 ) ;
#7833 = CARTESIAN_POINT ( 'NONE',  ( 4.018318958023560761, 5.800000000000006928, 19.21412097384434148 ) ) ;
#7834 = CARTESIAN_POINT ( 'NONE',  ( -5.394653923580547961, 7.120159376297464426, 17.95222731235851654 ) ) ;
#7835 = DIRECTION ( 'NONE',  ( 0.000000000000000000, 0.000000000000000000, 1.000000000000000000 ) ) ;
#7836 = CIRCLE ( 'NONE', #721, 0.09999999999999939493 ) ;
#7837 = DIRECTION ( 'NONE',  ( 0.000000000000000000, 0.000000000000000000, -1.000000000000000000 ) ) ;
#7838 = DIRECTION ( 'NONE',  ( -0.9820588696906380477, 0.000000000000000000, -0.1885745912416258163 ) ) ;
#7839 = CARTESIAN_POINT ( 'NONE',  ( 0.000000000000000000, 0.000000000000000000, 0.000000000000000000 ) ) ;
#7840 = ORIENTED_EDGE ( 'NONE', *, *, #5483, .T. ) ;
#7841 = LINE ( 'NONE', #7223, #2601 ) ;
#7842 = VERTEX_POINT ( 'NONE', #5037 ) ;
#7843 = DIRECTION ( 'NONE',  ( 0.000000000000000000, -0.000000000000000000, 1.000000000000000000 ) ) ;
#7844 = EDGE_CURVE ( 'NONE', #3177, #3177, #4428, .T. ) ;
#7845 = CIRCLE ( 'NONE', #2855, 0.5000000000000004441 ) ;
#7846 = LINE ( 'NONE', #1584, #1754 ) ;
#7847 = DIRECTION ( 'NONE',  ( 0.5877852522924802425, -0.000000000000000000, 0.8090169943749423442 ) ) ;
#7848 = CARTESIAN_POINT ( 'NONE',  ( 2.313032830975961573, 6.600000000000000533, 19.79958055990334032 ) ) ;
#7849 = CARTESIAN_POINT ( 'NONE',  ( -3.970546967519136938, 6.072307629613264979, 17.99198430262521597 ) ) ;
#7850 = ORIENTED_EDGE ( 'NONE', *, *, #4560, .T. ) ;
#7851 = CARTESIAN_POINT ( 'NONE',  ( 2.499999999999964473, 5.899999999999998579, 22.89999999999999503 ) ) ;
#7852 = DIRECTION ( 'NONE',  ( -1.776356839400250465E-15, 0.000000000000000000, 1.000000000000000000 ) ) ;
#7853 = EDGE_CURVE ( 'NONE', #693, #5109, #880, .T. ) ;
#7854 = VERTEX_POINT ( 'NONE', #5740 ) ;
#7855 = CARTESIAN_POINT ( 'NONE',  ( -16.89999999999999858, 6.000000000000000000, 0.000000000000000000 ) ) ;
#7856 = CARTESIAN_POINT ( 'NONE',  ( -4.924916058994699419, 6.800000000000000711, 21.23205975428567527 ) ) ;
#7857 = CARTESIAN_POINT ( 'NONE',  ( -4.002364940855911435, 6.000000000000000000, 20.28261778368178980 ) ) ;
#7858 = DIRECTION ( 'NONE',  ( 0.8090169943749417891, 0.000000000000000000, -0.5877852522924810197 ) ) ;
#7859 = CARTESIAN_POINT ( 'NONE',  ( 4.727820494757924763, 10.81357317115932304, -8.635492956321606073 ) ) ;
#7860 = DIRECTION ( 'NONE',  ( 0.6056052325900765920, 0.000000000000000000, -0.7957652306173719214 ) ) ;
#7862 = ORIENTED_EDGE ( 'NONE', *, *, #7385, .F. ) ;
#7861 = DIRECTION ( 'NONE',  ( -0.9037243241699128848, 0.000000000000000000, -0.4281148746582327802 ) ) ;
#7863 = EDGE_CURVE ( 'NONE', #3221, #3221, #1937, .T. ) ;
#7864 = DIRECTION ( 'NONE',  ( 0.9820588696906381587, 0.000000000000000000, -0.1885745912416263992 ) ) ;
#7865 = ORIENTED_EDGE ( 'NONE', *, *, #4063, .T. ) ;
#7866 = CARTESIAN_POINT ( 'NONE',  ( -5.379587637127124289, 7.211046041103216453, 18.32746814577712513 ) ) ;
#7867 = DIRECTION ( 'NONE',  ( 0.000000000000000000, 1.000000000000000000, 0.000000000000000000 ) ) ;
#7868 = CARTESIAN_POINT ( 'NONE',  ( 4.068287119875353852, 6.981433907811441131, 19.59461048647452230 ) ) ;
#7869 = AXIS2_PLACEMENT_3D ( 'NONE', #522, #5553, #2973 ) ;
#7870 = LINE ( 'NONE', #5014, #2563 ) ;
#7871 = ORIENTED_EDGE ( 'NONE', *, *, #4752, .T. ) ;
#7872 = CIRCLE ( 'NONE', #5373, 12.50000000000000000 ) ;
#7873 = ORIENTED_EDGE ( 'NONE', *, *, #6804, .T. ) ;
#7874 = DIRECTION ( 'NONE',  ( 0.1144488165907830285, 0.000000000000000000, 0.9934291461301956172 ) ) ;
#7875 = VECTOR ( 'NONE', #2032, 1000.000000000000000 ) ;
#7876 = B_SPLINE_CURVE_WITH_KNOTS ( 'NONE', 3,
 ( #3708, #130, #7671, #3748, #4328, #7541, #6844, #6309, #3833, #3224, #6266, #3790, #5606, #7629, #5071, #4363 ),
 .UNSPECIFIED., .F., .F.,
 ( 4, 3, 3, 3, 3, 4 ),
 ( 0.000000000000000000, 6.813607764377377821E-06, 1.362888691619926497E-05, 2.041741829247163158E-05, 2.715169260939082120E-05, 3.137330819557944184E-05 ),
 .UNSPECIFIED. ) ;
#7877 = AXIS2_PLACEMENT_3D ( 'NONE', #2533, #104, #2623 ) ;
#7878 = CARTESIAN_POINT ( 'NONE',  ( -5.136267901785575241, 9.141670161336502787, 13.39066739789493887 ) ) ;
#7879 = CARTESIAN_POINT ( 'NONE',  ( -6.640386855137934141, 6.995918010550294497, 18.00436666529886764 ) ) ;
#7880 = CARTESIAN_POINT ( 'NONE',  ( -2.599999999999959233, 5.899999999999999467, 16.80000000000000071 ) ) ;
#7881 = DIRECTION ( 'NONE',  ( 0.000000000000000000, 1.000000000000000000, 0.000000000000000000 ) ) ;
#7882 = ORIENTED_EDGE ( 'NONE', *, *, #252, .T. ) ;
#7883 = AXIS2_PLACEMENT_3D ( 'NONE', #910, #5900, #256 ) ;
#7884 = EDGE_LOOP ( 'NONE', ( #6063, #5561, #5247, #7873 ) ) ;
#7885 = DIRECTION ( 'NONE',  ( -0.000000000000000000, -1.000000000000000000, -0.000000000000000000 ) ) ;
#7886 = CARTESIAN_POINT ( 'NONE',  ( 8.892467503436229492, 10.79999999999999893, 4.224694864760148327 ) ) ;
#7887 = DIRECTION ( 'NONE',  ( 0.5958301556657751297, 0.000000000000000000, 0.8031104691132461282 ) ) ;
#7888 = FACE_OUTER_BOUND ( 'NONE', #2050, .T. ) ;
#7889 = AXIS2_PLACEMENT_3D ( 'NONE', #2519, #4449, #1160 ) ;
#7890 = CARTESIAN_POINT ( 'NONE',  ( -4.255995959971280662, 5.678703261962604998, 19.70197337236568913 ) ) ;
#7891 = CARTESIAN_POINT ( 'NONE',  ( 2.584705882352905437, 5.899999999999999467, 16.70117647058824062 ) ) ;
#7892 = ORIENTED_EDGE ( 'NONE', *, *, #52, .F. ) ;
#7893 = CARTESIAN_POINT ( 'NONE',  ( 7.105713698713811866, 9.293713334087245315, 6.929493160353709769 ) ) ;
#7894 = VERTEX_POINT ( 'NONE', #4459 ) ;
#7895 = CARTESIAN_POINT ( 'NONE',  ( 3.543302186084417826, 6.000000000000000000, 18.67470885673765935 ) ) ;
#7896 = CARTESIAN_POINT ( 'NONE',  ( 5.242377806585317934, 7.180671824098991074, 18.26895945303211022 ) ) ;
#7897 = DIRECTION ( 'NONE',  ( 1.000000000000000000, 0.000000000000000000, 0.000000000000000000 ) ) ;
#7898 = LINE ( 'NONE', #2215, #7053 ) ;
#7899 = DIRECTION ( 'NONE',  ( 0.000000000000000000, 0.000000000000000000, 1.000000000000000000 ) ) ;
#7900 = ADVANCED_FACE ( 'NONE', ( #3105 ), #96, .F. ) ;
#7902 = ORIENTED_EDGE ( 'NONE', *, *, #2274, .F. ) ;
#7901 = CARTESIAN_POINT ( 'NONE',  ( -7.397539357315539021, 9.588105399716365440, 6.496200535998511327 ) ) ;
#7903 = CARTESIAN_POINT ( 'NONE',  ( -7.185690044177670543, 8.306583464773094505, 6.876629145328367443 ) ) ;
#7904 = ORIENTED_EDGE ( 'NONE', *, *, #1721, .F. ) ;
#7905 = CARTESIAN_POINT ( 'NONE',  ( 5.200330760611887371, 7.228308768018236741, 18.80555947608375789 ) ) ;
#7906 = CARTESIAN_POINT ( 'NONE',  ( -7.136275710937418637, 8.377266658801596932, 6.782152606472712009 ) ) ;
#7907 = CARTESIAN_POINT ( 'NONE',  ( -3.089133998076035947, 6.600000000000000533, 19.79958055990334032 ) ) ;
#7908 = EDGE_CURVE ( 'NONE', #726, #5810, #7637, .T. ) ;
#7909 = ADVANCED_FACE ( 'NONE', ( #1168 ), #6317, .T. ) ;
#7910 = CARTESIAN_POINT ( 'NONE',  ( -6.703945806990158296, 9.593570868017845754, 7.336118517678700712 ) ) ;
#7911 = ORIENTED_EDGE ( 'NONE', *, *, #5633, .T. ) ;
#7912 = EDGE_LOOP ( 'NONE', ( #5695, #1671, #7354, #5193 ) ) ;
#7913 = CARTESIAN_POINT ( 'NONE',  ( 1.999999999999963585, 6.000000000000000000, 23.29999999999999716 ) ) ;
#7914 = CARTESIAN_POINT ( 'NONE',  ( -5.367847558069972713, 9.564727027258062009, 11.78265130700379792 ) ) ;
#7915 = CARTESIAN_POINT ( 'NONE',  ( -6.623123177128923622, 7.193850270384311685, 19.89792572481179889 ) ) ;
#7916 = EDGE_CURVE ( 'NONE', #8107, #262, #2730, .T. ) ;
#7917 = FACE_OUTER_BOUND ( 'NONE', #2585, .T. ) ;
#7918 = FACE_OUTER_BOUND ( 'NONE', #5475, .T. ) ;
#7919 = VERTEX_POINT ( 'NONE', #5077 ) ;
#7920 = ORIENTED_EDGE ( 'NONE', *, *, #4736, .F. ) ;
#7921 = VERTEX_POINT ( 'NONE', #496 ) ;
#7922 = CARTESIAN_POINT ( 'NONE',  ( -6.800045883667180213, 11.77999999999999936, -7.232833191773544002 ) ) ;
#7923 = DIRECTION ( 'NONE',  ( 0.000000000000000000, 0.000000000000000000, -1.000000000000000000 ) ) ;
#7924 = AXIS2_PLACEMENT_3D ( 'NONE', #5691, #615, #3142 ) ;
#7925 = EDGE_CURVE ( 'NONE', #3389, #5325, #7592, .T. ) ;
#7926 = LINE ( 'NONE', #3566, #7529 ) ;
#7927 = CARTESIAN_POINT ( 'NONE',  ( 4.746314235147817584, 11.79999999999999716, -8.625342090678675078 ) ) ;
#7928 = CARTESIAN_POINT ( 'NONE',  ( 7.374413775433125373, 10.03300379389527563, 6.522658327432970360 ) ) ;
#7929 = VERTEX_POINT ( 'NONE', #540 ) ;
#7930 = CARTESIAN_POINT ( 'NONE',  ( -2.410188870128476157, 10.81999999999999851, -5.477993438979914309 ) ) ;
#7931 = VERTEX_POINT ( 'NONE', #1828 ) ;
#7932 = CIRCLE ( 'NONE', #6487, 4.604519503718944584 ) ;
#7933 = CARTESIAN_POINT ( 'NONE',  ( 4.115807350305140666, 6.000000000000000000, 18.04320794510013215 ) ) ;
#7934 = CARTESIAN_POINT ( 'NONE',  ( -4.615092491928445284, 6.000000000000000000, 17.61102404688362810 ) ) ;
#7935 = CARTESIAN_POINT ( 'NONE',  ( -7.067283395038049143, 8.137859742263886531, 6.855777449222606457 ) ) ;
#7936 = CARTESIAN_POINT ( 'NONE',  ( -2.399999999999961275, 4.100000000000000533, -1.881075265488234943E-15 ) ) ;
#7937 = FACE_BOUND ( 'NONE', #6610, .T. ) ;
#7938 = CIRCLE ( 'NONE', #4642, 16.25000000000000000 ) ;
#7939 = VECTOR ( 'NONE', #8005, 1000.000000000000114 ) ;
#7940 = PLANE ( 'NONE',  #2475 ) ;
#7941 = CARTESIAN_POINT ( 'NONE',  ( 5.332734467815085644, 6.000000000000000000, 21.34662645195253461 ) ) ;
#7942 = VERTEX_POINT ( 'NONE', #3315 ) ;
#7943 = ADVANCED_FACE ( 'NONE', ( #3445 ), #6802, .T. ) ;
#7944 = CARTESIAN_POINT ( 'NONE',  ( 4.072366801282690574, 6.980000000000003091, 19.61588572453123547 ) ) ;
#7945 = CARTESIAN_POINT ( 'NONE',  ( 4.425771535081927333, 6.799999999999998046, 20.87633133119516771 ) ) ;
#7946 = CARTESIAN_POINT ( 'NONE',  ( -6.828971729359262888, 9.291379864829105273, 7.180553468686254881 ) ) ;
#7947 = ORIENTED_EDGE ( 'NONE', *, *, #3980, .T. ) ;
#7948 = EDGE_CURVE ( 'NONE', #3106, #4787, #2873, .T. ) ;
#7949 = ORIENTED_EDGE ( 'NONE', *, *, #5352, .F. ) ;
#7950 = EDGE_CURVE ( 'NONE', #1649, #7314, #1145, .T. ) ;
#7951 = DIRECTION ( 'NONE',  ( -0.5877852522924603695, 0.000000000000000000, 0.8090169943749568882 ) ) ;
#7952 = CARTESIAN_POINT ( 'NONE',  ( -7.213539517796005995, 9.500000000000000000, 6.966034138962815092 ) ) ;
#7953 = CARTESIAN_POINT ( 'NONE',  ( -4.643681894208427252, 6.776122674121612732, 21.28417564326824873 ) ) ;
#7954 = CARTESIAN_POINT ( 'NONE',  ( 9.673616230282148010, 11.78284961658114760, 1.828981717039654287 ) ) ;
#7955 = ORIENTED_EDGE ( 'NONE', *, *, #4457, .F. ) ;
#7956 = EDGE_LOOP ( 'NONE', ( #2581, #5601, #2202, #1225, #1494, #2865 ) ) ;
#7957 = AXIS2_PLACEMENT_3D ( 'NONE', #1085, #537, #3067 ) ;
#7958 = CARTESIAN_POINT ( 'NONE',  ( 8.909697753756802285, 11.79999999999999716, 4.188234823490795122 ) ) ;
#7959 = TOROIDAL_SURFACE ( 'NONE', #853, 16.80000000000000071, 0.1000000000000000056 ) ;
#7960 = ADVANCED_FACE ( 'NONE', ( #5783 ), #5289, .F. ) ;
#7961 = DIRECTION ( 'NONE',  ( 0.000000000000000000, 0.000000000000000000, 1.000000000000000000 ) ) ;
#7962 = AXIS2_PLACEMENT_3D ( 'NONE', #6545, #5927, #4688 ) ;
#7963 = CARTESIAN_POINT ( 'NONE',  ( -4.465092035840964257, 10.79999999999999893, -3.985018898156917011 ) ) ;
#7964 = DIRECTION ( 'NONE',  ( 0.5877852522924802425, 0.000000000000000000, 0.8090169943749423442 ) ) ;
#7965 = DIRECTION ( 'NONE',  ( -1.000000000000000000, 0.000000000000000000, 0.000000000000000000 ) ) ;
#7966 = VECTOR ( 'NONE', #4517, 1000.000000000000000 ) ;
#7967 = DIRECTION ( 'NONE',  ( 4.336808689942006376E-14, 0.000000000000000000, 1.000000000000000000 ) ) ;
#7968 = TOROIDAL_SURFACE ( 'NONE', #2570, 1.201359479792052820, 0.02000000000000000042 ) ;
#7969 = VERTEX_POINT ( 'NONE', #2741 ) ;
#7970 = CARTESIAN_POINT ( 'NONE',  ( -4.761323057842191453, 10.81999999999999851, -8.714052027550689417 ) ) ;
#7971 = EDGE_LOOP ( 'NONE', ( #6218, #524, #4066, #997 ) ) ;
#7972 = CARTESIAN_POINT ( 'NONE',  ( 3.791143603188806388, 6.000000000000000000, 19.90937152536321619 ) ) ;
#7973 = CARTESIAN_POINT ( 'NONE',  ( -4.291392340402991223, 6.000000000000000000, 17.89074641341108318 ) ) ;
#7974 = CARTESIAN_POINT ( 'NONE',  ( -7.057269217271626260, 8.171477361935785666, 6.740816030804529291 ) ) ;
#7975 = DIRECTION ( 'NONE',  ( 0.9820588696906381587, 0.000000000000000000, -0.1885745912416262604 ) ) ;
#7976 = CARTESIAN_POINT ( 'NONE',  ( 7.142575931777333409, 9.870222887260357680, 7.100589262725331530 ) ) ;
#7977 = DIRECTION ( 'NONE',  ( 0.000000000000000000, 0.000000000000000000, 1.000000000000000000 ) ) ;
#7978 = CARTESIAN_POINT ( 'NONE',  ( -7.075650400169004151, 8.374524080174928997, 6.850318807554779177 ) ) ;
#7979 = EDGE_LOOP ( 'NONE', ( #5135 ) ) ;
#7980 = PLANE ( 'NONE',  #3234 ) ;
#7981 = CARTESIAN_POINT ( 'NONE',  ( -1.249617964925412883, 11.78448080680738208, 9.765371497565505265 ) ) ;
#7982 = CARTESIAN_POINT ( 'NONE',  ( 7.296447677005971855, 6.799999999999998934, 20.21567353591519733 ) ) ;
#7983 = AXIS2_PLACEMENT_3D ( 'NONE', #7032, #5712, #2587 ) ;
#7984 = CARTESIAN_POINT ( 'NONE',  ( -6.842240667876774651, 9.574904029193895383, 7.296687210464224194 ) ) ;
#7985 = VECTOR ( 'NONE', #7468, 1000.000000000000000 ) ;
#7986 = EDGE_CURVE ( 'NONE', #2395, #7572, #6454, .T. ) ;
#7987 = CARTESIAN_POINT ( 'NONE',  ( 4.800717528750991114, 6.750000000000000888, 17.08412951668937652 ) ) ;
#7988 = ORIENTED_EDGE ( 'NONE', *, *, #5841, .T. ) ;
#7989 = ORIENTED_EDGE ( 'NONE', *, *, #3663, .F. ) ;
#7990 = AXIS2_PLACEMENT_3D ( 'NONE', #5184, #5716, #7697 ) ;
#7991 = DIRECTION ( 'NONE',  ( 0.1529411764705849996, 0.000000000000000000, -0.9882352941176474337 ) ) ;
#7992 = CARTESIAN_POINT ( 'NONE',  ( -4.926722322169192481, 8.330762082090824805, 15.30749852300721159 ) ) ;
#7993 = CARTESIAN_POINT ( 'NONE',  ( -6.824893966289460323, 7.150258285748027909, 18.81588638400928559 ) ) ;
#7994 = CARTESIAN_POINT ( 'NONE',  ( 9.673644911948326097, 11.78142075262612742, 1.828829985957234561 ) ) ;
#7995 = EDGE_CURVE ( 'NONE', #6009, #3569, #1415, .T. ) ;
#7996 = EDGE_CURVE ( 'NONE', #2352, #4152, #4164, .T. ) ;
#7997 = ORIENTED_EDGE ( 'NONE', *, *, #2674, .T. ) ;
#7998 = VECTOR ( 'NONE', #715, 1000.000000000000000 ) ;
#7999 = ORIENTED_EDGE ( 'NONE', *, *, #1484, .F. ) ;
#8000 = CARTESIAN_POINT ( 'NONE',  ( 5.540968659984807587, 6.800000000000000711, 23.40865253099103427 ) ) ;
#8001 = CIRCLE ( 'NONE', #1158, 9.845000000000000639 ) ;
#8002 = CYLINDRICAL_SURFACE ( 'NONE', #5599, 0.1000000000000002554 ) ;
#8003 = CARTESIAN_POINT ( 'NONE',  ( -2.509133998076038541, 6.600000000000000533, 19.64958055990333463 ) ) ;
#8004 = CIRCLE ( 'NONE', #4444, 0.5000000000000004441 ) ;
#8005 = DIRECTION ( 'NONE',  ( -0.9510565162951499785, -0.000000000000000000, 0.3090169943749581649 ) ) ;
#8006 = CARTESIAN_POINT ( 'NONE',  ( -6.214121273810595092, 6.059312632707773538, 21.19543838641291700 ) ) ;
#8007 = ADVANCED_FACE ( 'NONE', ( #1497 ), #7729, .T. ) ;
#8009 = CARTESIAN_POINT ( 'NONE',  ( 4.918245401107308012, 5.629877235055969820, 18.28320648557072303 ) ) ;
#8008 = AXIS2_PLACEMENT_3D ( 'NONE', #2077, #3924, #7800 ) ;
#8010 = EDGE_CURVE ( 'NONE', #2729, #6437, #7182, .T. ) ;
#8011 = ORIENTED_EDGE ( 'NONE', *, *, #2662, .F. ) ;
#8012 = DIRECTION ( 'NONE',  ( 0.4794887268723013185, 0.000000000000000000, 0.8775480390282801579 ) ) ;
#8013 = ORIENTED_EDGE ( 'NONE', *, *, #685, .T. ) ;
#8014 = CARTESIAN_POINT ( 'NONE',  ( 3.562104004032200955, 6.000000000000000000, 19.38028923670457004 ) ) ;
#8015 = AXIS2_PLACEMENT_3D ( 'NONE', #7793, #4572, #2604 ) ;
#8016 = CARTESIAN_POINT ( 'NONE',  ( -3.997455182155182030, 6.000000000000000000, 18.14572585116072645 ) ) ;
#8017 = CARTESIAN_POINT ( 'NONE',  ( -7.322213176568837412, 8.122218318934564252, 6.698412957965224734 ) ) ;
#8018 = CARTESIAN_POINT ( 'NONE',  ( -4.761323057842192341, 11.79999999999999716, -8.714052027550691193 ) ) ;
#8019 = CARTESIAN_POINT ( 'NONE',  ( 7.016433266165071458, 10.25044179496389596, 6.852145672847331781 ) ) ;
#8020 = CARTESIAN_POINT ( 'NONE',  ( -5.275638143424256299, 7.333456687423558940, 18.80953321265503675 ) ) ;
#8021 = CARTESIAN_POINT ( 'NONE',  ( -7.162486964547041701, 8.311919029044592122, 6.888332764106443129 ) ) ;
#8022 = ORIENTED_EDGE ( 'NONE', *, *, #2554, .F. ) ;
#8023 = CARTESIAN_POINT ( 'NONE',  ( -8.973982539007158366, 11.77999999999999936, 4.251180705356414791 ) ) ;
#8024 = FACE_OUTER_BOUND ( 'NONE', #8029, .T. ) ;
#8025 = CARTESIAN_POINT ( 'NONE',  ( 5.465375393634740675, 6.799999999999999822, 17.26704185197053221 ) ) ;
#8026 = PRODUCT_RELATED_PRODUCT_CATEGORY ( 'part', '', ( #6165 ) ) ;
#8027 = CARTESIAN_POINT ( 'NONE',  ( -6.711776064421520971, 9.545597926803809585, 7.326449593650385950 ) ) ;
#8028 = CARTESIAN_POINT ( 'NONE',  ( 7.075130075757935622, 8.377266658801596932, 6.845915527605162865 ) ) ;
#8029 = EDGE_LOOP ( 'NONE', ( #2807, #1658, #1332, #2982 ) ) ;
#8030 = CIRCLE ( 'NONE', #6452, 0.04000000000000010492 ) ;
#8031 = VERTEX_POINT ( 'NONE', #4586 ) ;
#8032 = DIRECTION ( 'NONE',  ( 0.000000000000000000, 1.000000000000000000, 0.000000000000000000 ) ) ;
#8033 = DIRECTION ( 'NONE',  ( -1.297293286543607101E-16, 0.000000000000000000, -1.000000000000000000 ) ) ;
#8034 = CARTESIAN_POINT ( 'NONE',  ( -6.505213034913026604E-16, 6.000000000000000000, -4.995798655503515207 ) ) ;
#8035 = ORIENTED_EDGE ( 'NONE', *, *, #5829, .F. ) ;
#8036 = ORIENTED_EDGE ( 'NONE', *, *, #6549, .F. ) ;
#8037 = DIRECTION ( 'NONE',  ( 0.000000000000000000, 0.000000000000000000, 1.000000000000000000 ) ) ;
#8038 = CARTESIAN_POINT ( 'NONE',  ( 4.855020331690625746, 6.790223400592432235, 17.37323250888237780 ) ) ;
#8039 = B_SPLINE_CURVE_WITH_KNOTS ( 'NONE', 3,
 ( #7613, #155, #2635, #2015, #6004, #2925, #7197, #5387, #6539, #279, #7779, #3423, #2298, #7279, #5424, #3460 ),
 .UNSPECIFIED., .F., .F.,
 ( 4, 3, 3, 3, 3, 4 ),
 ( 0.000000000000000000, 6.674844931760910515E-06, 1.334819580725029155E-05, 2.004522600748429527E-05, 2.679446686807449861E-05, 3.137313318925695883E-05 ),
 .UNSPECIFIED. ) ;
#8040 = CARTESIAN_POINT ( 'NONE',  ( -5.006061230865880951, 5.800000000000000711, 19.21077251559043830 ) ) ;
#8041 = DIRECTION ( 'NONE',  ( 0.000000000000000000, 1.000000000000000000, 0.000000000000000000 ) ) ;
#8042 = LINE ( 'NONE', #4948, #4238 ) ;
#8043 = CARTESIAN_POINT ( 'NONE',  ( 9.758885704719627796, 10.81999999999999851, 1.835497153966437978 ) ) ;
#8044 = CARTESIAN_POINT ( 'NONE',  ( 2.399999999999963496, 6.000000000000000000, 16.71406593262094731 ) ) ;
#8045 = ORIENTED_EDGE ( 'NONE', *, *, #7154, .T. ) ;
#8046 = CARTESIAN_POINT ( 'NONE',  ( 7.173199093517828473, 9.339734800248805868, 6.880339888513516300 ) ) ;
#8047 = EDGE_LOOP ( 'NONE', ( #3885, #2837, #6889, #4896 ) ) ;
#8048 = DIRECTION ( 'NONE',  ( 0.000000000000000000, 1.000000000000000000, 0.000000000000000000 ) ) ;
#8049 = EDGE_CURVE ( 'NONE', #395, #6613, #483, .T. ) ;
#8050 = CARTESIAN_POINT ( 'NONE',  ( -6.546252016227941617, 6.801569204931494639, 20.82936516966095297 ) ) ;
#8051 = CARTESIAN_POINT ( 'NONE',  ( -4.333302766224292668, 6.000000000000000000, 17.85372488219527654 ) ) ;
#8052 = CARTESIAN_POINT ( 'NONE',  ( -8.008484193478439650, 6.786652447095087304, 5.827488211586537403 ) ) ;
#8053 = PLANE ( 'NONE',  #5214 ) ;
#8054 = CARTESIAN_POINT ( 'NONE',  ( 7.439960433012356766, 9.386560791475458743, 6.173131202159635400 ) ) ;
#8055 = DIRECTION ( 'NONE',  ( 0.000000000000000000, 1.000000000000000000, 0.000000000000000000 ) ) ;
#8056 = AXIS2_PLACEMENT_3D ( 'NONE', #4990, #6969, #1990 ) ;
#8057 = CARTESIAN_POINT ( 'NONE',  ( -7.168761965698349670, 8.309971523798383330, 6.886306604155500111 ) ) ;
#8058 = ADVANCED_FACE ( 'NONE', ( #7062 ), #605, .F. ) ;
#8059 = ORIENTED_EDGE ( 'NONE', *, *, #1819, .T. ) ;
#8060 = CARTESIAN_POINT ( 'NONE',  ( 4.800717528750991114, 6.800000000000000711, 17.08412951668937652 ) ) ;
#8061 = CARTESIAN_POINT ( 'NONE',  ( 9.758885704719629572, 11.77999999999999936, 1.835497153966437534 ) ) ;
#8062 = PLANE ( 'NONE',  #3013 ) ;
#8063 = CIRCLE ( 'NONE', #4511, 1.201359479792052376 ) ;
#8064 = CARTESIAN_POINT ( 'NONE',  ( -6.498081064917195171, 6.999254291737400102, 20.41615288801387962 ) ) ;
#8065 = CARTESIAN_POINT ( 'NONE',  ( -4.793683737617190133, 11.79999999999999716, -8.690540617458990980 ) ) ;
#8066 = VERTEX_POINT ( 'NONE', #6566 ) ;
#8067 = AXIS2_PLACEMENT_3D ( 'NONE', #2605, #1234, #5605 ) ;
#8068 = VECTOR ( 'NONE', #5909, 1000.000000000000000 ) ;
#8069 = ORIENTED_EDGE ( 'NONE', *, *, #8140, .T. ) ;
#8070 = CARTESIAN_POINT ( 'NONE',  ( 9.673644911948310110, -27.84586504312624911, 1.828829985957294513 ) ) ;
#8071 = DIRECTION ( 'NONE',  ( -0.000000000000000000, 1.000000000000000000, 0.000000000000000000 ) ) ;
#8072 = CARTESIAN_POINT ( 'NONE',  ( -7.436439715737303224, 9.905527741265064634, 6.358155837821778178 ) ) ;
#8073 = ORIENTED_EDGE ( 'NONE', *, *, #357, .F. ) ;
#8074 = VERTEX_POINT ( 'NONE', #2556 ) ;
#8075 = CARTESIAN_POINT ( 'NONE',  ( -6.278264638789980090, 6.999999999999998224, 20.58181963669255055 ) ) ;
#8076 =( BOUNDED_SURFACE ( )  B_SPLINE_SURFACE ( 3, 3, ( 
 ( #277, #6043, #359, #317, #6657, #5263, #1016, #2884, #5385, #4724, #3372, #2255 ),
 ( #4761, #4638, #4019, #2922, #3537, #6536, #400, #5422, #7935, #2296, #4804, #4181 ),
 ( #236, #4845, #5003, #4921, #1835, #513, #3000, #5618, #7974, #1715, #7397, #1055 ),
 ( #5460, #3723, #6241, #3574, #7434, #4340, #6736, #1093, #3040, #1792, #4218, #5544 ),
 ( #2338, #3610, #6076, #8052, #1210, #434, #4295, #8017, #6775, #2379, #7476, #8090 ),
 ( #7361, #6821, #6115, #472, #5503, #2414, #4884, #4253, #1750, #1174, #1873, #584 ),
 ( #5578, #7515, #2455, #1133, #4379, #8131, #3110, #3687, #2959, #3649, #6159, #6203 ) ),
 .UNSPECIFIED., .T., .F., .F. ) 
 B_SPLINE_SURFACE_WITH_KNOTS ( ( 4, 3, 4 ),
 ( 4, 2, 2, 2, 2, 4 ),
 ( 0.000000000000000000, 0.5000000000000000000, 1.000000000000000000 ),
 ( 0.000000000000000000, 0.2500000000000000000, 0.5000000000000000000, 0.7500000000000000000, 0.8750000000000000000, 1.000000000000000000 ),
 .UNSPECIFIED. ) 
 GEOMETRIC_REPRESENTATION_ITEM ( )  RATIONAL_B_SPLINE_SURFACE ( (
 ( 1.000000000000000000, 1.000000000000000000, 1.000000000000000000, 1.000000000000000000, 1.000000000000000000, 1.000000000000000000, 1.000000000000000000, 1.000000000000000000, 1.000000000000000000, 1.000000000000000000, 1.000000000000000000, 1.000000000000000000),
 ( 0.3333333333333333703, 0.3333333333333333703, 0.3333333333333333703, 0.3333333333333333703, 0.3333333333333333703, 0.3333333333333333703, 0.3333333333333333703, 0.3333333333333333703, 0.3333333333333333703, 0.3333333333333333703, 0.3333333333333333703, 0.3333333333333333703),
 ( 0.3333333333333333703, 0.3333333333333333703, 0.3333333333333333703, 0.3333333333333333703, 0.3333333333333333703, 0.3333333333333333703, 0.3333333333333333703, 0.3333333333333333703, 0.3333333333333333703, 0.3333333333333333703, 0.3333333333333333703, 0.3333333333333333703),
 ( 1.000000000000000000, 1.000000000000000000, 1.000000000000000000, 1.000000000000000000, 1.000000000000000000, 1.000000000000000000, 1.000000000000000000, 1.000000000000000000, 1.000000000000000000, 1.000000000000000000, 1.000000000000000000, 1.000000000000000000),
 ( 0.3333333333333333703, 0.3333333333333333703, 0.3333333333333333703, 0.3333333333333333703, 0.3333333333333333703, 0.3333333333333333703, 0.3333333333333333703, 0.3333333333333333703, 0.3333333333333333703, 0.3333333333333333703, 0.3333333333333333703, 0.3333333333333333703),
 ( 0.3333333333333333703, 0.3333333333333333703, 0.3333333333333333703, 0.3333333333333333703, 0.3333333333333333703, 0.3333333333333333703, 0.3333333333333333703, 0.3333333333333333703, 0.3333333333333333703, 0.3333333333333333703, 0.3333333333333333703, 0.3333333333333333703),
 ( 1.000000000000000000, 1.000000000000000000, 1.000000000000000000, 1.000000000000000000, 1.000000000000000000, 1.000000000000000000, 1.000000000000000000, 1.000000000000000000, 1.000000000000000000, 1.000000000000000000, 1.000000000000000000, 1.000000000000000000) ) ) 
 REPRESENTATION_ITEM ( '' )  SURFACE ( )  );
#8077 = CARTESIAN_POINT ( 'NONE',  ( 7.075130075757935622, 8.377266658801596932, 6.845915527605162865 ) ) ;
#8078 = DIRECTION ( 'NONE',  ( -0.000000000000000000, -1.000000000000000000, -0.000000000000000000 ) ) ;
#8079 = DIRECTION ( 'NONE',  ( -0.2124606260634139265, 0.000000000000000000, 0.9771696282492319252 ) ) ;
#8080 = DIRECTION ( 'NONE',  ( -0.9771696282492315921, 0.000000000000000000, -0.2124606260634161192 ) ) ;
#8081 = CARTESIAN_POINT ( 'NONE',  ( -6.816226223554679109, 10.81999999999999851, -7.221077486727694783 ) ) ;
#8082 = ORIENTED_EDGE ( 'NONE', *, *, #3409, .T. ) ;
#8083 = ORIENTED_EDGE ( 'NONE', *, *, #2617, .T. ) ;
#8084 = CARTESIAN_POINT ( 'NONE',  ( -6.505213034913026604E-16, 6.800000000000000711, -4.995798655503515207 ) ) ;
#8085 = ORIENTED_EDGE ( 'NONE', *, *, #2274, .T. ) ;
#8086 = DIRECTION ( 'NONE',  ( 0.6864276156651136773, 0.000000000000000000, -0.7271981356221334236 ) ) ;
#8087 = AXIS2_PLACEMENT_3D ( 'NONE', #6193, #6149, #6691 ) ;
#8088 = CARTESIAN_POINT ( 'NONE',  ( -5.345583181541752715, 7.185599559563311090, 18.25808153424206992 ) ) ;
#8089 = CARTESIAN_POINT ( 'NONE',  ( -4.334073083263857207, 6.000000000000000000, 17.85303743946238697 ) ) ;
#8090 = CARTESIAN_POINT ( 'NONE',  ( -7.232831945748592339, 8.599999999999999645, 6.808781967098552990 ) ) ;
#8091 = DIRECTION ( 'NONE',  ( -1.000000000000000000, 0.000000000000000000, 0.000000000000000000 ) ) ;
#8092 = AXIS2_PLACEMENT_3D ( 'NONE', #1022, #2964, #5465 ) ;
#8093 = CARTESIAN_POINT ( 'NONE',  ( 7.417223099929509011, 10.04945879752410853, 6.391401240084828572 ) ) ;
#8094 = EDGE_CURVE ( 'NONE', #1640, #2615, #7105, .T. ) ;
#8095 = EDGE_CURVE ( 'NONE', #6834, #7420, #6142, .T. ) ;
#8096 = DIRECTION ( 'NONE',  ( -0.2588190451025149663, 0.000000000000000000, 0.9659258262890698665 ) ) ;
#8097 = CARTESIAN_POINT ( 'NONE',  ( 7.356213567665859543, 6.000000000000000000, 18.71175123720184530 ) ) ;
#8098 = VERTEX_POINT ( 'NONE', #7263 ) ;
#8099 = DIRECTION ( 'NONE',  ( 0.000000000000000000, 0.000000000000000000, 1.000000000000000000 ) ) ;
#8100 = CIRCLE ( 'NONE', #7577, 22.64579865550351201 ) ;
#8101 = CYLINDRICAL_SURFACE ( 'NONE', #7561, 9.950000000000001066 ) ;
#8102 = CARTESIAN_POINT ( 'NONE',  ( 7.494340549902354098, 6.800000000000001599, 19.14446413051637919 ) ) ;
#8103 = CARTESIAN_POINT ( 'NONE',  ( -7.075130075753221170, 8.377266658801596932, 6.845915527610038076 ) ) ;
#8104 = AXIS2_PLACEMENT_3D ( 'NONE', #4386, #7651, #3329 ) ;
#8105 = EDGE_CURVE ( 'NONE', #4373, #5610, #7202, .T. ) ;
#8106 = CARTESIAN_POINT ( 'NONE',  ( 4.728641350681404454, -27.84586504312624911, -8.635043484350610754 ) ) ;
#8107 = VERTEX_POINT ( 'NONE', #4706 ) ;
#8108 = VERTEX_POINT ( 'NONE', #1736 ) ;
#8109 = CARTESIAN_POINT ( 'NONE',  ( -9.765298781629640601, 10.80257653617115388, 1.854441082929332740 ) ) ;
#8110 = CARTESIAN_POINT ( 'NONE',  ( -1.270000000000081730, 10.79999999999999893, 9.762741674345370768 ) ) ;
#8111 = DIRECTION ( 'NONE',  ( 0.000000000000000000, -1.000000000000000000, 0.000000000000000000 ) ) ;
#8112 = VERTEX_POINT ( 'NONE', #7958 ) ;
#8113 = AXIS2_PLACEMENT_3D ( 'NONE', #3855, #676, #2011 ) ;
#8114 = CARTESIAN_POINT ( 'NONE',  ( 0.000000000000000000, 7.779999999999999361, -12.06000000000000050 ) ) ;
#8115 = CARTESIAN_POINT ( 'NONE',  ( -4.573393997588109272, 6.999999999999999112, 20.40476996571856461 ) ) ;
#8116 = CARTESIAN_POINT ( 'NONE',  ( 6.510740697892923201, 6.990223359435011830, 20.42845436137878679 ) ) ;
#8117 = CARTESIAN_POINT ( 'NONE',  ( -4.063666062726893458, 6.998726665505176747, 19.43280967026861816 ) ) ;
#8118 = AXIS2_PLACEMENT_3D ( 'NONE', #6541, #3461, #320 ) ;
#8119 = CARTESIAN_POINT ( 'NONE',  ( 6.584442707942030459, 6.059828345623921919, 20.93607969640044431 ) ) ;
#8120 = ORIENTED_EDGE ( 'NONE', *, *, #6538, .F. ) ;
#8121 = CARTESIAN_POINT ( 'NONE',  ( 1.250000000000082379, 14.46956620078466216, 9.848451654955704626 ) ) ;
#8122 = ORIENTED_EDGE ( 'NONE', *, *, #6640, .T. ) ;
#8123 = EDGE_LOOP ( 'NONE', ( #3355, #7419, #4211, #150 ) ) ;
#8124 = CARTESIAN_POINT ( 'NONE',  ( 2.584705882352904993, 0.000000000000000000, 16.70117647058824062 ) ) ;
#8125 = EDGE_LOOP ( 'NONE', ( #4811 ) ) ;
#8126 = AXIS2_PLACEMENT_3D ( 'NONE', #4840, #5380, #7272 ) ;
#8127 = CARTESIAN_POINT ( 'NONE',  ( 0.000000000000000000, 10.79999999999999716, 0.000000000000000000 ) ) ;
#8128 = CARTESIAN_POINT ( 'NONE',  ( -5.788659439945829988, 6.049999999999999822, 21.62796828804830795 ) ) ;
#8129 = CARTESIAN_POINT ( 'NONE',  ( -5.088249073553991586, 6.000000000000000000, 17.31754147789844467 ) ) ;
#8130 = AXIS2_PLACEMENT_3D ( 'NONE', #6631, #5931, #6012 ) ;
#8131 = CARTESIAN_POINT ( 'NONE',  ( -7.497947109794030673, 7.388977180670325495, 6.501452261426528878 ) ) ;
#8132 = FACE_OUTER_BOUND ( 'NONE', #2430, .T. ) ;
#8133 = CARTESIAN_POINT ( 'NONE',  ( 6.913252120180590765, 10.20553402315979064, 6.995210245550130601 ) ) ;
#8134 = ORIENTED_EDGE ( 'NONE', *, *, #485, .F. ) ;
#8135 = CARTESIAN_POINT ( 'NONE',  ( -7.136275710937418637, 8.377266658801596932, 6.782152606472712009 ) ) ;
#8136 = CARTESIAN_POINT ( 'NONE',  ( 7.510585361867728516, 6.000000000000000000, 19.23479154468748220 ) ) ;
#8137 = VERTEX_POINT ( 'NONE', #4163 ) ;
#8138 = CARTESIAN_POINT ( 'NONE',  ( -7.296461594641797888, 6.799999999999998934, 20.21565707353536467 ) ) ;
#8139 = DIRECTION ( 'NONE',  ( 0.000000000000000000, 0.000000000000000000, -1.000000000000000000 ) ) ;
#8140 = EDGE_CURVE ( 'NONE', #6592, #7181, #4293, .T. ) ;
#8141 = CARTESIAN_POINT ( 'NONE',  ( 3.775026457987435968, 6.800000000000000711, 19.88328189460287376 ) ) ;
#8142 = CARTESIAN_POINT ( 'NONE',  ( -6.108085976712832377, 7.230042498319219746, 20.25861855426792602 ) ) ;
#8143 = AXIS2_PLACEMENT_3D ( 'NONE', #3704, #6880, #6187 ) ;
#8144 = CARTESIAN_POINT ( 'NONE',  ( -6.513409169525044007, 6.986304582870061175, 20.43607590247943762 ) ) ;
#8145 = CARTESIAN_POINT ( 'NONE',  ( 4.770912832379512025, 0.000000000000000000, -8.731602988331326642 ) ) ;
#8146 = ORIENTED_EDGE ( 'NONE', *, *, #7492, .F. ) ;
#8147 = ORIENTED_EDGE ( 'NONE', *, *, #4430, .T. ) ;
#8148 = LINE ( 'NONE', #2355, #4940 ) ;
#8149 = EDGE_CURVE ( 'NONE', #4903, #3750, #5528, .T. ) ;
#8150 = EDGE_CURVE ( 'NONE', #4460, #4645, #386, .T. ) ;
#8151 = DIRECTION ( 'NONE',  ( 0.000000000000000000, 1.000000000000000000, 0.000000000000000000 ) ) ;
#8152 = CARTESIAN_POINT ( 'NONE',  ( 6.737615904470705352, 11.80000000000013749, -7.178339590884076138 ) ) ;
#8153 = AXIS2_PLACEMENT_3D ( 'NONE', #1294, #6898, #2044 ) ;
#8154 = VERTEX_POINT ( 'NONE', #7302 ) ;
ENDSEC;
END-ISO-10303-21;
